State_Name,Year,Assembly_No,Constituency_No,Constituency_Name,Constituency_Type,Candidate,Party,Votes,Position,Vote_Share_Percentage,Last_Position,Last_Candidate,Position_Change,Vote_Share_Change_pct
Sikkim,2019,9,1,YOKSAM-TASHIDING,BL,SANGAY LEPCHA,SKM,5686,1,48.52,2,THUTOP BHUTIA,1,22.72
Sikkim,2019,9,1,YOKSAM-TASHIDING,BL,DICHEN WANGCHUK BHUTIA,SDF,5607,2,47.84,1,SONAM DADUL BHUTIA,-1,-20.49
Sikkim,2019,9,1,YOKSAM-TASHIDING,BL,PHURKIT LEPCHA,HMSKP,158,3,1.35,,,,1.35
Sikkim,2019,9,1,YOKSAM-TASHIDING,BL,PEMA RINZING BHUTIA,INC,137,4,1.17,3,PEMA RINZING BHUTIA,-1,-2.49
Sikkim,2019,9,1,YOKSAM-TASHIDING,BL,NOTA,NOTA,132,5,1.13,4,None of the Above,-1,-1.08
Sikkim,2019,9,2,YANGTHANG,GEN,BHIM HANG LIMBOO,SKM,5184,1,48.47,2,KHARKA BDR. SUBBA,1,10.08
Sikkim,2019,9,2,YANGTHANG,GEN,DAL BDR. SUBBA,SDF,5137,2,48.03,1,CHANDRA MAYA LIMBOO (SUBBA),-1,-7.97
Sikkim,2019,9,2,YANGTHANG,GEN,DHAN SINGH LIMBOO,HMSKP,115,3,1.08,,,,1.08
Sikkim,2019,9,2,YANGTHANG,GEN,BINAY LIMBOO (TSONG),SKPP,93,4,0.87,,,,0.87
Sikkim,2019,9,2,YANGTHANG,GEN,MANGAL SUBBA (LIMBOO),INC,93,5,0.87,3,LALL MAN SUBBA,-2,-1.53
Sikkim,2019,9,2,YANGTHANG,GEN,NOTA,NOTA,74,6,0.69,4,None of the Above,-2,-1.02
Sikkim,2019,9,3,MANEYBUNG-DENTAM,GEN,NARENDRA KUMAR SUBBA,SDF,7134,1,55.15,1,NARENDRA KUMAR SUBBA,0,-17.28
Sikkim,2019,9,3,MANEYBUNG-DENTAM,GEN,PURNA HANG SUBBA,SKM,5630,2,43.52,2,BIRBAL TAMLING,0,19.94
Sikkim,2019,9,3,MANEYBUNG-DENTAM,GEN,NOTA,NOTA,172,3,1.33,3,None of the Above,0,-0.13
Sikkim,2019,9,4,GYALSHING-BARNYAK,GEN,LOK NATH SHARMA,SKM,5862,1,57.06,2,LOK NATH SHARMA,1,13.38
Sikkim,2019,9,4,GYALSHING-BARNYAK,GEN,LAXUMAN SHARMA,SDF,4048,2,39.4,1,SHER BAHADUR SUBEDI,-1,-11.46
Sikkim,2019,9,4,GYALSHING-BARNYAK,GEN,BHANU BHAKTA DAHAL,BJP,217,3,2.11,4,MANDHOJ THAPA,1,0.59
Sikkim,2019,9,4,GYALSHING-BARNYAK,GEN,NOTA,NOTA,73,4,0.71,3,None of the Above,-1,-0.95
Sikkim,2019,9,4,GYALSHING-BARNYAK,GEN,SUKUHANG SUBBA,HMSKP,73,5,0.71,,,,0.71
Sikkim,2019,9,5,RINCHENPONG,BL,KARMA SONAM LEPCHA,SDF,6582,1,52.24,1,KARMA SONAM LEPCHA,0,-16.13
Sikkim,2019,9,5,RINCHENPONG,BL,PHURBA TSH. BHUTIA,SKM,5513,2,43.76,2,PEMA KINZANG BHUTIA,0,16.86
Sikkim,2019,9,5,RINCHENPONG,BL,SANCHO LEPCHA,BJP,303,3,2.4,3,LATEN TSHERING SHERPA,0,0.67
Sikkim,2019,9,5,RINCHENPONG,BL,NOTA,NOTA,109,4,0.87,5,None of the Above,1,-0.03
Sikkim,2019,9,5,RINCHENPONG,BL,PHURCHUNG LEPCHA,INC,92,5,0.73,4,KARSANG SHERPA,-1,-0.5
Sikkim,2019,9,6,DARAMDIN,BL,MINGMA NORBU SHERPA,SKM,6219,1,49.08,2,MINGMA NORBU SHERPA,1,8.28
Sikkim,2019,9,6,DARAMDIN,BL,PEM NORBU SHERPA,SDF,5883,2,46.43,1,DANORBU SHERPA,-1,-8.46
Sikkim,2019,9,6,DARAMDIN,BL,ROZER TASHO LEPCHA,BJP,317,3,2.5,,,,2.5
Sikkim,2019,9,6,DARAMDIN,BL,PASSANG GYALCHEN SHERPA,INC,102,4,0.8,3,LADEN LEPCHA,-1,-1.89
Sikkim,2019,9,6,DARAMDIN,BL,NOTA,NOTA,78,5,0.62,4,None of the Above,-1,-1
Sikkim,2019,9,6,DARAMDIN,BL,DATEMPA SHERPA,SRMP,43,6,0.34,,,,0.34
Sikkim,2019,9,6,DARAMDIN,BL,SONAM GYATSO SHERPA,HMSKP,30,7,0.24,,,,0.24
Sikkim,2019,9,7,SOREONG-CHAKUNG,GEN,ADITYA GOLAY (TAMANG),SKM,6580,1,50.08,2,BHARATI SHARMA,1,10.88
Sikkim,2019,9,7,SOREONG-CHAKUNG,GEN,SANCHA RAJ SUBBA,SDF,6372,2,48.49,1,RAM BAHADUR LIMBOO (SUBBA),-1,-6.91
Sikkim,2019,9,7,SOREONG-CHAKUNG,GEN,NOTA,NOTA,188,3,1.43,3,None of the Above,0,-0.54
Sikkim,2019,9,8,SALGHARI-ZOO,SC,SUNITA GAJMER,SKM,4400,1,49.27,2,BHANU PRATAP RASAILY,1,6.29
Sikkim,2019,9,8,SALGHARI-ZOO,SC,DHAN KUMARI KAMI,SDF,4307,2,48.23,1,ARJUN KUMAR GHATANI,-1,-4.4
Sikkim,2019,9,8,SALGHARI-ZOO,SC,GANGA MAYA CINTURY,INC,119,3,1.33,5,KHARKA BAHADUR THATAL,2,0.54
Sikkim,2019,9,8,SALGHARI-ZOO,SC,NOTA,NOTA,71,4,0.79,4,None of the Above,0,-0.81
Sikkim,2019,9,8,SALGHARI-ZOO,SC,PAHAL MAN KAMI,HMSKP,34,5,0.38,,,,0.38
Sikkim,2019,9,9,BARFUNG,BL,TASHI THENDUP BHUTIA,SDF,5936,1,49.13,1,DORJEE DAZOM BHUTIA,0,-14.66
Sikkim,2019,9,9,BARFUNG,BL,LOBZANG BHUTIA,SKM,5839,2,48.32,2,PEMA WANGYAL BHUTIA,0,15.08
Sikkim,2019,9,9,BARFUNG,BL,MINGMA TSHRING SHERPA,SKPP,169,3,1.4,,,,1.4
Sikkim,2019,9,9,BARFUNG,BL,NOTA,NOTA,139,4,1.15,3,None of the Above,-1,-0.74
Sikkim,2019,9,10,POKLOK-KAMRANG,GEN,PAWAN CHAMLING,SDF,7731,1,59.09,1,KEDAR NATH RAI,0,-9.76
Sikkim,2019,9,10,POKLOK-KAMRANG,GEN,KHARKA BAHADUR RAI,SKM,4832,2,36.93,2,BHOJ RAJ RAI,0,8.3
Sikkim,2019,9,10,POKLOK-KAMRANG,GEN,YADHU KUMAR RAI,SRPP,197,3,1.51,,,,1.51
Sikkim,2019,9,10,POKLOK-KAMRANG,GEN,ISHWAR PRASAD RAI,INC,125,4,0.96,4,ISHWAR PRASAD RAI,0,-0.03
Sikkim,2019,9,10,POKLOK-KAMRANG,GEN,NOTA,NOTA,108,5,0.83,3,None of the Above,-2,-0.7
Sikkim,2019,9,10,POKLOK-KAMRANG,GEN,BIRKHA BAHADUR RAI,HMSKP,90,6,0.69,,,,0.69
Sikkim,2019,9,11,NAMCHI-SINGHITHANG,GEN,PAWAN CHAMLING,SDF,5054,1,50.31,1,PAWAN CHAMLING,0,-4.77
Sikkim,2019,9,11,NAMCHI-SINGHITHANG,GEN,GANESH RAI,SKM,4677,2,46.56,2,MILAN RAI,0,3.99
Sikkim,2019,9,11,NAMCHI-SINGHITHANG,GEN,KAMALA RAI,INC,87,3,0.87,4,KHUSH BDR. RAI,1,-0.19
Sikkim,2019,9,11,NAMCHI-SINGHITHANG,GEN,KHARGA BAHADUR RAI,SRPP,83,4,0.83,,,,0.83
Sikkim,2019,9,11,NAMCHI-SINGHITHANG,GEN,NOTA,NOTA,75,5,0.75,3,None of the Above,-2,-0.54
Sikkim,2019,9,11,NAMCHI-SINGHITHANG,GEN,HUKUM CHANDRA RAI,HMSKP,70,6,0.7,,,,0.7
Sikkim,2019,9,12,MELLI,GEN,FARWANTI TAMANG,SDF,6354,1,50.25,1,TULSHI DEVI RAI,0,-17.07
Sikkim,2019,9,12,MELLI,GEN,TILAK BASNET,SKM,5489,2,43.41,2,PREM BAHADUR KARKI,0,13.46
Sikkim,2019,9,12,MELLI,GEN,BHOLA CHAWHAN,BJP,382,3,3.02,,,,3.02
Sikkim,2019,9,12,MELLI,GEN,NOTA,NOTA,166,4,1.31,3,None of the Above,-1,-0.26
Sikkim,2019,9,12,MELLI,GEN,HARI BASNETT,INC,121,5,0.96,4,MAN BAHADUR RAI,-1,-0.2
Sikkim,2019,9,12,MELLI,GEN,BAL BIR TAMANG,SKPP,70,6,0.55,,,,0.55
Sikkim,2019,9,12,MELLI,GEN,LALL BAHADUR CHETTRI,HMSKP,63,7,0.5,,,,0.5
Sikkim,2019,9,13,NAMTHANG-RATEYPANI,GEN,SANJEET KHAREL,SKM,6848,1,53.59,2,PREM SINGH TAMANG,1,10.21
Sikkim,2019,9,13,NAMTHANG-RATEYPANI,GEN,BIRJAN TAMANG,SDF,5543,2,43.38,1,TILU GURUNG,-1,-10.46
Sikkim,2019,9,13,NAMTHANG-RATEYPANI,GEN,SANCHA MAN CHETTRI,INC,128,3,1,4,DIK MAYA BASNET,1,0.03
Sikkim,2019,9,13,NAMTHANG-RATEYPANI,GEN,NOTA,NOTA,89,4,0.7,3,None of the Above,-1,-0.29
Sikkim,2019,9,13,NAMTHANG-RATEYPANI,GEN,GANGA RAM SHARMA,SKPP,83,5,0.65,,,,0.65
Sikkim,2019,9,13,NAMTHANG-RATEYPANI,GEN,MADAN TAMANG,HMSKP,47,6,0.37,,,,0.37
Sikkim,2019,9,13,NAMTHANG-RATEYPANI,GEN,USHA GURUNG,JMBP,41,7,0.32,,,,0.32
Sikkim,2019,9,14,TEMI-NAMPHING,GEN,BEDU SINGH PANTH,SKM,6084,1,51.7,2,LALIT SHARMA,1,9.92
Sikkim,2019,9,14,TEMI-NAMPHING,GEN,GARJAMAN GURUNG,SDF,5314,2,45.16,1,GARJAMAN GURUNG,-1,-10.22
Sikkim,2019,9,14,TEMI-NAMPHING,GEN,DEEPAK KUMAR BHANDARI,INC,146,3,1.24,4,DEEPAK BHANDARI,1,0.16
Sikkim,2019,9,14,TEMI-NAMPHING,GEN,DURGA BAHADUR CHHETRI,HMSKP,142,4,1.21,,,,1.21
Sikkim,2019,9,14,TEMI-NAMPHING,GEN,NOTA,NOTA,82,5,0.7,3,None of the Above,-2,-1.06
Sikkim,2019,9,15,RANGANG-YANGANG,GEN,RAJ KUMARI THAPA,SDF,6146,1,53.47,1,PAWAN CHAMLING,0,-10.37
Sikkim,2019,9,15,RANGANG-YANGANG,GEN,RAJ KUMAR BASNET,SKM,4621,2,40.2,2,BIKASH BASNET,0,7.98
Sikkim,2019,9,15,RANGANG-YANGANG,GEN,RUP NARAYAN CHAMLING,SRMP,443,3,3.85,,,,3.85
Sikkim,2019,9,15,RANGANG-YANGANG,GEN,TANKA NATH ADHIKARI,INC,105,4,0.91,3,OM PRAKASH BISTA,-1,-1.16
Sikkim,2019,9,15,RANGANG-YANGANG,GEN,NOTA,NOTA,70,5,0.61,4,None of the Above,-1,-1.26
Sikkim,2019,9,15,RANGANG-YANGANG,GEN,KAMALA RAI,HMSKP,69,6,0.6,,,,0.6
Sikkim,2019,9,15,RANGANG-YANGANG,GEN,MOHAN GURUNG,SRPP,41,7,0.36,,,,0.36
Sikkim,2019,9,16,TUMEN-LINGI,BL,UGEN T. GYATSO BHUTIA,SDF,6615,1,49.89,1,UGEN T. GYATSO BHUTIA,0,-12.37
Sikkim,2019,9,16,TUMEN-LINGI,BL,SAMDUP TSHERING BHUTIA,SKM,6295,2,47.47,2,NIDUP TSHERING LEPCHA,0,12.85
Sikkim,2019,9,16,TUMEN-LINGI,BL,BHAICHUNG BHUTIA,HMSKP,234,3,1.76,,,,1.76
Sikkim,2019,9,16,TUMEN-LINGI,BL,NOTA,NOTA,116,4,0.87,4,None of the Above,0,-0.04
Sikkim,2019,9,17,KHAMDONG-SINGTAM,GEN,MANI KUMAR SHARMA,SKM,5347,1,50.39,2,MANI KUMAR SHARMA,1,4.08
Sikkim,2019,9,17,KHAMDONG-SINGTAM,GEN,GARJAMAN GURUNG,SDF,4474,2,42.16,1,SOM NATH POUDYAL,-1,-6.97
Sikkim,2019,9,17,KHAMDONG-SINGTAM,GEN,SHER BAHADUR KARKI,BJP,558,3,5.26,3,MADAN KUMAR SHARMA,0,3.27
Sikkim,2019,9,17,KHAMDONG-SINGTAM,GEN,TULA RAM GURAGAI,INC,72,4,0.68,5,PUNYA PRASAD KOIRALA,1,-0.23
Sikkim,2019,9,17,KHAMDONG-SINGTAM,GEN,NEERAJ ADHIKARI,HMSKP,67,5,0.63,,,,0.63
Sikkim,2019,9,17,KHAMDONG-SINGTAM,GEN,NOTA,NOTA,62,6,0.58,4,None of the Above,-2,-1.09
Sikkim,2019,9,18,WEST PENDA,SC,L .B DAS,SKM,5799,1,49.64,1,GOPAL BARAILY,0,-2.81
Sikkim,2019,9,18,WEST PENDA,SC,GOPAL BARAILY,SDF,4901,2,41.95,2,K. K. THATAL,0,-1.54
Sikkim,2019,9,18,WEST PENDA,SC,BIRENDRA POURALI,BJP,597,3,5.11,3,AMAR LOHAR,0,3.58
Sikkim,2019,9,18,WEST PENDA,SC,BINOD DARJEE,INC,101,4,0.86,5,RANJEET GAZMER,1,0.14
Sikkim,2019,9,18,WEST PENDA,SC,NOTA,NOTA,83,5,0.71,4,None of the Above,-1,-0.39
Sikkim,2019,9,18,WEST PENDA,SC,INDRA KR SUJI,HMSKP,60,7,0.51,,,,0.51
Sikkim,2019,9,18,WEST PENDA,SC,SONAM DARJEE,SKPP,31,9,0.27,,,,0.27
Sikkim,2019,9,19,RHENOCK,GEN,BISHNU KUMAR SHARMA,SKM,8039,1,56.44,1,HEMENDRA ADHIKARI,0,6.39
Sikkim,2019,9,19,RHENOCK,GEN,HEMENDRA ADHIKARI,SDF,4953,2,34.77,2,BHIM PRASAD DHUNGEL,0,-7.83
Sikkim,2019,9,19,RHENOCK,GEN,BHARAT KUMAR SHARMA,BJP,649,3,4.56,,,,4.56
Sikkim,2019,9,19,RHENOCK,GEN,DEO KR PRADHAN,INC,192,4,1.35,5,PADAM BDR. CHETTRI,1,0.27
Sikkim,2019,9,19,RHENOCK,GEN,NOTA,NOTA,142,5,1,4,None of the Above,-1,-0.08
Sikkim,2019,9,19,RHENOCK,GEN,CHAKRAPANI SHARMA,SKPP,122,6,0.86,,,,0.86
Sikkim,2019,9,19,RHENOCK,GEN,BIRAJ ADHIKARI,HMSKP,85,7,0.6,,,,0.6
Sikkim,2019,9,19,RHENOCK,GEN,RAMESH SHARMA,SUTF,62,8,0.44,,,,0.44
Sikkim,2019,9,20,CHUJACHEN,GEN,KRISHNA BAHADUR RAI,SDF,7266,1,51.12,1,BIKRAM PRADHAN,0,-9.86
Sikkim,2019,9,20,CHUJACHEN,GEN,DAMBER KUMAR PRADHAN,SKM,5939,2,41.79,2,KHARGA BAHADUR GURUNG,0,7.35
Sikkim,2019,9,20,CHUJACHEN,GEN,MOHAN GURUNG,BJP,514,3,3.62,3,GAJENDRA RIZAL,0,1.69
Sikkim,2019,9,20,CHUJACHEN,GEN,GOPAL CHETTRI,INC,177,4,1.25,5,RUDRA NARSING SAKYA,1,-0.01
Sikkim,2019,9,20,CHUJACHEN,GEN,ANIL KR RAI,SKPP,107,5,0.75,,,,0.75
Sikkim,2019,9,20,CHUJACHEN,GEN,NOTA,NOTA,97,6,0.68,4,None of the Above,-2,-0.71
Sikkim,2019,9,20,CHUJACHEN,GEN,RUDRA KHATIWARA,HMSKP,57,7,0.4,,,,0.4
Sikkim,2019,9,21,GNATHANG-MACHONG,BL,DORJEE TSHERING LEPCHA,SDF,6380,1,62.97,1,DORJEE TSH. LEPCHA,0,4.76
Sikkim,2019,9,21,GNATHANG-MACHONG,BL,TSHERING BHUTIA,SKM,3460,2,34.15,2,SONAM DORJEE,0,-1.83
Sikkim,2019,9,21,GNATHANG-MACHONG,BL,DORJEE ONGDEN BHUTIA,INC,127,3,1.25,4,DORJEE ONGDEN BHUTIA,1,0.01
Sikkim,2019,9,21,GNATHANG-MACHONG,BL,NOTA,NOTA,86,4,0.85,5,None of the Above,1,0.05
Sikkim,2019,9,21,GNATHANG-MACHONG,BL,SANGAY CHOPEL BHUTIA,HMSKP,79,5,0.78,,,,0.78
Sikkim,2019,9,22,NAMCHEYBUNG,GEN,EM PRASAD SHARMA,SDF,6141,1,49.52,1,BEK BAHADUR RAI,0,-1.2
Sikkim,2019,9,22,NAMCHEYBUNG,GEN,DENIS RAI,SKM,5170,2,41.69,2,DILIP RAI,0,-3.38
Sikkim,2019,9,22,NAMCHEYBUNG,GEN,DEVI BASNETT,BJP,574,3,4.63,3,TASHI RAI,0,3.11
Sikkim,2019,9,22,NAMCHEYBUNG,GEN,KHARGA BAHADUR RAI,SKPP,162,4,1.31,,,,1.31
Sikkim,2019,9,22,NAMCHEYBUNG,GEN,PHIPRA HANG SUBBA,SRMP,161,5,1.3,,,,1.3
Sikkim,2019,9,22,NAMCHEYBUNG,GEN,ANUSH RAI,HMSKP,102,6,0.82,,,,0.82
Sikkim,2019,9,22,NAMCHEYBUNG,GEN,NOTA,NOTA,90,7,0.73,4,None of the Above,-3,-0.7
Sikkim,2019,9,23,SHYARI,BL,KUNGA NIMA LEPCHA,SKM,6638,1,54.31,1,KUNGA NIMA LEPCHA,0,2.08
Sikkim,2019,9,23,SHYARI,BL,KARMA WANGDI BHUTIA,SDF,5282,2,43.22,2,KARMA TEMPO NAMGYAL GYALTSEN,0,-1.79
Sikkim,2019,9,23,SHYARI,BL,CHEWANG DORJEE BHUTIA,INC,170,3,1.39,3,SAMDUP DORJEE LAMA,0,0
Sikkim,2019,9,23,SHYARI,BL,NOTA,NOTA,132,4,1.08,4,None of the Above,0,-0.29
Sikkim,2019,9,24,MARTAM-RUMTEK,BL,DORJEE TSHERING LEPCHA,SDF,6244,1,45.4,2,MENLOM LEPCHA,1,-0.86
Sikkim,2019,9,24,MARTAM-RUMTEK,BL,SONAM TSHERING VENCHUNGPA,SKM,6171,2,44.87,1,MECHUNG BHUTIA,-1,-5.37
Sikkim,2019,9,24,MARTAM-RUMTEK,BL,JIGDAL CHEWANG BHUTIA,BJP,804,3,5.85,,,,5.85
Sikkim,2019,9,24,MARTAM-RUMTEK,BL,Nima Lepcha,HMSKP,183,4,1.33,,,,1.33
Sikkim,2019,9,24,MARTAM-RUMTEK,BL,NOTA,NOTA,118,6,0.86,3,None of the Above,-3,-1.12
Sikkim,2019,9,24,MARTAM-RUMTEK,BL,SONAM TSHERING BHUTIA,INC,112,7,0.81,4,SONAM TSHERING BHUTIA,-3,-0.71
Sikkim,2019,9,25,UPPER TADONG,GEN,GAY TSHERING DHUNGEL,SDF,3844,1,51.01,2,BHASKER BASNETT,1,4.18
Sikkim,2019,9,25,UPPER TADONG,GEN,ANAND LAMA,SKM,3428,2,45.49,1,TIMOTHY WILLIAM BASNETT,-1,-3.12
Sikkim,2019,9,25,UPPER TADONG,GEN,Dr. Bina Basnett,HMSKP,123,3,1.63,,,,1.63
Sikkim,2019,9,25,UPPER TADONG,GEN,ANITA GURUNG,INC,69,4,0.92,5,TARA KUMAR PRADHAN,1,-0.23
Sikkim,2019,9,25,UPPER TADONG,GEN,NOTA,NOTA,56,5,0.74,4,None of the Above,-1,-0.41
Sikkim,2019,9,25,UPPER TADONG,GEN,PUNAM BHANDARI,SKPP,16,6,0.21,,,,0.21
Sikkim,2019,9,26,ARITHANG,GEN,ARUN KUMAR UPRETI,SKM,3150,1,40.02,1,SHYAM PRADHAN,0,-17.9
Sikkim,2019,9,26,ARITHANG,GEN,SHYAM PRADHAN,SDF,1545,3,19.63,2,UDAI LAMA,-1,-15.19
Sikkim,2019,9,26,ARITHANG,GEN,DAL BAHADUR CHETTRI,BJP,393,4,4.99,,,,4.99
Sikkim,2019,9,26,ARITHANG,GEN,NOTA,NOTA,66,5,0.84,6,None of the Above,1,-0.18
Sikkim,2019,9,26,ARITHANG,GEN,SUMITRA RAI,INC,42,6,0.53,4,GYALPO TAMANG,-2,-0.98
Sikkim,2019,9,27,GANGTOK,BL,KUNGA NIMA LEPCHA,SKM,3838,1,51.68,1,PINTSO CHOPEL,0,-9.6
Sikkim,2019,9,27,GANGTOK,BL,PINTSO CHOPEL,SDF,2950,2,39.72,2,HISHEY LACHUNGPA,0,5.98
Sikkim,2019,9,27,GANGTOK,BL,YONG TSHERING LEPCHA,BJP,392,3,5.28,3,NORDEN GYALPO DORJI,0,2.79
Sikkim,2019,9,27,GANGTOK,BL,BHAICHUNG BHUTIA,HMSKP,70,5,0.94,,,,0.94
Sikkim,2019,9,27,GANGTOK,BL,NOTA,NOTA,38,7,0.51,5,None of the Above,-2,-0.39
Sikkim,2019,9,28,UPPER BURTUK,GEN,DILLI RAM THAPA,SDF,6107,1,51.77,2,D. R. THAPA,1,6.56
Sikkim,2019,9,28,UPPER BURTUK,GEN,NAGENDRA BIKRAM GURUNG,SKM,5350,2,45.35,1,PREM SINGH TAMANG,-1,-5.38
Sikkim,2019,9,28,UPPER BURTUK,GEN,AITA TAMANG,INC,128,3,1.09,5,SANTA BIR GURUNG,2,-0.1
Sikkim,2019,9,28,UPPER BURTUK,GEN,NOTA,NOTA,93,4,0.79,4,None of the Above,0,-0.55
Sikkim,2019,9,28,UPPER BURTUK,GEN,DAL BAHADUR TAMANG,SKPP,59,5,0.5,,,,0.5
Sikkim,2019,9,28,UPPER BURTUK,GEN,Philip Lamichaney,HMSKP,59,6,0.5,,,,0.5
Sikkim,2019,9,29,KABI LUNGCHUK,BL,KARMA LODAY BHUTIA,SKM,5705,1,55.07,1,UGEN NEDUP BHUTIA,0,5.89
Sikkim,2019,9,29,KABI LUNGCHUK,BL,UGEN NEDUP BHUTIA,SDF,4268,2,41.2,2,THENLAY TSHERING BHUTIA,0,-6.64
Sikkim,2019,9,29,KABI LUNGCHUK,BL,GYURMIK YAUSEEL BHUTIA,INC,138,4,1.33,4,KARMA TASHI BHUTIA,0,-0.02
Sikkim,2019,9,29,KABI LUNGCHUK,BL,NOTA,NOTA,97,5,0.94,3,None of the Above,-2,-0.68
Sikkim,2019,9,30,DJONGU,BL,PINTSO NAMGYAL LEPCHA,SDF,5613,1,66.17,1,SONAM GYATSO LEPCHA,0,2.5
Sikkim,2019,9,30,DJONGU,BL,CHUNGKIPU LEPCHA,SKM,2612,2,30.79,2,DAWA TSHERING LEPCHA,0,-2.89
Sikkim,2019,9,30,DJONGU,BL,PENZONG LEPCHA,INC,119,3,1.4,3,PENZONG LEPCHA,0,-0.05
Sikkim,2019,9,30,DJONGU,BL,ATHUP LEPCHA,HMSKP,88,4,1.04,,,,1.04
Sikkim,2019,9,30,DJONGU,BL,NOTA,NOTA,51,5,0.6,4,None of the Above,-1,-0.6
Sikkim,2019,9,31,LACHEN MANGAN,BL,SAMDUP LEPCHA,SKM,3615,1,53.8,2,SAMDUP LEPCHA,1,9.88
Sikkim,2019,9,31,LACHEN MANGAN,BL,TSHERING WANGDI LEPCHA,SDF,3031,2,45.11,1,TSHERING WANGDI LEPCHA,-1,-8.32
Sikkim,2019,9,31,LACHEN MANGAN,BL,NOTA,NOTA,73,3,1.09,3,None of the Above,0,-0.26
Sikkim,2019,9,32,SANGHA,GEN,SONAM LAMA,SKM,1488,1,62.63,1,SONAM LAMA,0,12.77
Sikkim,2019,9,32,SANGHA,GEN,TSHERING LAMA,SDF,858,2,36.11,2,PALDEN LACHUNGPA,0,-8.07
Sikkim,2019,9,32,SANGHA,GEN,KARMA TASHI BHUTIA,INC,17,3,0.72,3,TSHERING LAMA,0,-4.19
Sikkim,2019,9,32,SANGHA,GEN,NOTA,NOTA,13,4,0.55,4,None of the Above,0,-0.5
Sikkim,2014,8,1,YOKSAM-TASHIDING,BL,SONAM DADUL BHUTIA,SDF,6777,1,68.33,1,DAWCHO LEPCHA,0,-3.42
Sikkim,2014,8,1,YOKSAM-TASHIDING,BL,THUTOP BHUTIA,SKM,2559,2,25.8,,,,25.8
Sikkim,2014,8,1,YOKSAM-TASHIDING,BL,PEMA RINZING BHUTIA,INC,363,3,3.66,2,ADEN TSHERING LEPCHA,-1,-16.57
Sikkim,2014,8,1,YOKSAM-TASHIDING,BL,None of the Above,NOTA,219,4,2.21,,,,2.21
Sikkim,2014,8,2,YANGTHANG,GEN,CHANDRA MAYA LIMBOO (SUBBA),SDF,5211,1,56,1,PREM LALL SUBBA,0,-17.19
Sikkim,2014,8,2,YANGTHANG,GEN,KHARKA BDR. SUBBA,SKM,3572,2,38.39,,,,38.39
Sikkim,2014,8,2,YANGTHANG,GEN,LALL MAN SUBBA,INC,223,3,2.4,2,DEPAN HANG LIMBU,-1,-17.2
Sikkim,2014,8,2,YANGTHANG,GEN,None of the Above,NOTA,159,4,1.71,,,,1.71
Sikkim,2014,8,2,YANGTHANG,GEN,ASHIS GURUNG,BJP,140,5,1.5,3,PADAM BAHADUR CHETTRI,-2,-1.27
Sikkim,2014,8,3,MANEYBUNG-DENTAM,GEN,NARENDRA KUMAR SUBBA,SDF,7737,1,72.43,1,CHANDRA MAYA SUBBA,0,0.44
Sikkim,2014,8,3,MANEYBUNG-DENTAM,GEN,BIRBAL TAMLING,SKM,2519,2,23.58,,,,23.58
Sikkim,2014,8,3,MANEYBUNG-DENTAM,GEN,None of the Above,NOTA,156,3,1.46,,,,1.46
Sikkim,2014,8,3,MANEYBUNG-DENTAM,GEN,KESHAR MAN GURUNG,BJP,140,4,1.31,3,DILIP KUMAR GURUNG,-1,-0.45
Sikkim,2014,8,3,MANEYBUNG-DENTAM,GEN,MAN MAYA LIMBU,INC,130,5,1.22,2,LAXUMAN GURUNG,-3,-20.65
Sikkim,2014,8,4,GYALSHING-BARNYAK,GEN,SHER BAHADUR SUBEDI,SDF,4529,1,50.86,1,MAN BAHADUR DAHAL,0,-17.27
Sikkim,2014,8,4,GYALSHING-BARNYAK,GEN,LOK NATH SHARMA,SKM,3890,2,43.68,,,,43.68
Sikkim,2014,8,4,GYALSHING-BARNYAK,GEN,None of the Above,NOTA,148,3,1.66,,,,1.66
Sikkim,2014,8,4,GYALSHING-BARNYAK,GEN,MANDHOJ THAPA,BJP,135,4,1.52,4,MAN DHOJ THAPA,0,-2.02
Sikkim,2014,8,4,GYALSHING-BARNYAK,GEN,DAL BAHADUR KARKI,INC,107,5,1.2,2,YOUA RAJ RAI,-3,-20.16
Sikkim,2014,8,4,GYALSHING-BARNYAK,GEN,HARI CHANDRA SHARMA,AITC,96,6,1.08,,,,1.08
Sikkim,2014,8,5,RINCHENPONG,BL,KARMA SONAM LEPCHA,SDF,7347,1,68.37,1,DAWA NORBU TAKARPA,0,-4.32
Sikkim,2014,8,5,RINCHENPONG,BL,PEMA KINZANG BHUTIA,SKM,2891,2,26.9,,,,26.9
Sikkim,2014,8,5,RINCHENPONG,BL,LATEN TSHERING SHERPA,BJP,186,3,1.73,,,,1.73
Sikkim,2014,8,5,RINCHENPONG,BL,KARSANG SHERPA,INC,132,4,1.23,2,PEMA KINZANG BHUTIA,-2,-22.99
Sikkim,2014,8,5,RINCHENPONG,BL,None of the Above,NOTA,97,5,0.9,,,,0.9
Sikkim,2014,8,5,RINCHENPONG,BL,PHUR TSHERING LEPCHA,AITC,93,6,0.87,,,,0.87
Sikkim,2014,8,6,DARAMDIN,BL,DANORBU SHERPA,SDF,6250,1,54.89,1,TENZI SHERPA,0,-14.08
Sikkim,2014,8,6,DARAMDIN,BL,MINGMA NORBU SHERPA,SKM,4646,2,40.8,,,,40.8
Sikkim,2014,8,6,DARAMDIN,BL,LADEN LEPCHA,INC,306,3,2.69,2,PEM NURI SHERPA,-1,-16.46
Sikkim,2014,8,6,DARAMDIN,BL,None of the Above,NOTA,185,4,1.62,,,,1.62
Sikkim,2014,8,7,SOREONG-CHAKUNG,GEN,RAM BAHADUR LIMBOO (SUBBA),SDF,6596,1,55.4,1,RAN BAHADUR SUBBA,0,-11.1
Sikkim,2014,8,7,SOREONG-CHAKUNG,GEN,BHARATI SHARMA,SKM,4667,2,39.2,,,,39.2
Sikkim,2014,8,7,SOREONG-CHAKUNG,GEN,None of the Above,NOTA,234,3,1.97,,,,1.97
Sikkim,2014,8,7,SOREONG-CHAKUNG,GEN,PUSHKER LIMBU,INC,212,4,1.78,2,NAR BAHADUR BHANDARI,-2,-22.56
Sikkim,2014,8,7,SOREONG-CHAKUNG,GEN,SHER BAHADUR KARKI,BJP,197,5,1.65,,,,1.65
Sikkim,2014,8,8,SALGHARI-ZOO,SC,ARJUN KUMAR GHATANI,SDF,4250,1,52.63,1,MADAN CINTURY,0,-12.51
Sikkim,2014,8,8,SALGHARI-ZOO,SC,BHANU PRATAP RASAILY,SKM,3471,2,42.98,,,,42.98
Sikkim,2014,8,8,SALGHARI-ZOO,SC,RANJIT KAMI,BJP,162,3,2.01,,,,2.01
Sikkim,2014,8,8,SALGHARI-ZOO,SC,None of the Above,NOTA,129,4,1.6,,,,1.6
Sikkim,2014,8,8,SALGHARI-ZOO,SC,KHARKA BAHADUR THATAL,INC,64,5,0.79,2,JANGA BIR DARNAL,-3,-30.61
Sikkim,2014,8,9,BARFUNG,BL,DORJEE DAZOM BHUTIA,SDF,6639,1,63.79,1,SONAM GYATSO BHUTIA,0,-6.56
Sikkim,2014,8,9,BARFUNG,BL,PEMA WANGYAL BHUTIA,SKM,3460,2,33.24,,,,33.24
Sikkim,2014,8,9,BARFUNG,BL,None of the Above,NOTA,197,3,1.89,,,,1.89
Sikkim,2014,8,9,BARFUNG,BL,DADUL LEPCHA,INC,112,4,1.08,2,LOBZANG BHUTIA,-2,-24.47
Sikkim,2014,8,10,POKLOK-KAMRANG,GEN,KEDAR NATH RAI,SDF,7996,1,68.85,1,PAWAN CHAMLING,0,-11.83
Sikkim,2014,8,10,POKLOK-KAMRANG,GEN,BHOJ RAJ RAI,SKM,3325,2,28.63,,,,28.63
Sikkim,2014,8,10,POKLOK-KAMRANG,GEN,None of the Above,NOTA,178,3,1.53,,,,1.53
Sikkim,2014,8,10,POKLOK-KAMRANG,GEN,ISHWAR PRASAD RAI,INC,115,4,0.99,2,PURNA KUMARI RAI,-2,-14.57
Sikkim,2014,8,11,NAMCHI-SINGHITHANG,GEN,PAWAN CHAMLING,SDF,4774,1,55.08,1,PAWAN CHAMLING,0,-25.89
Sikkim,2014,8,11,NAMCHI-SINGHITHANG,GEN,MILAN RAI,SKM,3690,2,42.57,,,,42.57
Sikkim,2014,8,11,NAMCHI-SINGHITHANG,GEN,None of the Above,NOTA,112,3,1.29,,,,1.29
Sikkim,2014,8,11,NAMCHI-SINGHITHANG,GEN,KHUSH BDR. RAI,INC,92,4,1.06,2,KHUSH BDR RAI,-2,-13.39
Sikkim,2014,8,12,MELLI,GEN,TULSHI DEVI RAI,SDF,7655,1,67.32,1,TULSHI DEVI RAI,0,-0.16
Sikkim,2014,8,12,MELLI,GEN,PREM BAHADUR KARKI,SKM,3406,2,29.95,,,,29.95
Sikkim,2014,8,12,MELLI,GEN,None of the Above,NOTA,178,3,1.57,,,,1.57
Sikkim,2014,8,12,MELLI,GEN,MAN BAHADUR RAI,INC,132,4,1.16,2,DIL KRI. CHHETRI,-2,-25.09
Sikkim,2014,8,13,NAMTHANG-RATEYPANI,GEN,TILU GURUNG,SDF,5947,1,53.84,1,TILU GURUNG,0,-11.92
Sikkim,2014,8,13,NAMTHANG-RATEYPANI,GEN,PREM SINGH TAMANG,SKM,4792,2,43.38,,,,43.38
Sikkim,2014,8,13,NAMTHANG-RATEYPANI,GEN,None of the Above,NOTA,109,3,0.99,,,,0.99
Sikkim,2014,8,13,NAMTHANG-RATEYPANI,GEN,DIK MAYA BASNET,INC,107,4,0.97,2,SUK BDR. TAMANG,-2,-29.53
Sikkim,2014,8,13,NAMTHANG-RATEYPANI,GEN,YASODHA BARAKOTI,AITC,91,5,0.82,,,,0.82
Sikkim,2014,8,14,TEMI-NAMPHING,GEN,GARJAMAN GURUNG,SDF,5657,1,55.38,1,BEDU SINGH PANTH,0,3.24
Sikkim,2014,8,14,TEMI-NAMPHING,GEN,LALIT SHARMA,SKM,4268,2,41.78,,,,41.78
Sikkim,2014,8,14,TEMI-NAMPHING,GEN,None of the Above,NOTA,180,3,1.76,,,,1.76
Sikkim,2014,8,14,TEMI-NAMPHING,GEN,DEEPAK BHANDARI,INC,110,4,1.08,2,LALIT SHARMA,-2,-31.24
Sikkim,2014,8,15,RANGANG-YANGANG,GEN,PAWAN CHAMLING,SDF,6343,1,63.84,1,CHANDRA BDR KARKI,0,-4.4
Sikkim,2014,8,15,RANGANG-YANGANG,GEN,BIKASH BASNET,SKM,3201,2,32.22,,,,32.22
Sikkim,2014,8,15,RANGANG-YANGANG,GEN,OM PRAKASH BISTA,INC,206,3,2.07,2,AVINASH YAKHA,-1,-26.92
Sikkim,2014,8,15,RANGANG-YANGANG,GEN,None of the Above,NOTA,186,4,1.87,,,,1.87
Sikkim,2014,8,16,TUMEN-LINGI,BL,UGEN T. GYATSO BHUTIA,SDF,7191,1,62.26,1,UGEN T GYATSO BHUTIA,0,6.93
Sikkim,2014,8,16,TUMEN-LINGI,BL,NIDUP TSHERING LEPCHA,SKM,3999,2,34.62,,,,34.62
Sikkim,2014,8,16,TUMEN-LINGI,BL,PANDUP LEPCHA,INC,151,3,1.31,2,PHUCHUNG BHUTIA,-1,-39.44
Sikkim,2014,8,16,TUMEN-LINGI,BL,None of the Above,NOTA,105,4,0.91,,,,0.91
Sikkim,2014,8,16,TUMEN-LINGI,BL,PREM TSHERING LEPCHA,AITC,104,5,0.9,,,,0.9
Sikkim,2014,8,17,KHAMDONG-SINGTAM,GEN,SOM NATH POUDYAL,SDF,4718,1,49.13,1,AM PRASAD SHARMA,0,-7.24
Sikkim,2014,8,17,KHAMDONG-SINGTAM,GEN,MANI KUMAR SHARMA,SKM,4448,2,46.31,,,,46.31
Sikkim,2014,8,17,KHAMDONG-SINGTAM,GEN,MADAN KUMAR SHARMA,BJP,191,3,1.99,,,,1.99
Sikkim,2014,8,17,KHAMDONG-SINGTAM,GEN,None of the Above,NOTA,160,4,1.67,,,,1.67
Sikkim,2014,8,17,KHAMDONG-SINGTAM,GEN,PUNYA PRASAD KOIRALA,INC,87,5,0.91,2,NAR BAHADUR BHANDARI,-3,-38.85
Sikkim,2014,8,18,WEST PENDA,SC,GOPAL BARAILY,SKM,5382,1,52.45,,,,52.45
Sikkim,2014,8,18,WEST PENDA,SC,K. K. THATAL,SDF,4462,2,43.49,1,NEERU SEWA,-1,-10.04
Sikkim,2014,8,18,WEST PENDA,SC,AMAR LOHAR,BJP,157,3,1.53,3,S.K. BARDEWA,0,-1.2
Sikkim,2014,8,18,WEST PENDA,SC,None of the Above,NOTA,113,4,1.1,,,,1.1
Sikkim,2014,8,18,WEST PENDA,SC,RANJEET GAZMER,INC,74,5,0.72,2,JAGDISH CINTURY,-3,-39.1
Sikkim,2014,8,18,WEST PENDA,SC,MOHAN LALL THATAL(DARJEE),AITC,73,6,0.71,,,,0.71
Sikkim,2014,8,19,RHENOCK,GEN,HEMENDRA ADHIKARI,SKM,6415,1,50.05,,,,50.05
Sikkim,2014,8,19,RHENOCK,GEN,BHIM PRASAD DHUNGEL,SDF,5461,2,42.6,1,BHIM PRASAD DHUNGEL,-1,-11.12
Sikkim,2014,8,19,RHENOCK,GEN,None of the Above,NOTA,139,4,1.08,,,,1.08
Sikkim,2014,8,19,RHENOCK,GEN,PADAM BDR. CHETTRI,INC,138,5,1.08,2,KEDAR NATH SHARMA,-3,-38.82
Sikkim,2014,8,19,RHENOCK,GEN,NAWRAJ CHETTRI,AITC,92,7,0.72,,,,0.72
Sikkim,2014,8,20,CHUJACHEN,GEN,BIKRAM PRADHAN,SDF,7836,1,60.98,1,PURAN KR. GURUNG,0,-13.37
Sikkim,2014,8,20,CHUJACHEN,GEN,KHARGA BAHADUR GURUNG,SKM,4425,2,34.44,,,,34.44
Sikkim,2014,8,20,CHUJACHEN,GEN,GAJENDRA RIZAL,BJP,248,3,1.93,3,GAJEN RIZAL,0,-0.1
Sikkim,2014,8,20,CHUJACHEN,GEN,None of the Above,NOTA,179,4,1.39,,,,1.39
Sikkim,2014,8,20,CHUJACHEN,GEN,RUDRA NARSING SAKYA,INC,162,5,1.26,2,HARKA RAJ GURUNG,-3,-18.2
Sikkim,2014,8,21,GNATHANG-MACHONG,BL,DORJEE TSH. LEPCHA,SDF,5017,1,58.21,1,L.M. LEPCHA,0,-0.38
Sikkim,2014,8,21,GNATHANG-MACHONG,BL,SONAM DORJEE,SKM,3101,2,35.98,,,,35.98
Sikkim,2014,8,21,GNATHANG-MACHONG,BL,DORJEE ONGDEN BHUTIA,INC,107,4,1.24,3,NIMA WANGCHUK BHUTIA,-1,-13.04
Sikkim,2014,8,21,GNATHANG-MACHONG,BL,None of the Above,NOTA,69,5,0.8,,,,0.8
Sikkim,2014,8,22,NAMCHEYBUNG,GEN,BEK BAHADUR RAI,SDF,5577,1,50.72,1,BEK BDR. RAI,0,-12.65
Sikkim,2014,8,22,NAMCHEYBUNG,GEN,DILIP RAI,SKM,4955,2,45.07,,,,45.07
Sikkim,2014,8,22,NAMCHEYBUNG,GEN,TASHI RAI,BJP,167,3,1.52,,,,1.52
Sikkim,2014,8,22,NAMCHEYBUNG,GEN,None of the Above,NOTA,157,4,1.43,,,,1.43
Sikkim,2014,8,22,NAMCHEYBUNG,GEN,MANOJ RAI,INC,139,5,1.26,2,EM PRASAD SHARMA,-3,-30.59
Sikkim,2014,8,23,SHYARI,BL,KUNGA NIMA LEPCHA,SKM,5324,1,52.23,,,,52.23
Sikkim,2014,8,23,SHYARI,BL,KARMA TEMPO NAMGYAL GYALTSEN,SDF,4588,2,45.01,1,KARMA TEMPO NAMGYAL GYALTSEN,-1,-18.14
Sikkim,2014,8,23,SHYARI,BL,SAMDUP DORJEE LAMA,INC,142,3,1.39,2,KUNGA NIMA LEPCHA,-1,-33.15
Sikkim,2014,8,23,SHYARI,BL,None of the Above,NOTA,140,4,1.37,,,,1.37
Sikkim,2014,8,24,MARTAM-RUMTEK,BL,MECHUNG BHUTIA,SKM,6055,1,50.24,,,,50.24
Sikkim,2014,8,24,MARTAM-RUMTEK,BL,MENLOM LEPCHA,SDF,5576,2,46.26,1,MENLOM LEPCHA,-1,-17.78
Sikkim,2014,8,24,MARTAM-RUMTEK,BL,None of the Above,NOTA,239,3,1.98,,,,1.98
Sikkim,2014,8,24,MARTAM-RUMTEK,BL,SONAM TSHERING BHUTIA,INC,183,4,1.52,2,RINZING NAMGYAL,-2,-28.81
Sikkim,2014,8,25,UPPER TADONG,GEN,TIMOTHY WILLIAM BASNETT,SKM,3333,1,48.61,,,,48.61
Sikkim,2014,8,25,UPPER TADONG,GEN,BHASKER BASNETT,SDF,3211,2,46.83,1,DIL BAHADUR THAPA,-1,-9.17
Sikkim,2014,8,25,UPPER TADONG,GEN,ELI PAL,BJP,155,3,2.26,4,PADAM PD. SHARMA,1,0.41
Sikkim,2014,8,25,UPPER TADONG,GEN,None of the Above,NOTA,79,4,1.15,,,,1.15
Sikkim,2014,8,25,UPPER TADONG,GEN,TARA KUMAR PRADHAN,INC,79,5,1.15,2,ARUN KR BASNET,-3,-36.3
Sikkim,2014,8,26,ARITHANG,GEN,SHYAM PRADHAN,SKM,4026,1,57.92,,,,57.92
Sikkim,2014,8,26,ARITHANG,GEN,UDAI LAMA,SDF,2420,2,34.82,1,NARENDRA KR. PRADHAN,-1,-26.13
Sikkim,2014,8,26,ARITHANG,GEN,GYALPO TAMANG,INC,105,4,1.51,2,BHARAT BASNETT,-2,-32.73
Sikkim,2014,8,26,ARITHANG,GEN,None of the Above,NOTA,71,6,1.02,,,,1.02
Sikkim,2014,8,27,GANGTOK,BL,PINTSO CHOPEL,SKM,4208,1,61.28,,,,61.28
Sikkim,2014,8,27,GANGTOK,BL,HISHEY LACHUNGPA,SDF,2317,2,33.74,1,DORJEE NAMGYAL BHUTIA,-1,-27.44
Sikkim,2014,8,27,GANGTOK,BL,NORDEN GYALPO DORJI,BJP,171,3,2.49,,,,2.49
Sikkim,2014,8,27,GANGTOK,BL,TSHERING GYATSO KALEON,INC,72,4,1.05,2,TSHERING GYATSO KALEON,-2,-32.59
Sikkim,2014,8,27,GANGTOK,BL,None of the Above,NOTA,62,5,0.9,,,,0.9
Sikkim,2014,8,27,GANGTOK,BL,TSHERING WANGCHUK LEPCHA,AITC,37,6,0.54,,,,0.54
Sikkim,2014,8,28,UPPER BURTUK,GEN,PREM SINGH TAMANG,SKM,5272,1,50.73,,,,50.73
Sikkim,2014,8,28,UPPER BURTUK,GEN,D. R. THAPA,SDF,4699,2,45.21,1,PREM SINGH TAMANG,-1,-33.42
Sikkim,2014,8,28,UPPER BURTUK,GEN,UGEN TAMANG,BJP,159,3,1.53,4,BINOD KUMAR ADHIKARI,1,0.53
Sikkim,2014,8,28,UPPER BURTUK,GEN,None of the Above,NOTA,139,4,1.34,,,,1.34
Sikkim,2014,8,28,UPPER BURTUK,GEN,SANTA BIR GURUNG,INC,124,5,1.19,2,ARUN KUMAR RAI,-3,-16.71
Sikkim,2014,8,29,KABI LUNGCHUK,BL,UGEN NEDUP BHUTIA,SKM,4615,1,49.18,,,,49.18
Sikkim,2014,8,29,KABI LUNGCHUK,BL,THENLAY TSHERING BHUTIA,SDF,4489,2,47.84,1,THENLAY TSHERING BHUTIA,-1,-16.62
Sikkim,2014,8,29,KABI LUNGCHUK,BL,None of the Above,NOTA,152,3,1.62,,,,1.62
Sikkim,2014,8,29,KABI LUNGCHUK,BL,KARMA TASHI BHUTIA,INC,127,4,1.35,2,UGEN NEDUP BHUTIA,-2,-34.19
Sikkim,2014,8,30,DJONGU,BL,SONAM GYATSO LEPCHA,SDF,4618,1,63.67,1,SONAM GYATSO LEPCHA,0,-16.3
Sikkim,2014,8,30,DJONGU,BL,DAWA TSHERING LEPCHA,SKM,2443,2,33.68,,,,33.68
Sikkim,2014,8,30,DJONGU,BL,PENZONG LEPCHA,INC,105,3,1.45,2,NORDEN TSHERING LEPCHA,-1,-12.32
Sikkim,2014,8,30,DJONGU,BL,None of the Above,NOTA,87,4,1.2,,,,1.2
Sikkim,2014,8,31,LACHEN MANGAN,BL,TSHERING WANGDI LEPCHA,SDF,3127,1,53.43,1,TSHERING WANGDI LEPCHA,0,0.13
Sikkim,2014,8,31,LACHEN MANGAN,BL,SAMDUP LEPCHA,SKM,2570,2,43.92,,,,43.92
Sikkim,2014,8,31,LACHEN MANGAN,BL,None of the Above,NOTA,79,3,1.35,,,,1.35
Sikkim,2014,8,31,LACHEN MANGAN,BL,TOPDEN LEPCHA,INC,76,4,1.3,2,ANIL LACHENPA,-2,-36.73
Sikkim,2014,8,32,SANGHA,GEN,SONAM LAMA,SKM,1096,1,49.86,,,,49.86
Sikkim,2014,8,32,SANGHA,GEN,PALDEN LACHUNGPA,SDF,971,2,44.18,1,PHETOOK TSH. BHUTIA,-1,-5.31
Sikkim,2014,8,32,SANGHA,GEN,TSHERING LAMA,INC,108,3,4.91,2,TSHERING LAMA,-1,-41.81
Sikkim,2014,8,32,SANGHA,GEN,None of the Above,NOTA,23,4,1.05,,,,1.05
Sikkim,2009,7,1,YOKSAM-TASHIDING,BL,DAWCHO LEPCHA,SDF,5909,1,71.75,1,KALAWATI SUBBA,0,10.85
Sikkim,2009,7,1,YOKSAM-TASHIDING,BL,ADEN TSHERING LEPCHA,INC,1666,2,20.23,2,MANGAL BIR SUBBA,0,-17.22
Sikkim,2009,7,1,YOKSAM-TASHIDING,BL,NEDUP TSHERING BHUTIA,SHRP,430,3,5.22,3,AKAR DHOJ LIMBU,0,3.57
Sikkim,2009,7,1,YOKSAM-TASHIDING,BL,PEMBA SHERPA,SGPP,230,4,2.79,,,,2.79
Sikkim,2009,7,2,YANGTHANG,GEN,PREM LALL SUBBA,SDF,5770,1,73.19,1,DAWA NARBU TAKARPA,0,7.87
Sikkim,2009,7,2,YANGTHANG,GEN,DEPAN HANG LIMBU,INC,1545,2,19.6,2,SONAM DADUL KAZI,0,-13.5
Sikkim,2009,7,2,YANGTHANG,GEN,PADAM BAHADUR CHETTRI,BJP,218,3,2.77,,,,2.77
Sikkim,2009,7,2,YANGTHANG,GEN,AKAR DHOJ LIMBU,SHRP,148,4,1.88,,,,1.88
Sikkim,2009,7,2,YANGTHANG,GEN,KARNA BAHADUR GURUNG,SJEP,143,5,1.81,,,,1.81
Sikkim,2009,7,2,YANGTHANG,GEN,GANESH BHATTARAI,SGPP,60,6,0.76,,,,0.76
Sikkim,2009,7,3,MANEYBUNG-DENTAM,GEN,CHANDRA MAYA SUBBA,SDF,6252,1,71.99,1,SHER BAHADUR SUBEDI,0,9.55
Sikkim,2009,7,3,MANEYBUNG-DENTAM,GEN,LAXUMAN GURUNG,INC,1899,2,21.87,2,DAL BDR. GURUNG,0,-13.73
Sikkim,2009,7,3,MANEYBUNG-DENTAM,GEN,DILIP KUMAR GURUNG,BJP,153,3,1.76,,,,1.76
Sikkim,2009,7,3,MANEYBUNG-DENTAM,GEN,TEK MAN SUBBA,SHRP,131,4,1.51,,,,1.51
Sikkim,2009,7,3,MANEYBUNG-DENTAM,GEN,KRISHNA LALL BASNETT,NCP,80,6,0.92,,,,0.92
Sikkim,2009,7,3,MANEYBUNG-DENTAM,GEN,NIL BIKRAM SUBBA,SGPP,57,7,0.66,,,,0.66
Sikkim,2009,7,4,GYALSHING-BARNYAK,GEN,MAN BAHADUR DAHAL,SDF,4967,1,68.13,1,DEEPAK KUMAR GURUNG,0,2.71
Sikkim,2009,7,4,GYALSHING-BARNYAK,GEN,YOUA RAJ RAI,INC,1557,2,21.36,2,SHER HANG SUBBA,0,-11.57
Sikkim,2009,7,4,GYALSHING-BARNYAK,GEN,LAXMI PD. TIWARI,SHRP,361,3,4.95,,,,4.95
Sikkim,2009,7,4,GYALSHING-BARNYAK,GEN,MAN DHOJ THAPA,BJP,258,4,3.54,,,,3.54
Sikkim,2009,7,4,GYALSHING-BARNYAK,GEN,YAM LALL DANGAL,SGPP,148,5,2.03,,,,2.03
Sikkim,2009,7,5,RINCHENPONG,BL,DAWA NORBU TAKARPA,SDF,6438,1,72.69,1,NARENDRA KUMAR SUBBA,0,0.77
Sikkim,2009,7,5,RINCHENPONG,BL,PEMA KINZANG BHUTIA,INC,2145,2,24.22,2,PUSPAK RAM SUBBA,0,-2.18
Sikkim,2009,7,5,RINCHENPONG,BL,PHURBA SHERPA,SGPP,160,3,1.81,,,,1.81
Sikkim,2009,7,5,RINCHENPONG,BL,KARSANG SHERPA,SHRP,114,4,1.29,,,,1.29
Sikkim,2009,7,6,DARAMDIN,BL,TENZI SHERPA,SDF,6507,1,68.97,1,DAWCHO LEPCHA,0,-12.61
Sikkim,2009,7,6,DARAMDIN,BL,PEM NURI SHERPA,INC,1807,2,19.15,2,PEMA KINZANG BHUTIA,0,2.83
Sikkim,2009,7,6,DARAMDIN,BL,LADEN LEPCHA,SHRP,834,3,8.84,,,,8.84
Sikkim,2009,7,6,DARAMDIN,BL,SONAM SHERPA,SGPP,173,4,1.83,,,,1.83
Sikkim,2009,7,6,DARAMDIN,BL,STENY LEPCHA,NCP,114,5,1.21,,,,1.21
Sikkim,2009,7,7,SOREONG-CHAKUNG,GEN,RAN BAHADUR SUBBA,SDF,6497,1,66.5,1,PREM SINGH TAMANG,0,-27.92
Sikkim,2009,7,7,SOREONG-CHAKUNG,GEN,NAR BAHADUR BHANDARI,INC,2378,2,24.34,2,SATISH MOHAN PRADHAN,0,21.51
Sikkim,2009,7,7,SOREONG-CHAKUNG,GEN,AKAR DHOJ LIMBU,SHRP,503,3,5.15,,,,5.15
Sikkim,2009,7,7,SOREONG-CHAKUNG,GEN,IMAN SINGH LIMBU,NCP,217,4,2.22,,,,2.22
Sikkim,2009,7,7,SOREONG-CHAKUNG,GEN,METRA LALL PANDEY,SGPP,175,5,1.79,,,,1.79
Sikkim,2009,7,8,SALGHARI-ZOO,SC,MADAN CINTURY,SDF,4437,1,65.14,1,RAM BDR. LIMBU(SUBBA),0,-7.51
Sikkim,2009,7,8,SALGHARI-ZOO,SC,JANGA BIR DARNAL,INC,2139,2,31.4,2,ASHOK KUMAR SUBBA,0,6.92
Sikkim,2009,7,8,SALGHARI-ZOO,SC,NIRMALA KAMI,SJEP,104,3,1.53,,,,1.53
Sikkim,2009,7,8,SALGHARI-ZOO,SC,PADAM BAHADUR DARNAL,NCP,57,4,0.84,,,,0.84
Sikkim,2009,7,8,SALGHARI-ZOO,SC,GIRI KUMAR PARIYAR,SHRP,41,5,0.6,3,AKAR DHOJ LIMBU,-2,-2.28
Sikkim,2009,7,8,SALGHARI-ZOO,SC,BASANT GAJMER,SGPP,34,6,0.5,,,,0.5
Sikkim,2009,7,9,BARFUNG,BL,SONAM GYATSO BHUTIA,SDF,6049,1,70.35,1,RAN BAHADUR SUBBA,0,-16.78
Sikkim,2009,7,9,BARFUNG,BL,LOBZANG BHUTIA,INC,2197,2,25.55,2,AMAR SUBBA,0,14.36
Sikkim,2009,7,10,POKLOK-KAMRANG,GEN,PAWAN CHAMLING,SDF,7379,1,80.68,1,KEDAR NATH RAI,0,-1.03
Sikkim,2009,7,10,POKLOK-KAMRANG,GEN,PURNA KUMARI RAI,INC,1423,2,15.56,2,PURNA KRI. RAI,0,-0.4
Sikkim,2009,7,10,POKLOK-KAMRANG,GEN,PADAM PD SHARMA,BJP,167,3,1.83,3,PADAM PRASAD SHARMA,0,-0.5
Sikkim,2009,7,10,POKLOK-KAMRANG,GEN,DHANMAN RAI,SGPP,39,5,0.43,,,,0.43
Sikkim,2009,7,10,POKLOK-KAMRANG,GEN,JAI PRAKASH RAI,SJEP,38,6,0.42,,,,0.42
Sikkim,2009,7,11,NAMCHI-SINGHITHANG,GEN,PAWAN CHAMLING,SDF,5653,1,80.97,1,DORJEE DAZOM BHUTIA,0,3.65
Sikkim,2009,7,11,NAMCHI-SINGHITHANG,GEN,KHUSH BDR RAI,INC,1009,2,14.45,2,CHOZANG BHUTIA,0,-8.23
Sikkim,2009,7,11,NAMCHI-SINGHITHANG,GEN,BASANT KR. RAI,SJEP,127,3,1.82,,,,1.82
Sikkim,2009,7,11,NAMCHI-SINGHITHANG,GEN,ANJANA TAMANG,NCP,81,4,1.16,,,,1.16
Sikkim,2009,7,11,NAMCHI-SINGHITHANG,GEN,ARJUN KUMAR RAI,SGPP,50,6,0.72,,,,0.72
Sikkim,2009,7,12,MELLI,GEN,TULSHI DEVI RAI,SDF,6307,1,67.48,,,,67.48
Sikkim,2009,7,12,MELLI,GEN,DIL KRI. CHHETRI,INC,2454,2,26.25,,,,26.25
Sikkim,2009,7,12,MELLI,GEN,BHOLA CHAWAN,BJP,148,3,1.58,,,,1.58
Sikkim,2009,7,12,MELLI,GEN,BHAGIRATH BHANDARI,CPM,130,4,1.39,,,,1.39
Sikkim,2009,7,12,MELLI,GEN,PHULCHAND RAI,SGPP,84,6,0.9,,,,0.9
Sikkim,2009,7,12,MELLI,GEN,JASHRAM RAI,NCP,68,7,0.73,,,,0.73
Sikkim,2009,7,12,MELLI,GEN,TILAK PSD. RAI,SJEP,37,8,0.4,,,,0.4
Sikkim,2009,7,13,NAMTHANG-RATEYPANI,GEN,TILU GURUNG,SDF,5988,1,65.76,,,,65.76
Sikkim,2009,7,13,NAMTHANG-RATEYPANI,GEN,SUK BDR. TAMANG,INC,2777,2,30.5,,,,30.5
Sikkim,2009,7,13,NAMTHANG-RATEYPANI,GEN,ARUN KR. GURUNG,SGPP,132,3,1.45,,,,1.45
Sikkim,2009,7,13,NAMTHANG-RATEYPANI,GEN,SANJUKTA RAI,SJEP,48,6,0.53,,,,0.53
Sikkim,2009,7,14,TEMI-NAMPHING,GEN,BEDU SINGH PANTH,SDF,4577,1,52.14,,,,52.14
Sikkim,2009,7,14,TEMI-NAMPHING,GEN,LALIT SHARMA,INC,2837,2,32.32,,,,32.32
Sikkim,2009,7,14,TEMI-NAMPHING,GEN,UGEN TAMANG,SGPP,231,4,2.63,,,,2.63
Sikkim,2009,7,15,RANGANG-YANGANG,GEN,CHANDRA BDR KARKI,SDF,5558,1,68.24,1,AITA SINGH BARAILY (KAMI),0,-15.22
Sikkim,2009,7,15,RANGANG-YANGANG,GEN,AVINASH YAKHA,INC,2361,2,28.99,2,JANGA BIR DARNAL,0,14.09
Sikkim,2009,7,15,RANGANG-YANGANG,GEN,KESHAV PRASAD BHATTARAI,SGPP,101,4,1.24,,,,1.24
Sikkim,2009,7,16,TUMEN-LINGI,BL,UGEN T GYATSO BHUTIA,SDF,5026,1,55.33,1,GARJAMAN GURUNG,0,-20.29
Sikkim,2009,7,16,TUMEN-LINGI,BL,PHUCHUNG BHUTIA,INC,3702,2,40.75,2,LAXMI PRASAD TIWARI,0,17.75
Sikkim,2009,7,16,TUMEN-LINGI,BL,MINGMA THARBU SHERPA,SGPP,160,3,1.76,,,,1.76
Sikkim,2009,7,17,KHAMDONG-SINGTAM,GEN,AM PRASAD SHARMA,SDF,4298,1,56.37,1,SOMNATH POUDYAL,0,-2.74
Sikkim,2009,7,17,KHAMDONG-SINGTAM,GEN,NAR BAHADUR BHANDARI,INC,3032,2,39.76,2,NAR BAHADUR BHANDARI,0,16.99
Sikkim,2009,7,17,KHAMDONG-SINGTAM,GEN,ARUN KR. PRADHAN,SGPP,295,3,3.87,,,,3.87
Sikkim,2009,7,18,WEST PENDA,SC,NEERU SEWA,SDF,4151,1,53.53,1,BHIM PD. DHUNGEL,0,-21.92
Sikkim,2009,7,18,WEST PENDA,SC,JAGDISH CINTURY,INC,3088,2,39.82,2,KHARANANDA UPRETI,0,17.84
Sikkim,2009,7,18,WEST PENDA,SC,S.K. BARDEWA,BJP,212,3,2.73,3,SHANTI CHHETRI,0,0.16
Sikkim,2009,7,18,WEST PENDA,SC,TIKA GHATANI,SGPP,116,4,1.5,,,,1.5
Sikkim,2009,7,18,WEST PENDA,SC,TEK BAHADUR THATAL,SHRP,73,5,0.94,,,,0.94
Sikkim,2009,7,18,WEST PENDA,SC,JIT MAN DARJEE,NCP,44,7,0.57,,,,0.57
Sikkim,2009,7,19,RHENOCK,GEN,BHIM PRASAD DHUNGEL,SDF,5611,1,53.72,1,KARNA BDR. CHAMLING,0,-30.56
Sikkim,2009,7,19,RHENOCK,GEN,KEDAR NATH SHARMA,INC,4168,2,39.9,2,ARUN KUMAR RAI,0,24.18
Sikkim,2009,7,19,RHENOCK,GEN,RUDRA KHATIWARA,SHRP,130,4,1.24,,,,1.24
Sikkim,2009,7,19,RHENOCK,GEN,BEDAN KUMAR CHETTRI,SGPP,119,5,1.14,,,,1.14
Sikkim,2009,7,19,RHENOCK,GEN,UDAYA CHANDRA GHIMIRAY,CPM,101,6,0.97,,,,0.97
Sikkim,2009,7,20,CHUJACHEN,GEN,PURAN KR. GURUNG,SDF,8077,1,74.35,1,MINGMA TSHERING SHERPA,0,6.94
Sikkim,2009,7,20,CHUJACHEN,GEN,HARKA RAJ GURUNG,INC,2114,2,19.46,2,TSETEN TASHI BHUTIA,0,-11.65
Sikkim,2009,7,20,CHUJACHEN,GEN,GAJEN RIZAL,BJP,220,3,2.03,,,,2.03
Sikkim,2009,7,20,CHUJACHEN,GEN,DHIRAJ KUMAR RAI,SGPP,76,5,0.7,,,,0.7
Sikkim,2009,7,20,CHUJACHEN,GEN,GOPAL CHETTRI,SHRP,76,6,0.7,3,KARSANG SHERPA,-3,-0.78
Sikkim,2009,7,20,CHUJACHEN,GEN,SHIVA KR. PRADHAN,NCP,73,7,0.67,,,,0.67
Sikkim,2009,7,21,GNATHANG-MACHONG,BL,L.M. LEPCHA,SDF,4077,1,58.59,1,MANITA THAPA,0,-13.14
Sikkim,2009,7,21,GNATHANG-MACHONG,BL,CHHOPEL DZONGPO BHUTIA,SHRP,1677,2,24.1,3,PASSANG TAMANG,1,22.78
Sikkim,2009,7,21,GNATHANG-MACHONG,BL,NIMA WANGCHUK BHUTIA,INC,994,3,14.28,2,BHARAT BASNETT,-1,-12.67
Sikkim,2009,7,21,GNATHANG-MACHONG,BL,PHURBA TSH. SHERPA,SGPP,90,4,1.29,,,,1.29
Sikkim,2009,7,21,GNATHANG-MACHONG,BL,NAMGAY TSH. BHUTIA,NCP,58,6,0.83,,,,0.83
Sikkim,2009,7,22,NAMCHEYBUNG,GEN,BEK BDR. RAI,SDF,5877,1,63.37,1,BIRKHA MAN RAMUDAMU,0,-11.22
Sikkim,2009,7,22,NAMCHEYBUNG,GEN,EM PRASAD SHARMA,INC,2954,2,31.85,2,SANTOSH KUMAR BARDEWA,0,8.49
Sikkim,2009,7,22,NAMCHEYBUNG,GEN,ASHOK KR. SUBBA,NCP,132,3,1.42,,,,1.42
Sikkim,2009,7,22,NAMCHEYBUNG,GEN,TEN TSHERA SUBBA,SHRP,101,4,1.09,3,DIL KUMARI DARNAL,-1,-0.97
Sikkim,2009,7,22,NAMCHEYBUNG,GEN,SUNDER RAI,SGPP,73,6,0.79,,,,0.79
Sikkim,2009,7,22,NAMCHEYBUNG,GEN,PUNYA PRASAD KOIRALA,CPM,41,7,0.44,,,,0.44
Sikkim,2009,7,23,SHYARI,BL,KARMA TEMPO NAMGYAL GYALTSEN,SDF,5034,1,63.15,1,SONAM GYATSO LEPCHA,0,-2.19
Sikkim,2009,7,23,SHYARI,BL,KUNGA NIMA LEPCHA,INC,2753,2,34.54,2,SONAM CHYODA LEPCHA,0,-0.12
Sikkim,2009,7,23,SHYARI,BL,KARMA TSH. SHERPA,SGPP,97,3,1.22,,,,1.22
Sikkim,2009,7,23,SHYARI,BL,ANG TSHERING BHUTIA,SHRP,87,4,1.09,,,,1.09
Sikkim,2009,7,24,MARTAM-RUMTEK,BL,MENLOM LEPCHA,SDF,6392,1,64.04,1,HISHEY LACHUNGPA,0,-11.52
Sikkim,2009,7,24,MARTAM-RUMTEK,BL,RINZING NAMGYAL,INC,3027,2,30.33,2,ANIL LACHENPA,0,5.89
Sikkim,2009,7,24,MARTAM-RUMTEK,BL,NIMA LEPCHA,BJP,336,3,3.37,,,,3.37
Sikkim,2009,7,24,MARTAM-RUMTEK,BL,BINDU LEPCHA,SGPP,68,5,0.68,,,,0.68
Sikkim,2009,7,24,MARTAM-RUMTEK,BL,TEMPO TSHERING BHUTIA,SHRP,41,6,0.41,,,,0.41
Sikkim,2009,7,25,UPPER TADONG,GEN,DIL BAHADUR THAPA,SDF,3148,1,56,,,,56
Sikkim,2009,7,25,UPPER TADONG,GEN,ARUN KR BASNET,INC,2105,2,37.45,,,,37.45
Sikkim,2009,7,25,UPPER TADONG,GEN,PADAM PD. SHARMA,BJP,104,4,1.85,,,,1.85
Sikkim,2009,7,25,UPPER TADONG,GEN,KHARKA SINGH GURUNG,SHRP,70,5,1.25,,,,1.25
Sikkim,2009,7,25,UPPER TADONG,GEN,GARJAMAN RAI,SGPP,64,6,1.14,,,,1.14
Sikkim,2009,7,26,ARITHANG,GEN,NARENDRA KR. PRADHAN,SDF,3320,1,60.95,1,NORZONG LEPCHA,0,-0.9
Sikkim,2009,7,26,ARITHANG,GEN,BHARAT BASNETT,INC,1865,2,34.24,2,PHUCHUNG BHUTIA,0,-0.12
Sikkim,2009,7,26,ARITHANG,GEN,ASHOK KR SUBBA,NCP,141,3,2.59,,,,2.59
Sikkim,2009,7,26,ARITHANG,GEN,ATAL BAHADUR TAMANG,SHRP,48,4,0.88,,,,0.88
Sikkim,2009,7,26,ARITHANG,GEN,KHARGA BAHADUR RAI,SGPP,27,6,0.5,,,,0.5
Sikkim,2009,7,27,GANGTOK,BL,DORJEE NAMGYAL BHUTIA,SDF,3506,1,61.18,1,DORJEE TSHERING LEPCHA,0,-13.26
Sikkim,2009,7,27,GANGTOK,BL,TSHERING GYATSO KALEON,INC,1928,2,33.64,2,SONAM TSH. BHUTIA,0,8.08
Sikkim,2009,7,27,GANGTOK,BL,UTTAM LEPCHA,SHRP,123,4,2.15,,,,2.15
Sikkim,2009,7,27,GANGTOK,BL,MINGMA TOPDEN SHERPA,SGPP,24,5,0.42,,,,0.42
Sikkim,2009,7,28,UPPER BURTUK,GEN,PREM SINGH TAMANG,SDF,5908,1,78.63,1,MENLOM LEPCHA,0,22.02
Sikkim,2009,7,28,UPPER BURTUK,GEN,ARUN KUMAR RAI,INC,1345,2,17.9,2,DELAY NAMGYAL BARFUNGPA,0,-25.49
Sikkim,2009,7,28,UPPER BURTUK,GEN,SUMITRA RAI,SHRP,86,3,1.14,,,,1.14
Sikkim,2009,7,28,UPPER BURTUK,GEN,BINOD KUMAR ADHIKARI,BJP,75,4,1,,,,1
Sikkim,2009,7,28,UPPER BURTUK,GEN,YUWA RAJ GURUNG,SGPP,26,6,0.35,,,,0.35
Sikkim,2009,7,29,KABI LUNGCHUK,BL,THENLAY TSHERING BHUTIA,SDF,4823,1,64.46,1,KUNGA ZANGPO BHUTIA,0,-0.31
Sikkim,2009,7,29,KABI LUNGCHUK,BL,UGEN NEDUP BHUTIA,INC,2659,2,35.54,2,KUNGA NIMA LEPCHA,0,1.83
Sikkim,2009,7,30,DJONGU,BL,SONAM GYATSO LEPCHA,SDF,4756,1,79.97,1,NIMTHIT LEPCHA,0,19.67
Sikkim,2009,7,30,DJONGU,BL,NORDEN TSHERING LEPCHA,INC,819,2,13.77,2,PINTSO CHOPEL LEPCHA,0,-24.55
Sikkim,2009,7,31,LACHEN MANGAN,BL,TSHERING WANGDI LEPCHA,SDF,2719,1,53.3,1,NARENDRA KR. PRADHAN,0,-13.39
Sikkim,2009,7,31,LACHEN MANGAN,BL,ANIL LACHENPA,INC,1940,2,38.03,2,NAR BAHADUR BHANDARI,0,6.33
Sikkim,2009,7,31,LACHEN MANGAN,BL,CHEWANG JIGME LEPCHA,SHRP,442,3,8.66,4,BHIM CHETTRI,1,8.05
Sikkim,2009,7,32,SANGHA,GEN,PHETOOK TSH. BHUTIA,SDF,980,1,49.49,3,NAMKHA GYALTSE BHUTIA,2,27.99
Sikkim,2009,7,32,SANGHA,GEN,TSHERING LAMA,INC,925,2,46.72,1,TSHERING LAMA,-1,14.39
Sikkim,2009,7,32,SANGHA,GEN,SAMDUP DORJEE LAMA,BJP,75,3,3.79,5,SAMDUP DORJEE LAMA,2,1.3
Sikkim,2004,6,1,YOKSAM,GEN,KALAWATI SUBBA,SDF,3947,1,60.9,1,KALAWATI SUBBA,0,8.1
Sikkim,2004,6,1,YOKSAM,GEN,MANGAL BIR SUBBA,INC,2427,2,37.45,3,SANCHAMAN SUBBA,1,18.94
Sikkim,2004,6,1,YOKSAM,GEN,AKAR DHOJ LIMBU,SHRP,107,3,1.65,,,,1.65
Sikkim,2004,6,2,TASHIDING,BL,DAWA NARBU TAKARPA,SDF,3509,1,65.32,1,THUTOP BHUTIA,0,10.6
Sikkim,2004,6,2,TASHIDING,BL,SONAM DADUL KAZI,INC,1778,2,33.1,3,LOVZANG SONAM WANGYAL,1,30.72
Sikkim,2004,6,3,GEYZING,GEN,SHER BAHADUR SUBEDI,SDF,4227,1,62.44,1,SHER BAHADUR SUBEDI,0,7.87
Sikkim,2004,6,3,GEYZING,GEN,DAL BDR. GURUNG,INC,2410,2,35.6,3,MAN BAHADUR DAHAL,1,31.37
Sikkim,2004,6,4,DENTAM,GEN,DEEPAK KUMAR GURUNG,SDF,4158,1,65.42,1,NARENDRA KUMAR SUBBA,0,13.01
Sikkim,2004,6,4,DENTAM,GEN,SHER HANG SUBBA,INC,2093,2,32.93,3,LAXMI PD. SUBBA,1,29.73
Sikkim,2004,6,5,BARMIOK,GEN,NARENDRA KUMAR SUBBA,SDF,4029,1,71.92,1,TULSHI PD. PRADHAN,0,26.17
Sikkim,2004,6,5,BARMIOK,GEN,PUSPAK RAM SUBBA,INC,1479,2,26.4,3,LAXMI PRASHAD TIWARI,1,11.43
Sikkim,2004,6,6,RINCHENPONG,BL,DAWCHO LEPCHA,SDF,5303,1,81.58,1,ONGDEN TSHERING LEPCHA,0,20.14
Sikkim,2004,6,6,RINCHENPONG,BL,PEMA KINZANG BHUTIA,INC,1061,2,16.32,3,PHUR TSH. LEPCHA,1,11.54
Sikkim,2004,6,7,CHAKUNG,GEN,PREM SINGH TAMANG,SDF,6702,1,94.42,1,PREM SINGH TAMANG,0,36.48
Sikkim,2004,6,7,CHAKUNG,GEN,SATISH MOHAN PRADHAN,INC,201,2,2.83,3,TARA MAN RAI,1,0.02
Sikkim,2004,6,7,CHAKUNG,GEN,KUL MAN MUKHIA,CPM,144,3,2.03,,,,2.03
Sikkim,2004,6,8,SOREONG,GEN,RAM BDR. LIMBU(SUBBA),SDF,5553,1,72.65,1,RAM BAHADUR SUBBA,0,22.84
Sikkim,2004,6,8,SOREONG,GEN,ASHOK KUMAR SUBBA,INC,1871,2,24.48,3,IMAN SINGH LIMBU,1,23.14
Sikkim,2004,6,8,SOREONG,GEN,AKAR DHOJ LIMBU,SHRP,220,3,2.88,,,,2.88
Sikkim,2004,6,9,DARAMDIN,GEN,RAN BAHADUR SUBBA,SDF,6380,1,87.13,1,RAN BAHADUR SUBBA,0,25.24
Sikkim,2004,6,9,DARAMDIN,GEN,AMAR SUBBA,INC,819,2,11.19,3,PUSHKER LIMBU,1,10.44
Sikkim,2004,6,10,JORTHANG-NAYABAZAR,GEN,KEDAR NATH RAI,SDF,7863,1,81.71,1,BHOJ RAJ RAI,0,26.37
Sikkim,2004,6,10,JORTHANG-NAYABAZAR,GEN,PURNA KRI. RAI,INC,1536,2,15.96,4,DURGA LAMA,2,15.13
Sikkim,2004,6,10,JORTHANG-NAYABAZAR,GEN,PADAM PRASAD SHARMA,BJP,224,3,2.33,,,,2.33
Sikkim,2004,6,11,RALANG,BL,DORJEE DAZOM BHUTIA,SDF,4131,1,77.32,1,DORJI DAZOM BHUTIA,0,23.01
Sikkim,2004,6,11,RALANG,BL,CHOZANG BHUTIA,INC,1212,2,22.68,4,SONAM TSH. BHUTIA,2,18.67
Sikkim,2004,6,15,RATEYPANI - WEST PENDAM,SC,AITA SINGH BARAILY (KAMI),SDF,6553,1,83.46,1,CHANDRA KUMAR MOHORA,0,27.32
Sikkim,2004,6,15,RATEYPANI - WEST PENDAM,SC,JANGA BIR DARNAL,INC,1170,2,14.9,3,RAVINDRA MADAN RASAILY,1,13.98
Sikkim,2004,6,16,TEMI-TARKU,GEN,GARJAMAN GURUNG,SDF,6403,1,75.62,1,GARJAMAN GURUNG,0,16.91
Sikkim,2004,6,16,TEMI-TARKU,GEN,LAXMI PRASAD TIWARI,INC,1947,2,23,3,BHIM KUMAR RAI,1,22.72
Sikkim,2004,6,17,CENTRAL PENDAM-EAST PENDAM,GEN,SOMNATH POUDYAL,SDF,5620,1,59.11,2,DILLI PRASAD KHAREL,1,11.04
Sikkim,2004,6,17,CENTRAL PENDAM-EAST PENDAM,GEN,NAR BAHADUR BHANDARI,INC,2165,2,22.77,3,REETA KARKI,1,21.64
Sikkim,2004,6,17,CENTRAL PENDAM-EAST PENDAM,GEN,AMRIT NARAYAN GIRI,SHRP,157,4,1.65,,,,1.65
Sikkim,2004,6,18,RHENOCK,GEN,BHIM PD. DHUNGEL,SDF,4647,1,75.45,2,BEDU SINGH PANTH,1,32.59
Sikkim,2004,6,18,RHENOCK,GEN,KHARANANDA UPRETI,INC,1354,2,21.98,3,PADAM DHAKAL,1,21.36
Sikkim,2004,6,18,RHENOCK,GEN,SHANTI CHHETRI,BJP,158,3,2.57,,,,2.57
Sikkim,2004,6,19,REGU,GEN,KARNA BDR. CHAMLING,SDF,5662,1,84.28,1,KARNA BDR. CHAMLING,0,33.37
Sikkim,2004,6,19,REGU,GEN,ARUN KUMAR RAI,INC,1056,2,15.72,3,DAMBER SINGH GURUNG,1,15.15
Sikkim,2004,6,20,PATHING,BL,MINGMA TSHERING SHERPA,SDF,4930,1,67.41,2,RAM LEPCHA,1,26.72
Sikkim,2004,6,20,PATHING,BL,TSETEN TASHI BHUTIA,INC,2275,2,31.11,3,PENZO DELAY NAMGYAL,1,24.42
Sikkim,2004,6,20,PATHING,BL,KARSANG SHERPA,SHRP,108,3,1.48,,,,1.48
Sikkim,2004,6,21,LOOSING PACHEKHANI,GEN,MANITA THAPA,SDF,4394,1,71.73,2,VINOD PRADHAN,1,23.86
Sikkim,2004,6,21,LOOSING PACHEKHANI,GEN,BHARAT BASNETT,INC,1651,2,26.95,3,ARUN KR. RAI,1,22.78
Sikkim,2004,6,21,LOOSING PACHEKHANI,GEN,PASSANG TAMANG,SHRP,81,3,1.32,,,,1.32
Sikkim,2004,6,22,KHAMDONG,SC,BIRKHA MAN RAMUDAMU,SDF,6160,1,74.59,1,GOPAL LAMICHANEY,0,14.66
Sikkim,2004,6,22,KHAMDONG,SC,SANTOSH KUMAR BARDEWA,INC,1929,2,23.36,3,JITMAN DARJEE,1,22.56
Sikkim,2004,6,22,KHAMDONG,SC,DIL KUMARI DARNAL,SHRP,170,3,2.06,,,,2.06
Sikkim,2004,6,23,DJONGU,BL,SONAM GYATSO LEPCHA,SDF,3344,1,65.34,2,SONAM CHYODA LEPCHA,1,17.36
Sikkim,2004,6,23,DJONGU,BL,SONAM CHYODA LEPCHA,INC,1774,2,34.66,3,NORDEN TSHERING LEPCHA,1,34.29
Sikkim,2004,6,24,LACHEN MANGSHILA,BL,HISHEY LACHUNGPA,SDF,4906,1,75.56,1,HISHEY LACHUNGPA,0,16.01
Sikkim,2004,6,24,LACHEN MANGSHILA,BL,ANIL LACHENPA,INC,1587,2,24.44,,,,24.44
Sikkim,2004,6,26,RAKDONG TENTEK,BL,NORZONG LEPCHA,SDF,3809,1,61.85,2,DANORBU SHERPA,1,41.04
Sikkim,2004,6,26,RAKDONG TENTEK,BL,PHUCHUNG BHUTIA,INC,2116,2,34.36,5,DAWA LAMU,3,30.42
Sikkim,2004,6,26,RAKDONG TENTEK,BL,NIMA RAPZANG LAMA,BJP,233,3,3.78,,,,3.78
Sikkim,2004,6,27,MARTAM,BL,DORJEE TSHERING LEPCHA,SDF,5668,1,74.44,1,DORJEE TSH. LEPCHA,0,12.18
Sikkim,2004,6,27,MARTAM,BL,SONAM TSH. BHUTIA,INC,1946,2,25.56,3,NAKU LEPCHA,1,24.13
Sikkim,2004,6,28,RUMTEK,BL,MENLOM LEPCHA,SDF,5639,1,56.61,1,KARMA TEMPO NAMGYAL GYALTSEN,0,6.38
Sikkim,2004,6,28,RUMTEK,BL,DELAY NAMGYAL BARFUNGPA,INC,4323,2,43.39,3,UGEN TSH. LEPCHA,1,41.59
Sikkim,2004,6,29,ASSAM-LINGJEY,BL,KUNGA ZANGPO BHUTIA,SDF,4641,1,64.77,1,TSETEN TASHI BHUTIA,0,19.45
Sikkim,2004,6,29,ASSAM-LINGJEY,BL,KUNGA NIMA LEPCHA,INC,2415,2,33.71,4,MAJ. RETD. TSHERING GYATSO KALEON,2,32.37
Sikkim,2004,6,29,ASSAM-LINGJEY,BL,LALL BDR. LEPCHA,SHRP,109,3,1.52,,,,1.52
Sikkim,2004,6,30,RANKA,BL,NIMTHIT LEPCHA,SDF,5083,1,60.3,1,TSETEN DORJEE LEPCHA,0,3.82
Sikkim,2004,6,30,RANKA,BL,PINTSO CHOPEL LEPCHA,INC,3230,2,38.32,3,YANGCHEN DOMA BHUTIA,1,36.85
Sikkim,2004,6,30,RANKA,BL,TASHI TOPGAY BHUTIA,SHRP,117,3,1.39,,,,1.39
Sikkim,2004,6,31,GANGTOK,GEN,NARENDRA KR. PRADHAN,SDF,5952,1,66.69,2,K. B. GURUNG,1,23.17
Sikkim,2004,6,31,GANGTOK,GEN,NAR BAHADUR BHANDARI,INC,2829,2,31.7,3,ANAND LAMA,1,25.48
Sikkim,2004,6,31,GANGTOK,GEN,DEVI PD. DAHAL,SSP,90,3,1.01,1,NARENDRA KR. PRADHAN,-2,-47.88
Sikkim,2004,6,31,GANGTOK,GEN,BHIM CHETTRI,SHRP,54,4,0.61,,,,0.61
Sikkim,2004,6,32,SANGHA,GEN,TSHERING LAMA,INC,675,1,32.33,2,NAMKHA GYALTSEN LAMA,1,13.58
Sikkim,2004,6,32,SANGHA,GEN,NAMKHA GYALTSE BHUTIA,SDF,449,3,21.5,,,,21.5
Sikkim,2004,6,32,SANGHA,GEN,SAMDUP DORJEE LAMA,BJP,52,5,2.49,,,,2.49
Sikkim,1999,5,1,YOKSAM,GEN,KALAWATI SUBBA,SDF,3240,1,52.8,3,KALAWATI SUBBA,2,34.22
Sikkim,1999,5,1,YOKSAM,GEN,MANGALBIR SUBBA,SSP,1749,2,28.5,4,BHARNA SINGH SUBBA,2,25.85
Sikkim,1999,5,1,YOKSAM,GEN,SANCHAMAN SUBBA,INC,1136,3,18.51,2,SANCHAMAN SUBBA,-1,-19.56
Sikkim,1999,5,2,TASHIDING,ST,THUTOP BHUTIA,SDF,2740,1,54.72,2,RINZING WANGYAL KAZI,1,21.58
Sikkim,1999,5,2,TASHIDING,ST,SONAM DADUL KAZI,SSP,2148,2,42.9,1,THUTOP BHUTIA,-1,6.86
Sikkim,1999,5,2,TASHIDING,ST,LOVZANG SONAM WANGYAL,INC,119,3,2.38,3,DAWGYAL P. BHUTIA,0,-11.23
Sikkim,1999,5,3,GEYZING,GEN,SHER BAHADUR SUBEDI,SDF,3316,1,54.57,1,DAL BAHADUR GURUNG,0,3.3
Sikkim,1999,5,3,GEYZING,GEN,PUSPAK RAM SUBBA,SSP,2504,2,41.2,2,DAL BAHADUR KARKI,0,16.18
Sikkim,1999,5,3,GEYZING,GEN,MAN BAHADUR DAHAL,INC,257,3,4.23,3,BHIM NARAYAN TEWARI,0,-12.25
Sikkim,1999,5,4,DENTAM,GEN,NARENDRA KUMAR SUBBA,SDF,3112,1,52.41,1,CHAKRA BAHADUR SUBBA,0,11.57
Sikkim,1999,5,4,DENTAM,GEN,PADAM LALL GURUNG,SSP,2636,2,44.39,2,PADAM LAL GURUNG,0,10.05
Sikkim,1999,5,4,DENTAM,GEN,LAXMI PD. SUBBA,INC,190,3,3.2,3,KHARKA DHOJ SUBBA,0,-16.2
Sikkim,1999,5,5,BARMIOK,GEN,TULSHI PD. PRADHAN,SDF,2353,1,45.75,1,TULSHI PD. PRADHAN,0,2.26
Sikkim,1999,5,5,BARMIOK,GEN,BIRENDRA SUBBA,SSP,2020,2,39.28,2,BIRENDRA SUBBA,0,5.65
Sikkim,1999,5,5,BARMIOK,GEN,LAXMI PRASHAD TIWARI,INC,770,3,14.97,3,BIRBAL TAMLING,0,-5.98
Sikkim,1999,5,6,RINCHENPONG,ST,ONGDEN TSHERING LEPCHA,SDF,3640,1,61.44,1,PHUR TSH. LEPCHA,0,1.05
Sikkim,1999,5,6,RINCHENPONG,ST,PEMA KINZANG BHUTIA,SSP,2001,2,33.78,2,PHURBA SHERPA,0,6.14
Sikkim,1999,5,6,RINCHENPONG,ST,PHUR TSH. LEPCHA,INC,283,3,4.78,3,KINTUP BHUTIA,0,-4.37
Sikkim,1999,5,7,CHAKUNG,GEN,PREM SINGH TAMANG,SDF,3572,1,57.94,1,PREM SINGH TAMANG,0,-1.54
Sikkim,1999,5,7,CHAKUNG,GEN,TIKA GURUNG,SSP,2420,2,39.25,2,TIKA GURUNG,0,8.1
Sikkim,1999,5,7,CHAKUNG,GEN,TARA MAN RAI,INC,173,3,2.81,3,PREM PRAKASH GURUNG,0,-6.27
Sikkim,1999,5,8,SOREONG,GEN,RAM BAHADUR SUBBA,SDF,3456,1,49.81,2,MAN BAHADUR SUBBA,1,4.35
Sikkim,1999,5,8,SOREONG,GEN,NAR BDR. BHANDARI,SSP,3390,2,48.85,1,NAR BAHADUR BHANDARI,-1,-2.98
Sikkim,1999,5,8,SOREONG,GEN,IMAN SINGH LIMBU,INC,93,3,1.34,,,,1.34
Sikkim,1999,5,9,DARAMDIN,GEN,RAN BAHADUR SUBBA,SDF,4194,1,61.89,1,RAN BAHADUR SUBBA,0,-0.41
Sikkim,1999,5,9,DARAMDIN,GEN,AKAR DHOJ SUBBA,SSP,2532,2,37.36,2,PADAM BAHADUR GURUNG,0,4.49
Sikkim,1999,5,9,DARAMDIN,GEN,PUSHKER LIMBU,INC,51,3,0.75,4,SATISH MOHAN PRADHAN,1,-1.27
Sikkim,1999,5,10,JORTHANG-NAYABAZAR,GEN,BHOJ RAJ RAI,SDF,4791,1,55.34,1,BHOJ RAJ RAI,0,-3.66
Sikkim,1999,5,10,JORTHANG-NAYABAZAR,GEN,BHIM RAJ RAI,SSP,3598,2,41.56,2,DIL KUMARI BHANDARI,0,5.83
Sikkim,1999,5,10,JORTHANG-NAYABAZAR,GEN,DURGA LAMA,INC,72,4,0.83,3,BUDHA MAYA SUBBA,-1,-3.64
Sikkim,1999,5,11,RALONG,ST,DORJI DAZOM BHUTIA,SDF,2671,1,54.31,1,DORJEE DAZOM BHUTIA,0,8.58
Sikkim,1999,5,11,RALONG,ST,UGEN TASHI BHUTIA,SSP,1291,2,26.25,2,UGEN TASHI BHUTIA,0,0.52
Sikkim,1999,5,11,RALONG,ST,SONAM TSH. BHUTIA,INC,197,4,4.01,3,SONAM GYATSO KALEON,-1,-19.84
Sikkim,1999,5,12,WAK,GEN,KEDAR NATH RAI,SDF,3284,1,65.79,1,KEDAR NATH RAI,0,12.77
Sikkim,1999,5,12,WAK,GEN,MANOJ RAI,SSP,1683,2,33.71,2,BEDU SINGH PANTH,0,-0.14
Sikkim,1999,5,12,WAK,GEN,PURNA BAHADUR RAI,INC,25,3,0.5,3,CHANDRA LAL RAI,0,-10.91
Sikkim,1999,5,13,DAMTHANG,GEN,PAWAN KUMAR CHAMLING,SDF,4952,1,72.26,1,PAWAN KUMAR CHAMLING,0,1.99
Sikkim,1999,5,13,DAMTHANG,GEN,KAMAL KUMAR RAI,SSP,1866,2,27.23,2,KUMAR SUBBA,0,0.9
Sikkim,1999,5,13,DAMTHANG,GEN,HOM NATH RAI,INC,35,3,0.51,3,ANAND LAMA,0,-1.94
Sikkim,1999,5,14,MELLI,GEN,GIRISH CHANDRA RAI,SDF,4059,1,58.81,1,GIRISH CHANDRA RAI,0,6.18
Sikkim,1999,5,14,MELLI,GEN,G. S. LAMA,SSP,2800,2,40.57,2,MANITA PRADHAN,0,4.11
Sikkim,1999,5,14,MELLI,GEN,HARI BASNET,INC,43,3,0.62,3,DEO NARAYAN PRADHAN,0,-8.85
Sikkim,1999,5,15,RATEYPANI - WEST PENDAM,SC,CHANDRA KUMAR MOHORA,SDF,4073,1,56.14,1,AITA SINGH KAMI,0,0.5
Sikkim,1999,5,15,RATEYPANI - WEST PENDAM,SC,MADAN KR. CINTURY,SSP,3115,2,42.94,2,MADAN KUMAR CINTURY,0,7.26
Sikkim,1999,5,15,RATEYPANI - WEST PENDAM,SC,RAVINDRA MADAN RASAILY,INC,67,3,0.92,3,B.B. LOHAR,0,-4.91
Sikkim,1999,5,16,TEMI-TARKU,GEN,GARJAMAN GURUNG,SDF,4396,1,58.71,1,GARJAMAN GURUNG,0,1.51
Sikkim,1999,5,16,TEMI-TARKU,GEN,DIL KRI. BHANDARI,SSP,3071,2,41.01,2,INDRA BAHADUR RAI,0,3.47
Sikkim,1999,5,16,TEMI-TARKU,GEN,BHIM KUMAR RAI,INC,21,3,0.28,3,NAR BAHADUR KHATIWADA,0,-4.19
Sikkim,1999,5,17,CENTRAL PENDAM-EAST PENDAM,GEN,SANG DORJEE TAMANG,SSP,4575,1,50.8,2,SANG DORJEE TAMANG,1,17.35
Sikkim,1999,5,17,CENTRAL PENDAM-EAST PENDAM,GEN,DILLI PRASAD KHAREL,SDF,4329,2,48.07,1,DILLI PD. KHAREL,-1,12.22
Sikkim,1999,5,17,CENTRAL PENDAM-EAST PENDAM,GEN,REETA KARKI,INC,102,3,1.13,4,PUSPAK RAM SUBBA,1,-9.95
Sikkim,1999,5,18,RHENOCK,GEN,NAR BDR. BHANDARI,SSP,3364,1,55.97,1,KHARA NANDA UPRETI,0,9.45
Sikkim,1999,5,18,RHENOCK,GEN,BEDU SINGH PANTH,SDF,2576,2,42.86,2,BIRAJ ADHIKARI,0,10.1
Sikkim,1999,5,18,RHENOCK,GEN,PADAM DHAKAL,INC,37,3,0.62,3,BHAWANI PD. DAHAL,0,-13.52
Sikkim,1999,5,19,REGU,GEN,KARNA BDR. CHAMLING,SDF,3413,1,50.91,1,KARNA BDR. CHAMLING,0,1.75
Sikkim,1999,5,19,REGU,GEN,KRISHAN BDR. RAI,SSP,3253,2,48.52,2,KRISHNA BDR. RAI,0,2.82
Sikkim,1999,5,19,REGU,GEN,DAMBER SINGH GURUNG,INC,38,3,0.57,4,PURNA KR. GURUNG,1,-1.06
Sikkim,1999,5,20,PATHING,ST,SONAM DORJEE,SSP,3755,1,52.63,1,RAM LEPCHA,0,9.23
Sikkim,1999,5,20,PATHING,ST,RAM LEPCHA,SDF,2903,2,40.69,2,SONAM DORJEE,0,10.13
Sikkim,1999,5,20,PATHING,ST,PENZO DELAY NAMGYAL,INC,477,3,6.69,3,SANGEY DORJEE BHUTIA,0,-10.34
Sikkim,1999,5,21,LOOSING PACHEKHANI,GEN,JAI KR. BHANDARI,SSP,2826,1,47.96,2,JAI KR. BHANDARI,1,16.91
Sikkim,1999,5,21,LOOSING PACHEKHANI,GEN,VINOD PRADHAN,SDF,2821,2,47.87,1,DIL BDR. THAPA,-1,16.57
Sikkim,1999,5,21,LOOSING PACHEKHANI,GEN,ARUN KR. RAI,INC,246,3,4.17,4,RUP RAJ RAI,1,-2.83
Sikkim,1999,5,22,KHAMDONG,SC,GOPAL LAMICHANEY,SDF,4507,1,59.93,1,GOPAL LAMICHANEY,0,7.72
Sikkim,1999,5,22,KHAMDONG,SC,LALL BDR. DAS,SSP,2954,2,39.28,2,GANJU THATAL,0,4.62
Sikkim,1999,5,22,KHAMDONG,SC,JITMAN DARJEE,INC,60,3,0.8,3,BIRKHA MAN RAMUDAMU,0,-7.22
Sikkim,1999,5,23,DJONGU,ST,SONAM GYATSO LEPCHA,SSP,2399,1,51.66,2,SONAM DORJEE LEPCHA,1,12.56
Sikkim,1999,5,23,DJONGU,ST,SONAM CHYODA LEPCHA,SDF,2228,2,47.98,3,CHOPHEL LEPCHA,1,27.64
Sikkim,1999,5,23,DJONGU,ST,NORDEN TSHERING LEPCHA,INC,17,3,0.37,1,SONAM GHYODA LEPCHA,-2,-39.95
Sikkim,1999,5,24,LACHEN MANGSHILA,ST,HISHEY LACHUNGPA,SDF,3772,1,59.55,1,HISHEY LACHUNGPA,0,14.13
Sikkim,1999,5,24,LACHEN MANGSHILA,ST,NEDUP TSH. LACHENPA,SSP,2540,2,40.1,3,GANDEN TSH. LACHUNGPA,1,13.37
Sikkim,1999,5,25,KABI TINGDA,ST,THINLEY TSHERING BHUTIA,SDF,2028,1,43.07,1,THENLAY TSERING BHUTIA,0,4.02
Sikkim,1999,5,25,KABI TINGDA,ST,T. LACHUNGPA,INC,1418,2,30.11,2,T. LACHUNGPA,0,-7.55
Sikkim,1999,5,25,KABI TINGDA,ST,PALDEN BHUTIA,SSP,1263,3,26.82,3,PEMA SHERAP LEPCHA,0,3.98
Sikkim,1999,5,26,RAKDONG TENTEK,ST,MINGMA TSH. SHERPA,SSP,2823,1,51.53,1,MINGMA TSH. SHERPA,0,-3.01
Sikkim,1999,5,26,RAKDONG TENTEK,ST,DANORBU SHERPA,SDF,1140,2,20.81,3,DAWA TSHERING SHERPA,1,11.67
Sikkim,1999,5,26,RAKDONG TENTEK,ST,NORZANG LEPCHA,CPM,312,4,5.7,5,RINZING BHUTIA,1,1.95
Sikkim,1999,5,26,RAKDONG TENTEK,ST,DAWA LAMU,INC,216,5,3.94,2,PHUCHUNG BHUTIA,-3,-12.99
Sikkim,1999,5,27,MARTAM,ST,DORJEE TSH. LEPCHA,SDF,4262,1,62.26,2,SAMTEN TSH. BHUTIA,1,34.41
Sikkim,1999,5,27,MARTAM,ST,NUK TSH. BHUTIA,SSP,2485,2,36.3,1,DORJEE TSH. LEPCHA,-1,-13.67
Sikkim,1999,5,27,MARTAM,ST,NAKU LEPCHA,INC,98,3,1.43,3,RINCHEN TOPDEN,0,-20
Sikkim,1999,5,28,RUMTEK,ST,KARMA TEMPO NAMGYAL GYALTSEN,SDF,4326,1,50.23,2,KARMA TEMPO NAMGYAL GYALTSEN,1,20.79
Sikkim,1999,5,28,RUMTEK,ST,O.T.BHUTIA,SSP,4132,2,47.97,1,MENLOM LEPCHA,-1,4.1
Sikkim,1999,5,28,RUMTEK,ST,UGEN TSH. LEPCHA,INC,155,3,1.8,3,O.T. BHUTIA,0,-20.57
Sikkim,1999,5,29,ASSAM-LINGJEY,ST,TSETEN TASHI BHUTIA,SDF,2951,1,45.32,2,NAMGEY BHUTIA,1,17.39
Sikkim,1999,5,29,ASSAM-LINGJEY,ST,KUNGA ZANGPO BHUTIA,SSP,2850,2,43.77,1,TSETEN TASHI,-1,12.09
Sikkim,1999,5,29,ASSAM-LINGJEY,ST,MAJ. RETD. TSHERING GYATSO KALEON,INC,87,4,1.34,5,MAJOR T. GYATSO,1,-4.36
Sikkim,1999,5,30,RANKA,ST,TSETEN DORJEE LEPCHA,SDF,4274,1,56.48,2,TSETEN LEPCHA,1,19.23
Sikkim,1999,5,30,RANKA,ST,PINTSO CHOPEL LEPCHA,SSP,3182,2,42.05,1,RINZING ONGMU,-1,4.49
Sikkim,1999,5,30,RANKA,ST,YANGCHEN DOMA BHUTIA,INC,111,3,1.47,3,DRUG TRUK GYATSO LEPCHA,0,-22.01
Sikkim,1999,5,31,GANGTOK,GEN,NARENDRA KR. PRADHAN,SSP,4308,1,48.89,1,NARENDRA KR. PRADHAN,0,9.34
Sikkim,1999,5,31,GANGTOK,GEN,K. B. GURUNG,SDF,3835,2,43.52,3,SHER BDR. SUBEDI,1,25.81
Sikkim,1999,5,31,GANGTOK,GEN,ANAND LAMA,INC,548,3,6.22,2,DILLI PD. DHUNGEL,-1,-23.04
Sikkim,1999,5,31,GANGTOK,GEN,BHUMERLALL SIROHIA,CPM,86,4,0.98,,,,0.98
Sikkim,1999,5,32,SANGHA,GEN,NAMKHA GYALTSEN LAMA,INC,370,2,18.75,1,NAMKHAGYALTSEN LAMA,-1,-28.33
Sikkim,1999,5,32,SANGHA,GEN,DORJEE DADUL LAMA,SSP,294,3,14.9,,,,14.9
Sikkim,1994,4,1,YOKSAM,GEN,SANCHAMAN SUBBA,INC,2086,2,38.07,2,ASHOK KUMAR SUBBA,0,2.5
Sikkim,1994,4,1,YOKSAM,GEN,KALAWATI SUBBA,SDF,1018,3,18.58,,,,18.58
Sikkim,1994,4,1,YOKSAM,GEN,BHARNA SINGH SUBBA,SSP,145,4,2.65,1,SANCHAMAN SUBBA,-3,-57.62
Sikkim,1994,4,2,TASHIDING,ST,THUTOP BHUTIA,SSP,1644,1,36.04,1,UGEN PRITSO BHUTIA,0,-53.02
Sikkim,1994,4,2,TASHIDING,ST,RINZING WANGYAL KAZI,SDF,1512,2,33.14,,,,33.14
Sikkim,1994,4,2,TASHIDING,ST,DAWGYAL P. BHUTIA,INC,621,3,13.61,2,CHEWANG BHUTIA,-1,4.1
Sikkim,1994,4,3,GEYZING,GEN,DAL BAHADUR GURUNG,SDF,2893,1,51.27,,,,51.27
Sikkim,1994,4,3,GEYZING,GEN,DAL BAHADUR KARKI,SSP,1412,2,25.02,1,MAN BAHADUR DAHAL,-1,-47.39
Sikkim,1994,4,3,GEYZING,GEN,BHIM NARAYAN TEWARI,INC,930,3,16.48,3,RAM MAYA CHETRI,0,10.14
Sikkim,1994,4,4,DENTAM,GEN,CHAKRA BAHADUR SUBBA,SDF,2193,1,40.84,,,,40.84
Sikkim,1994,4,4,DENTAM,GEN,PADAM LAL GURUNG,SSP,1844,2,34.34,1,PADAM LALL GURUNG,-1,-39.8
Sikkim,1994,4,4,DENTAM,GEN,KHARKA DHOJ SUBBA,INC,1042,3,19.4,3,LAXMI PRASAD SUBBA,0,7.07
Sikkim,1994,4,5,BARMIOK,GEN,TULSHI PD. PRADHAN,SDF,2007,1,43.49,,,,43.49
Sikkim,1994,4,5,BARMIOK,GEN,BIRENDRA SUBBA,SSP,1552,2,33.63,1,BIR BAL SUBBA,-1,-35.62
Sikkim,1994,4,5,BARMIOK,GEN,BIRBAL TAMLING,INC,967,3,20.95,4,RAN BAHADUR SUBBA,1,19.37
Sikkim,1994,4,5,BARMIOK,GEN,PUSHPA LALL SHARMA,RSP,30,4,0.65,,,,0.65
Sikkim,1994,4,6,RINCHENPONG,ST,PHUR TSH. LEPCHA,SDF,3181,1,60.39,,,,60.39
Sikkim,1994,4,6,RINCHENPONG,ST,PHURBA SHERPA,SSP,1456,2,27.64,1,CHONG LAMU BHUTIA,-1,-42.41
Sikkim,1994,4,6,RINCHENPONG,ST,KINTUP BHUTIA,INC,482,3,9.15,2,PHUR TSERING LEPCHA,-1,-15.15
Sikkim,1994,4,7,CHAKUNG,GEN,PREM SINGH TAMANG,SDF,3372,1,59.48,,,,59.48
Sikkim,1994,4,7,CHAKUNG,GEN,TIKA GURUNG,SSP,1766,2,31.15,1,TARA MAN RAI,-1,-52.12
Sikkim,1994,4,7,CHAKUNG,GEN,PREM PRAKASH GURUNG,INC,515,3,9.08,3,CHAKRA BAHADUR GURUNG,0,6.56
Sikkim,1994,4,8,SOREONG,GEN,NAR BAHADUR BHANDARI,SSP,3291,1,51.83,1,NAR BAHADUR BHANDARI,0,-39.7
Sikkim,1994,4,8,SOREONG,GEN,MAN BAHADUR SUBBA,SDF,2886,2,45.46,,,,45.46
Sikkim,1994,4,9,DARAMDIN,GEN,RAN BAHADUR SUBBA,SDF,3832,1,62.3,,,,62.3
Sikkim,1994,4,9,DARAMDIN,GEN,PADAM BAHADUR GURUNG,SSP,2022,2,32.87,1,PADAM BAHADUR GURUNG,-1,-45.07
Sikkim,1994,4,9,DARAMDIN,GEN,SATISH MOHAN PRADHAN,INC,124,4,2.02,2,RAM BAHADUR LIMBU,-2,-17.9
Sikkim,1994,4,10,JORTHANG-NAYABAZAR,GEN,BHOJ RAJ RAI,SDF,4160,1,59,,,,59
Sikkim,1994,4,10,JORTHANG-NAYABAZAR,GEN,DIL KUMARI BHANDARI,SSP,2519,2,35.73,1,BHIM RAJ RAI,-1,-40.38
Sikkim,1994,4,10,JORTHANG-NAYABAZAR,GEN,BUDHA MAYA SUBBA,INC,315,3,4.47,2,RAJAN GURUNG,-1,-15.62
Sikkim,1994,4,11,RALONG,ST,DORJEE DAZOM BHUTIA,SDF,2017,1,45.73,,,,45.73
Sikkim,1994,4,11,RALONG,ST,UGEN TASHI BHUTIA,SSP,1135,2,25.73,1,SONAM GYATSO KALEON,-1,-64.01
Sikkim,1994,4,11,RALONG,ST,SONAM GYATSO KALEON,INC,1052,3,23.85,2,DORJEE DOZOM BHUTIA,-1,14.85
Sikkim,1994,4,12,WAK,GEN,KEDAR NATH RAI,SDF,2301,1,53.02,,,,53.02
Sikkim,1994,4,12,WAK,GEN,BEDU SINGH PANTH,SSP,1469,2,33.85,1,BEDU SINGH PANT,-1,-54.78
Sikkim,1994,4,12,WAK,GEN,CHANDRA LAL RAI,INC,495,3,11.41,2,SUK BAHADUR RAI,-1,4.42
Sikkim,1994,4,13,DAMTHANG,GEN,PAWAN KUMAR CHAMLING,SDF,3904,1,70.27,,,,70.27
Sikkim,1994,4,13,DAMTHANG,GEN,KUMAR SUBBA,SSP,1463,2,26.33,1,PAWAN KUMAR CHAMLING,-1,-67.94
Sikkim,1994,4,13,DAMTHANG,GEN,ANAND LAMA,INC,136,3,2.45,2,SURAJ KUMAR KHARTAN,-1,-3.28
Sikkim,1994,4,14,MELLI,GEN,GIRISH CHANDRA RAI,SDF,3108,1,52.63,,,,52.63
Sikkim,1994,4,14,MELLI,GEN,MANITA PRADHAN,SSP,2153,2,36.46,1,DILLIRAM BASNET,-1,-39.23
Sikkim,1994,4,14,MELLI,GEN,DEO NARAYAN PRADHAN,INC,559,3,9.47,,,,9.47
Sikkim,1994,4,15,RATEYPANI - WEST PENDAM,SC,AITA SINGH KAMI,SDF,3409,1,55.64,,,,55.64
Sikkim,1994,4,15,RATEYPANI - WEST PENDAM,SC,MADAN KUMAR CINTURY,SSP,2186,2,35.68,1,CHANDRA KUMAR MOHORA,-1,-39.53
Sikkim,1994,4,15,RATEYPANI - WEST PENDAM,SC,B.B. LOHAR,INC,357,3,5.83,2,MADHUKAR DARJEE,-1,-7.5
Sikkim,1994,4,15,RATEYPANI - WEST PENDAM,SC,KAMAL KUMAR KHATI,RSP,88,4,1.44,,,,1.44
Sikkim,1994,4,16,TEMI-TARKU,GEN,GARJAMAN GURUNG,SDF,3273,1,57.2,,,,57.2
Sikkim,1994,4,16,TEMI-TARKU,GEN,INDRA BAHADUR RAI,SSP,2148,2,37.54,1,I. B. RAI,-1,-37.56
Sikkim,1994,4,16,TEMI-TARKU,GEN,NAR BAHADUR KHATIWADA,INC,256,3,4.47,3,NAR BAHADUR KHATIWARA,0,0.02
Sikkim,1994,4,17,CENTRAL PENDAM-EAST PENDAM,GEN,DILLI PD. KHAREL,SDF,2712,1,35.85,,,,35.85
Sikkim,1994,4,17,CENTRAL PENDAM-EAST PENDAM,GEN,SANG DORJEE TAMANG,SSP,2530,2,33.45,1,SUKUMAR PRADHAN,-1,-25.4
Sikkim,1994,4,17,CENTRAL PENDAM-EAST PENDAM,GEN,PUSPAK RAM SUBBA,INC,838,4,11.08,3,MADAN KUMAR CHETRI,-1,3.69
Sikkim,1994,4,17,CENTRAL PENDAM-EAST PENDAM,GEN,YOGA NIDHI BHANDARI,RSP,234,5,3.09,,,,3.09
Sikkim,1994,4,17,CENTRAL PENDAM-EAST PENDAM,GEN,MITRA LALL DHUNGEL,BJP,91,6,1.2,,,,1.2
Sikkim,1994,4,17,CENTRAL PENDAM-EAST PENDAM,GEN,DUK NATH NEPAL,CPM,75,7,0.99,,,,0.99
Sikkim,1994,4,18,RHENOCK,GEN,KHARA NANDA UPRETI,SSP,2336,1,46.52,1,KHARANANDA UPRETY,0,-13.75
Sikkim,1994,4,18,RHENOCK,GEN,BIRAJ ADHIKARI,SDF,1645,2,32.76,,,,32.76
Sikkim,1994,4,18,RHENOCK,GEN,BHAWANI PD. DAHAL,INC,710,3,14.14,2,KIRAN CHETTRI,-1,-19.24
Sikkim,1994,4,18,RHENOCK,GEN,SANTOSH KR. PRADHAN,RSP,297,4,5.92,,,,5.92
Sikkim,1994,4,19,REGU,GEN,KARNA BDR. CHAMLING,SDF,2619,1,49.16,,,,49.16
Sikkim,1994,4,19,REGU,GEN,KRISHNA BDR. RAI,SSP,2435,2,45.7,1,RAJENDRA PRASAD UPRETY,-1,-11.99
Sikkim,1994,4,19,REGU,GEN,TULSHI RAM SHARMA,BJP,137,3,2.57,,,,2.57
Sikkim,1994,4,19,REGU,GEN,PURNA KR. GURUNG,INC,87,4,1.63,2,KARNA BAHADUR,-2,-34.63
Sikkim,1994,4,20,PATHING,ST,RAM LEPCHA,SSP,2625,1,43.4,1,RAM LEPCHA,0,-25.35
Sikkim,1994,4,20,PATHING,ST,SONAM DORJEE,SDF,1848,2,30.56,,,,30.56
Sikkim,1994,4,20,PATHING,ST,SANGEY DORJEE BHUTIA,INC,1030,3,17.03,2,SANGEY DORJEE,-1,-11.96
Sikkim,1994,4,20,PATHING,ST,PALDEN BHUTIA,RSP,110,5,1.82,,,,1.82
Sikkim,1994,4,21,LOOSING PACHEKHANI,GEN,DIL BDR. THAPA,SDF,1497,1,31.3,,,,31.3
Sikkim,1994,4,21,LOOSING PACHEKHANI,GEN,JAI KR. BHANDARI,SSP,1485,2,31.05,1,RUPRAJ RAI,-1,-21.21
Sikkim,1994,4,21,LOOSING PACHEKHANI,GEN,RAM CHANDRA POUDYAL,RSP,1378,3,28.81,,,,28.81
Sikkim,1994,4,21,LOOSING PACHEKHANI,GEN,RUP RAJ RAI,INC,335,4,7,3,BHARAT SINGH RAI,-1,3.29
Sikkim,1994,4,22,KHAMDONG,SC,GOPAL LAMICHANEY,SDF,3260,1,52.21,,,,52.21
Sikkim,1994,4,22,KHAMDONG,SC,GANJU THATAL,SSP,2164,2,34.66,1,BIRKHAMAN RAMUDAMU,-1,-36.6
Sikkim,1994,4,22,KHAMDONG,SC,BIRKHA MAN RAMUDAMU,INC,501,3,8.02,3,PURNA BAHADUR LAMICHANEY,0,2.18
Sikkim,1994,4,22,KHAMDONG,SC,DAL BDR. THATAL,RSP,238,4,3.81,,,,3.81
Sikkim,1994,4,23,DJONGU,ST,SONAM GHYODA LEPCHA,INC,1550,1,40.32,2,ATHUP LEPCHA,1,14.85
Sikkim,1994,4,23,DJONGU,ST,SONAM DORJEE LEPCHA,SSP,1503,2,39.1,1,SONAM CHHYODA LEPCHA,-1,-33.92
Sikkim,1994,4,23,DJONGU,ST,CHOPHEL LEPCHA,SDF,782,3,20.34,,,,20.34
Sikkim,1994,4,24,LACHEN MANGSHILA,ST,HISHEY LACHUNGPA,SDF,2316,1,45.42,,,,45.42
Sikkim,1994,4,24,LACHEN MANGSHILA,ST,TSETEN LEPCHA,INC,1420,2,27.85,2,NIMCHING LEPCHA,0,-0.81
Sikkim,1994,4,24,LACHEN MANGSHILA,ST,GANDEN TSH. LACHUNGPA,SSP,1363,3,26.73,1,TASA TENGEY LEPCHA,-2,-41.36
Sikkim,1994,4,25,KABI TINGDA,ST,THENLAY TSERING BHUTIA,SDF,1554,1,39.05,,,,39.05
Sikkim,1994,4,25,KABI TINGDA,ST,T. LACHUNGPA,INC,1499,2,37.66,2,KALZANG GYATSO,0,-3.1
Sikkim,1994,4,25,KABI TINGDA,ST,PEMA SHERAP LEPCHA,SSP,909,3,22.84,1,HANGU TSHERING BHUTIA,-2,-35.21
Sikkim,1994,4,26,RAKDONG TENTEK,ST,MINGMA TSH. SHERPA,SSP,2835,1,54.54,1,PHUCHUNG BHUTIA,0,-11.2
Sikkim,1994,4,26,RAKDONG TENTEK,ST,PHUCHUNG BHUTIA,INC,880,2,16.93,3,DAWA LHAMU,1,13.18
Sikkim,1994,4,26,RAKDONG TENTEK,ST,DAWA TSHERING SHERPA,SDF,475,3,9.14,,,,9.14
Sikkim,1994,4,26,RAKDONG TENTEK,ST,SONAM TSHERING BHUTIA,RSP,447,4,8.6,,,,8.6
Sikkim,1994,4,26,RAKDONG TENTEK,ST,RINZING BHUTIA,CPM,195,5,3.75,,,,3.75
Sikkim,1994,4,27,MARTAM,ST,DORJEE TSH. LEPCHA,SSP,2955,1,49.97,1,CHAMLA TSHERING,0,0.6
Sikkim,1994,4,27,MARTAM,ST,SAMTEN TSH. BHUTIA,SDF,1647,2,27.85,,,,27.85
Sikkim,1994,4,27,MARTAM,ST,RINCHEN TOPDEN,INC,1267,3,21.43,2,SAMTEN TSHERING,-1,-6.62
Sikkim,1994,4,27,MARTAM,ST,CHULTHEM BHUTIA,RSP,19,5,0.32,,,,0.32
Sikkim,1994,4,28,RUMTEK,ST,MENLOM LEPCHA,SSP,2934,1,43.87,1,O. T. BHUTIA,0,-21.42
Sikkim,1994,4,28,RUMTEK,ST,KARMA TEMPO NAMGYAL GYALTSEN,SDF,1969,2,29.44,,,,29.44
Sikkim,1994,4,28,RUMTEK,ST,O.T. BHUTIA,INC,1496,3,22.37,2,SONAM PINTSO WANGDI,-1,-6.39
Sikkim,1994,4,28,RUMTEK,ST,UTTAM LEPCHA,RSP,48,5,0.72,,,,0.72
Sikkim,1994,4,29,ASSAM-LINGJEY,ST,TSETEN TASHI,SSP,1574,1,31.68,1,SONAM DUPDEN LEPCHA,0,-30.04
Sikkim,1994,4,29,ASSAM-LINGJEY,ST,NAMGEY BHUTIA,SDF,1388,2,27.93,,,,27.93
Sikkim,1994,4,29,ASSAM-LINGJEY,ST,MAJOR T. GYATSO,INC,283,5,5.7,2,SHERAB PALDEN,-3,-25.28
Sikkim,1994,4,30,RANKA,ST,RINZING ONGMU,SSP,2200,1,37.56,1,DORJEE TSHERING,0,-24.25
Sikkim,1994,4,30,RANKA,ST,TSETEN LEPCHA,SDF,2182,2,37.25,,,,37.25
Sikkim,1994,4,30,RANKA,ST,DRUG TRUK GYATSO LEPCHA,INC,1375,3,23.48,2,SONAM TSH. LEPCHA,-1,-11.45
Sikkim,1994,4,30,RANKA,ST,PALDEN BHUTIA,RSP,17,6,0.29,,,,0.29
Sikkim,1994,4,31,GANGTOK,GEN,NARENDRA KR. PRADHAN,SSP,2798,1,39.55,1,MANITA PRADHAN,0,-16.85
Sikkim,1994,4,31,GANGTOK,GEN,DILLI PD. DHUNGEL,INC,2070,2,29.26,2,DILLI PRASAD DHUNGEL,0,-11.93
Sikkim,1994,4,31,GANGTOK,GEN,SHER BDR. SUBEDI,SDF,1253,3,17.71,,,,17.71
Sikkim,1994,4,31,GANGTOK,GEN,KIRAN CHHETRI,BJP,46,8,0.65,,,,0.65
Sikkim,1994,4,32,SANGHA,GEN,NAMKHAGYALTSEN LAMA,INC,767,1,47.08,3,RIKZING LAMA,2,33.5
Sikkim,1994,4,32,SANGHA,GEN,PALDEN LAMA,SDF,643,2,39.47,,,,39.47
Sikkim,1989,3,1,YOKSAM,GEN,SANCHAMAN SUBBA,SSP,2609,1,60.27,1,SANCHA MAN SUBBA,0,10.9
Sikkim,1989,3,1,YOKSAM,GEN,ASHOK KUMAR SUBBA,INC,1540,2,35.57,2,SHRIJETHA SUBBA,0,18.01
Sikkim,1989,3,1,YOKSAM,GEN,PERTHIRAJ SUBBA,DPC,124,3,2.86,,,,2.86
Sikkim,1989,3,1,YOKSAM,GEN,DHAN PRASAD SUBBA,RIS,56,4,1.29,,,,1.29
Sikkim,1989,3,2,TASHIDING BL,GEN,UGEN PRITSO BHUTIA,SSP,3249,1,89.06,1,UGEN PINTSO BHUTIA,0,23.11
Sikkim,1989,3,2,TASHIDING BL,GEN,CHEWANG BHUTIA,INC,347,2,9.51,2,DAWGYAL PINTSO BHUTIA,0,-17.23
Sikkim,1989,3,2,TASHIDING BL,GEN,TSHERING WONGDI BHUTIA,RIS,52,3,1.43,,,,1.43
Sikkim,1989,3,3,GEYZING,GEN,MAN BAHADUR DAHAL,SSP,3175,1,72.41,1,MAN BAHADUR DAHAL,0,17.42
Sikkim,1989,3,3,GEYZING,GEN,GARJAMAN SUBBA,RIS,932,2,21.25,,,,21.25
Sikkim,1989,3,3,GEYZING,GEN,RAM MAYA CHETRI,INC,278,3,6.34,3,NANDA KUMAR SUBEDI,0,-9.88
Sikkim,1989,3,4,DENTAM,GEN,PADAM LALL GURUNG,SSP,3102,1,74.14,1,PADAM LALL GURUNG,0,-3.05
Sikkim,1989,3,4,DENTAM,GEN,PUSPA MANI CHETTRI,RIS,566,2,13.53,,,,13.53
Sikkim,1989,3,4,DENTAM,GEN,LAXMI PRASAD SUBBA,INC,516,3,12.33,2,LAXMI PRASAD SUBBA,-1,-4.55
Sikkim,1989,3,5,BARMIOK,GEN,BIR BAL SUBBA,SSP,2624,1,69.25,1,BIRBAL SUBBA,0,25.46
Sikkim,1989,3,5,BARMIOK,GEN,RAM CHANDRA POUDYAL,RIS,1001,2,26.42,,,,26.42
Sikkim,1989,3,5,BARMIOK,GEN,JANARDHAN LIMBOO,DPC,83,3,2.19,,,,2.19
Sikkim,1989,3,5,BARMIOK,GEN,RAN BAHADUR SUBBA,INC,60,4,1.58,2,MANITA PRDHAN,-2,-39.79
Sikkim,1989,3,6,RINCHENPONG BL,GEN,CHONG LAMU BHUTIA,SSP,2914,1,70.05,1,ONGDI BHUTIA,0,24.12
Sikkim,1989,3,6,RINCHENPONG BL,GEN,PHUR TSERING LEPCHA,INC,1011,2,24.3,3,PHUR TSKERING LEPVHA,1,11.86
Sikkim,1989,3,6,RINCHENPONG BL,GEN,UGEN PALZOR GYALSTEN,RIS,127,3,3.05,,,,3.05
Sikkim,1989,3,6,RINCHENPONG BL,GEN,TASHI WONGDI FUNPO,DPC,89,4,2.14,,,,2.14
Sikkim,1989,3,7,CHAKUNG,GEN,TARA MAN RAI,SSP,3804,1,83.27,1,TARAMAN RAI,0,26.09
Sikkim,1989,3,7,CHAKUNG,GEN,CHAKRA BAHADUR GURUNG,INC,115,3,2.52,2,BHIM BAHADUR GURUNG,-1,-34.98
Sikkim,1989,3,7,CHAKUNG,GEN,VINOD KUMAR DUNGMALI,RIS,85,4,1.86,,,,1.86
Sikkim,1989,3,8,SOREONG,GEN,NAR BAHADUR BHANDARI,SSP,4712,1,91.53,1,NAR BAHADUR BHANDARI,0,11.05
Sikkim,1989,3,8,SOREONG,GEN,PAHAL MAN SUBBA,INC,400,2,7.77,2,DURGA LAMA PRADHAN,0,-9.42
Sikkim,1989,3,8,SOREONG,GEN,MANDODRA SHARMA,RIS,36,3,0.7,,,,0.7
Sikkim,1989,3,9,DARAMDIN,GEN,PADAM BAHADUR GURUNG,SSP,3745,1,77.94,1,PADAM BAHADUR GURUNG,0,14.23
Sikkim,1989,3,9,DARAMDIN,GEN,RAM BAHADUR LIMBU,INC,957,2,19.92,2,RAM BAHADUR SUBBA,0,-11.5
Sikkim,1989,3,9,DARAMDIN,GEN,BOM PRASAD SUBBA,RIS,28,4,0.58,,,,0.58
Sikkim,1989,3,10,JORTHANG-NAYABAZAR,GEN,BHIM RAJ RAI,SSP,4023,1,76.11,1,BHIM RAJ RAI,0,7.22
Sikkim,1989,3,10,JORTHANG-NAYABAZAR,GEN,RAJAN GURUNG,INC,1062,2,20.09,2,ASHARMAN RAI,0,5.18
Sikkim,1989,3,10,JORTHANG-NAYABAZAR,GEN,BIRKHA RAI,RIS,201,3,3.8,,,,3.8
Sikkim,1989,3,11,RALONG BL,GEN,SONAM GYATSO KALEON,SSP,2903,1,89.74,1,SONAM GYATSO,0,22.32
Sikkim,1989,3,11,RALONG BL,GEN,DORJEE DOZOM BHUTIA,INC,291,2,9,2,KAZI LHENDUP DORJEE KHANGSHARPA,0,-13.88
Sikkim,1989,3,11,RALONG BL,GEN,PASSANG SHERPA,RIS,41,3,1.27,,,,1.27
Sikkim,1989,3,12,WAK,GEN,BEDU SINGH PANT,SSP,2930,1,88.63,1,BEDU SINGH CHETTRI,0,19.53
Sikkim,1989,3,12,WAK,GEN,SUK BAHADUR RAI,INC,231,2,6.99,2,CHANDRA DAS RAI,0,-18.88
Sikkim,1989,3,12,WAK,GEN,KUL BAHADUR RAI,RIS,145,3,4.39,,,,4.39
Sikkim,1989,3,13,DAMTHANG,GEN,PAWAN KUMAR CHAMLING,SSP,4227,1,94.27,1,PAWAN KUMAR CHAMLING,0,20.48
Sikkim,1989,3,13,DAMTHANG,GEN,SURAJ KUMAR KHARTAN,INC,257,2,5.73,2,PRADEEP YONZONG,0,-11.06
Sikkim,1989,3,14,MELLI,GEN,DILLIRAM BASNET,SSP,3400,1,75.69,1,DILLI RAM BASNET,0,4.88
Sikkim,1989,3,14,MELLI,GEN,MAN BAHADUR TAMANG,RIS,287,3,6.39,,,,6.39
Sikkim,1989,3,15,RATEYPANI - WEST PENDAM,SC,CHANDRA KUMAR MOHORA,SSP,3401,1,75.21,1,CHANDRA KUMAR MIHORA,0,6.76
Sikkim,1989,3,15,RATEYPANI - WEST PENDAM,SC,MADHUKAR DARJEE,INC,603,2,13.33,2,BADRI THATAL,0,-3.51
Sikkim,1989,3,15,RATEYPANI - WEST PENDAM,SC,K. K. THATAL,RIS,518,3,11.46,,,,11.46
Sikkim,1989,3,16,TEMI-TARKU,GEN,I. B. RAI,SSP,3091,1,75.1,1,INDRA BAHADUR RAI,0,5.27
Sikkim,1989,3,16,TEMI-TARKU,GEN,NAR BAHADUR KHATIWARA,INC,183,3,4.45,2,D. B. BASNET,-1,-6.29
Sikkim,1989,3,16,TEMI-TARKU,GEN,RAM PRASAD DHAKAL,RIS,135,4,3.28,,,,3.28
Sikkim,1989,3,17,CENTRAL PENDAM-EAST PENDAM,GEN,SUKUMAR PRADHAN,SSP,3168,1,58.85,1,SUKUMAR PRADHAN,0,-4.59
Sikkim,1989,3,17,CENTRAL PENDAM-EAST PENDAM,GEN,YOGANIDHI BHANDARI,RIS,1817,2,33.75,,,,33.75
Sikkim,1989,3,17,CENTRAL PENDAM-EAST PENDAM,GEN,MADAN KUMAR CHETRI,INC,398,3,7.39,2,B. KHREL,-1,-25.14
Sikkim,1989,3,18,RHENOCK,GEN,KHARANANDA UPRETY,SSP,2295,1,60.27,1,K. N. UPRETTI,0,0.53
Sikkim,1989,3,18,RHENOCK,GEN,KIRAN CHETTRI,INC,1271,2,33.38,2,B. P. DAHAL,0,9.97
Sikkim,1989,3,18,RHENOCK,GEN,BAL KRISHNA UPRETY,RIS,226,3,5.93,,,,5.93
Sikkim,1989,3,19,REGU,GEN,RAJENDRA PRASAD UPRETY,SSP,2479,1,57.69,1,TULSHI SHARMA,0,11.93
Sikkim,1989,3,19,REGU,GEN,KARNA BAHADUR,INC,1558,2,36.26,2,KARNA BAHADUR,0,7.68
Sikkim,1989,3,19,REGU,GEN,SURMADAN CHETRI,RIS,196,3,4.56,,,,4.56
Sikkim,1989,3,20,PATHING BL,GEN,RAM LEPCHA,SSP,3225,1,68.75,1,RAM LEPCHA,0,-3.97
Sikkim,1989,3,20,PATHING BL,GEN,SANGEY DORJEE,INC,1360,2,28.99,2,SANGAY DORJEE BHUTIA,0,3.61
Sikkim,1989,3,20,PATHING BL,GEN,PALDEN BHUTIA,RIS,106,3,2.26,,,,2.26
Sikkim,1989,3,21,LOOSING PACHEKHANI,GEN,RUPRAJ RAI,SSP,1859,1,52.26,1,BHAKIA BHADUR KHULAL,0,-15.22
Sikkim,1989,3,21,LOOSING PACHEKHANI,GEN,RAM CHANDRA POUDYAL,RIS,1566,2,44.03,,,,44.03
Sikkim,1989,3,21,LOOSING PACHEKHANI,GEN,BHARAT SINGH RAI,INC,132,3,3.71,2,RAM CHANDRA PANDYAL,-1,-28.2
Sikkim,1989,3,22,KHAMDONG,SC,BIRKHAMAN RAMUDAMU,SSP,3330,1,71.26,1,BIRKHAMAN RAMUKAMI,0,-9.5
Sikkim,1989,3,22,KHAMDONG,SC,GANGA DARJEE,RIS,973,2,20.82,,,,20.82
Sikkim,1989,3,22,KHAMDONG,SC,PURNA BAHADUR LAMICHANEY,INC,273,3,5.84,2,PURNA BAHADUR,-1,-11
Sikkim,1989,3,23,DJONGU BL,GEN,SONAM CHHYODA LEPCHA,SSP,2322,1,73.02,1,SONAM CHODA LEPCHA,0,10.19
Sikkim,1989,3,23,DJONGU BL,GEN,ATHUP LEPCHA,INC,810,2,25.47,2,ATHUP LEPCHA,0,-7.25
Sikkim,1989,3,23,DJONGU BL,GEN,CHUDEN LEPCHA,RIS,48,3,1.51,,,,1.51
Sikkim,1989,3,24,LACHEN MANGSHILA BL,GEN,TASA TENGEY LEPCHA,SSP,2452,1,68.09,1,THOKCHOK BHUTIA,0,9.03
Sikkim,1989,3,24,LACHEN MANGSHILA BL,GEN,NIMCHING LEPCHA,INC,1032,2,28.66,2,TENZING DADUL,0,-7.96
Sikkim,1989,3,24,LACHEN MANGSHILA BL,GEN,LODEN LEPCHA,RIS,42,4,1.17,,,,1.17
Sikkim,1989,3,25,KABI TINGDA BL,GEN,HANGU TSHERING BHUTIA,SSP,1806,1,58.05,2,GEYCHING BHUTIA,1,24.33
Sikkim,1989,3,25,KABI TINGDA BL,GEN,KALZANG GYATSO,INC,1268,2,40.76,1,KALZANG GYATSO,-1,-7.94
Sikkim,1989,3,25,KABI TINGDA BL,GEN,SONAM DORJEE,RIS,37,3,1.19,,,,1.19
Sikkim,1989,3,26,RAKDONG TENTEK BL,GEN,PHUCHUNG BHUTIA,SSP,2650,1,65.74,1,PHUCHUNG BHUTIA,0,3.21
Sikkim,1989,3,26,RAKDONG TENTEK BL,GEN,RINZING TONGDEN,RIS,1230,2,30.51,,,,30.51
Sikkim,1989,3,26,RAKDONG TENTEK BL,GEN,DAWA LHAMU,INC,151,3,3.75,2,SONAM TSHERING BHUTIA,-1,-15.6
Sikkim,1989,3,27,MARTAM BL,GEN,CHAMLA TSHERING,SSP,1968,1,49.37,1,CHAMLA TSERING BHUTIA,0,-24.23
Sikkim,1989,3,27,MARTAM BL,GEN,SAMTEN TSHERING,INC,1118,2,28.05,2,PALDEN WANGCHUN,0,5.55
Sikkim,1989,3,27,MARTAM BL,GEN,PHIGU THAKPA,RIS,137,4,3.44,,,,3.44
Sikkim,1989,3,28,RUMTEK BL,GEN,O. T. BHUTIA,SSP,3126,1,65.29,1,ONGAY TOB SHUTIA,0,3.85
Sikkim,1989,3,28,RUMTEK BL,GEN,SONAM PINTSO WANGDI,INC,1377,2,28.76,2,RINZING ONGMO,0,8.61
Sikkim,1989,3,28,RUMTEK BL,GEN,PHIGU TSHERING,RIS,285,3,5.95,,,,5.95
Sikkim,1989,3,29,ASSAM-LINGJEY BL,GEN,SONAM DUPDEN LEPCHA,SSP,2359,1,61.72,1,SONAM DAPDEN LEPCHA,0,5.84
Sikkim,1989,3,29,ASSAM-LINGJEY BL,GEN,SHERAB PALDEN,INC,1184,2,30.98,2,SHERAB PALDEN,0,-3.35
Sikkim,1989,3,29,ASSAM-LINGJEY BL,GEN,SONAM TSHERING BHUTIA,RIS,279,3,7.3,,,,7.3
Sikkim,1989,3,30,RANKA BL,GEN,DORJEE TSHERING,SSP,2909,1,61.81,1,DORJEE TSHERING BHUTIA,0,-3.76
Sikkim,1989,3,30,RANKA BL,GEN,SONAM TSH. LEPCHA,INC,1644,2,34.93,2,NAMGYAL TOPGAY BHUTIA,0,2.84
Sikkim,1989,3,30,RANKA BL,GEN,NEPHEW BHUTIA,RIS,153,3,3.25,,,,3.25
Sikkim,1989,3,31,GANGTOK,GEN,MANITA PRADHAN,SSP,3415,1,56.4,2,DIL KUMARI BHANDARI,1,18.84
Sikkim,1989,3,31,GANGTOK,GEN,DILLI PRASAD DHUNGEL,INC,2494,2,41.19,3,M.K.CHETRI,1,31.12
Sikkim,1989,3,31,GANGTOK,GEN,LALL BAHADUR BASNETT,RIS,129,3,2.13,,,,2.13
Sikkim,1989,3,32,SANGHA,GEN,NANJHA GYALTSEN,SSP,806,1,54.72,1,NAMKHA GYALTSEN,0,2.4
Sikkim,1989,3,32,SANGHA,GEN,RIKZING LAMA,INC,200,3,13.58,2,LACHEN GOMCHEN RINPOCHI,-1,-34.1
Sikkim,1989,3,32,SANGHA,GEN,PEGYAL,RIS,38,4,2.58,,,,2.58
Sikkim,1989,3,32,SANGHA,GEN,TSHERING LAMA,DPC,2,6,0.14,,,,0.14
Sikkim,1985,2,1,YOKSAM,GEN,SANCHA MAN SUBBA,SSP,1535,1,49.37,,,,49.37
Sikkim,1985,2,1,YOKSAM,GEN,SHRIJETHA SUBBA,INC,546,2,17.56,,,,17.56
Sikkim,1985,2,1,YOKSAM,GEN,ASHOK KUMAR SUBBA,JNP,426,3,13.7,4,RAM BAHADUR LIMBOO,1,0.66
Sikkim,1985,2,2,TASHIDING,ST,UGEN PINTSO BHUTIA,SSP,1586,1,65.95,,,,65.95
Sikkim,1985,2,2,TASHIDING,ST,DAWGYAL PINTSO BHUTIA,INC,643,2,26.74,,,,26.74
Sikkim,1985,2,2,TASHIDING,ST,CHOJEN BHUTIA,JNP,10,5,0.42,2,PHURBA WANGYAL LASSOPA,-3,-32.03
Sikkim,1985,2,2,TASHIDING,ST,PHURBA WANGYAL LASSOPA,SPC,9,6,0.37,3,LAGO TSERING BHUTIA,-3,-8.1
Sikkim,1985,2,3,GEYZING,GEN,MAN BAHADUR DAHAL,SSP,1702,1,54.99,,,,54.99
Sikkim,1985,2,3,GEYZING,GEN,NANDA KUMAR SUBEDI,INC,502,3,16.22,,,,16.22
Sikkim,1985,2,3,GEYZING,GEN,AITA RAJ LIMBOO,JNP,64,4,2.07,3,DUDRAJ GURUNG,-1,-10.09
Sikkim,1985,2,3,GEYZING,GEN,DHAN BAHADUR BASNET,SPC,5,9,0.16,4,DHAN BAHADUR BASNET,-5,-8.79
Sikkim,1985,2,4,DENTAM,GEN,PADAM LALL GURUNG,SSP,2355,1,77.19,,,,77.19
Sikkim,1985,2,4,DENTAM,GEN,LAXMI PRASAD SUBBA,INC,515,2,16.88,,,,16.88
Sikkim,1985,2,4,DENTAM,GEN,PADAM SINGH SUBBA,JNP,56,3,1.84,5,PHUR TSHERING LUCKSOM,2,-2.9
Sikkim,1985,2,4,DENTAM,GEN,KRISHON BAHADUR CHETTRI,SPC,1,7,0.03,4,PRATAP SINGH TEWARI,-3,-9.35
Sikkim,1985,2,5,BARMIOK,GEN,BIRBAL SUBBA,SSP,1287,1,43.79,,,,43.79
Sikkim,1985,2,5,BARMIOK,GEN,MANITA PRDHAN,INC,1216,2,41.37,,,,41.37
Sikkim,1985,2,5,BARMIOK,GEN,HARISH CHANDRA,SPC,12,6,0.41,3,BHAKTA BAHADUR CHETTRI,-3,-19.81
Sikkim,1985,2,6,RINCHENPONG,ST,ONGDI BHUTIA,SSP,1418,1,45.93,,,,45.93
Sikkim,1985,2,6,RINCHENPONG,ST,PHUR TSKERING LEPVHA,INC,384,3,12.44,,,,12.44
Sikkim,1985,2,7,CHAKUNG,GEN,TARAMAN RAI,SSP,1944,1,57.18,,,,57.18
Sikkim,1985,2,7,CHAKUNG,GEN,BHIM BAHADUR GURUNG,INC,1275,2,37.5,,,,37.5
Sikkim,1985,2,7,CHAKUNG,GEN,GOVIND PRASAD TIWARI,JNP,16,5,0.47,3,RASTAMAN RAI,-2,-9.43
Sikkim,1985,2,8,SOREONG,GEN,NAR BAHADUR BHANDARI,SSP,2964,1,80.48,,,,80.48
Sikkim,1985,2,8,SOREONG,GEN,DURGA LAMA PRADHAN,INC,633,2,17.19,,,,17.19
Sikkim,1985,2,8,SOREONG,GEN,PURNA BAHADUR LIMBOO,JNP,12,5,0.33,5,PENSUM TARGAIN,0,-3.2
Sikkim,1985,2,9,DARAMDIN,GEN,PADAM BAHADUR GURUNG,SSP,2131,1,63.71,,,,63.71
Sikkim,1985,2,9,DARAMDIN,GEN,RAM BAHADUR SUBBA,INC,1051,2,31.42,,,,31.42
Sikkim,1985,2,9,DARAMDIN,GEN,BAHADUR SUBBA,JNP,9,5,0.27,2,PHURBA SANGEY SHERPA,-3,-12.2
Sikkim,1985,2,10,JORTHANG-NAYABAZAR,GEN,BHIM RAJ RAI,SSP,2648,1,68.89,,,,68.89
Sikkim,1985,2,10,JORTHANG-NAYABAZAR,GEN,ASHARMAN RAI,INC,573,2,14.91,,,,14.91
Sikkim,1985,2,10,JORTHANG-NAYABAZAR,GEN,DIRGABIR SOBBA,JNP,8,6,0.21,5,S.K. RAI,-1,-11.58
Sikkim,1985,2,10,JORTHANG-NAYABAZAR,GEN,LOCHAN DAS RAI,CPI,6,7,0.16,,,,0.16
Sikkim,1985,2,11,RALONG,ST,SONAM GYATSO,SSP,1697,1,67.42,,,,67.42
Sikkim,1985,2,11,RALONG,ST,KAZI LHENDUP DORJEE KHANGSHARPA,INC,576,2,22.88,7,UGEN TASHI BHUTIA,5,21.38
Sikkim,1985,2,11,RALONG,ST,NINDA BHUTIA,JNP,42,5,1.67,4,KARMA BHUTIA,-1,-16.61
Sikkim,1985,2,11,RALONG,ST,PEMA WANGCHUK BHUTIA,SPC,28,6,1.11,5,NORBU TSHERING BHUTIA,-1,-7.43
Sikkim,1985,2,12,WAK,GEN,BEDU SINGH CHETTRI,SSP,1704,1,69.1,,,,69.1
Sikkim,1985,2,12,WAK,GEN,CHANDRA DAS RAI,INC,638,2,25.87,6,SURAJ KUMAR KHARTAM,4,22.66
Sikkim,1985,2,12,WAK,GEN,PANDURAM RAI,JNP,12,6,0.49,3,PANDU RAM RAI,-3,-11.45
Sikkim,1985,2,13,DAMTHANG,GEN,PAWAN KUMAR CHAMLING,SSP,2281,1,73.79,,,,73.79
Sikkim,1985,2,13,DAMTHANG,GEN,PRADEEP YONZONG,INC,519,2,16.79,6,KALU RAI,4,7.96
Sikkim,1985,2,13,DAMTHANG,GEN,NARMAN TAMANG,JNP,9,6,0.29,4,KHARGA BAHADUR RAI,-2,-9.13
Sikkim,1985,2,14,MELLI,GEN,DILLI RAM BASNET,SSP,2460,1,70.81,,,,70.81
Sikkim,1985,2,14,MELLI,GEN,GRISH CHANDRA RAI,INC,814,2,23.43,8,CHABILALL RAI,6,19.05
Sikkim,1985,2,14,MELLI,GEN,CHABI LAL RAI,JNP,9,4,0.26,4,D.B. BASNET,0,-10.31
Sikkim,1985,2,15,RATEYPANI - WEST PENDAM,SC,CHANDRA KUMAR MIHORA,SSP,2373,1,68.45,,,,68.45
Sikkim,1985,2,15,RATEYPANI - WEST PENDAM,SC,BADRI THATAL,INC,584,2,16.84,5,KUSHUDAS DARJEE,3,14.42
Sikkim,1985,2,16,TEMI-TARKU,GEN,INDRA BAHADUR RAI,SSP,2048,1,69.83,,,,69.83
Sikkim,1985,2,16,TEMI-TARKU,GEN,D. B. BASNET,INC,315,2,10.74,9,INDRA BAHADUR CHHETRI,7,9.26
Sikkim,1985,2,16,TEMI-TARKU,GEN,NAR BAHADUR KHATIWARA,SPC,232,3,7.91,1,NAR BAHADUR KHATIWADA,-2,-29.76
Sikkim,1985,2,16,TEMI-TARKU,GEN,MAN BAHADUR TIWARI,JNP,22,7,0.75,4,PADRINATH PRADHAN,-3,-7.06
Sikkim,1985,2,17,CENTRAL PENDAM-EAST PENDAM,GEN,SUKUMAR PRADHAN,SSP,2742,1,63.44,,,,63.44
Sikkim,1985,2,17,CENTRAL PENDAM-EAST PENDAM,GEN,B. KHREL,INC,1406,2,32.53,7,KAHAR SINGH KARKI,5,30.05
Sikkim,1985,2,17,CENTRAL PENDAM-EAST PENDAM,GEN,PRATAP SINGH GIRI,SPC,26,5,0.6,6,HARI PRASAD CHHETRI,1,-3.12
Sikkim,1985,2,18,RHENOCK,GEN,K. N. UPRETTI,SSP,1809,1,59.74,,,,59.74
Sikkim,1985,2,18,RHENOCK,GEN,B. P. DAHAL,INC,709,2,23.41,3,SUNDER KUMAR NEWAR,1,7.31
Sikkim,1985,2,18,RHENOCK,GEN,KAMALA SUBBA,JNP,90,5,2.97,2,BHUWANI PRASAD DAHAL,-3,-13.41
Sikkim,1985,2,18,RHENOCK,GEN,B. B. MISHRA,CPI,19,6,0.63,,,,0.63
Sikkim,1985,2,19,REGU,GEN,TULSHI SHARMA,SSP,1462,1,45.76,,,,45.76
Sikkim,1985,2,19,REGU,GEN,KARNA BAHADUR,INC,913,2,28.58,3,UDAI CHANDRA VASISTHA,1,13.01
Sikkim,1985,2,19,REGU,GEN,MOHAN GURUNG,CPM,336,4,10.52,,,,10.52
Sikkim,1985,2,20,PATHING,ST,RAM LEPCHA,SSP,2407,1,72.72,,,,72.72
Sikkim,1985,2,20,PATHING,ST,SANGAY DORJEE BHUTIA,INC,840,2,25.38,,,,25.38
Sikkim,1985,2,20,PATHING,ST,SANGAY BHUTIA,SPC,30,4,0.91,4,SANGAY BHUTIA,0,-7.82
Sikkim,1985,2,21,LOOSING PACHEKHANI,GEN,BHAKIA BHADUR KHULAL,SSP,1787,1,67.48,,,,67.48
Sikkim,1985,2,21,LOOSING PACHEKHANI,GEN,RAM CHANDRA PANDYAL,INC,845,2,31.91,7,NARAYAN PRASAD PRADHAN,5,29.77
Sikkim,1985,2,21,LOOSING PACHEKHANI,GEN,RAM KRISHNA RAI,JNP,16,3,0.6,4,SHOVA KANTI LEPCHA,1,-7.82
Sikkim,1985,2,22,KHAMDONG,SC,BIRKHAMAN RAMUKAMI,SSP,2834,1,80.76,,,,80.76
Sikkim,1985,2,22,KHAMDONG,SC,PURNA BAHADUR,INC,591,2,16.84,4,LOYA PRASAD MOHRA,2,13.32
Sikkim,1985,2,22,KHAMDONG,SC,KUSHU DAS DARJEE,SPC,24,4,0.68,1,DAL BAHADUR DAMAI,-3,-35.27
Sikkim,1985,2,23,DJONGU,ST,SONAM CHODA LEPCHA,SSP,1469,1,62.83,,,,62.83
Sikkim,1985,2,23,DJONGU,ST,ATHUP LEPCHA,INC,765,2,32.72,,,,32.72
Sikkim,1985,2,23,DJONGU,ST,ONGDEN LEPCHA,JNP,46,3,1.97,2,KAZI LHENDUP DORJEE KANGSARPA,-1,-24.66
Sikkim,1985,2,24,LACHEN MANGSHILA,ST,THOKCHOK BHUTIA,SSP,1737,1,59.06,,,,59.06
Sikkim,1985,2,24,LACHEN MANGSHILA,ST,TENZING DADUL,INC,1077,2,36.62,,,,36.62
Sikkim,1985,2,24,LACHEN MANGSHILA,ST,NIMCHING LEPCHA,JNP,10,4,0.34,2,TASHA TENGAY LEPCHA,-2,-27.38
Sikkim,1985,2,25,KABI TINGDA,ST,KALZANG GYATSO,INC,1102,1,48.7,,,,48.7
Sikkim,1985,2,25,KABI TINGDA,ST,GEYCHING BHUTIA,SSP,763,2,33.72,,,,33.72
Sikkim,1985,2,25,KABI TINGDA,ST,SONAM WANGDI BHUTIA,JNP,11,6,0.49,2,KALZANG GYATSO,-4,-41.9
Sikkim,1985,2,26,RAKDONG TENTEK,ST,PHUCHUNG BHUTIA,SSP,1829,1,62.53,,,,62.53
Sikkim,1985,2,26,RAKDONG TENTEK,ST,SONAM TSHERING BHUTIA,INC,566,2,19.35,,,,19.35
Sikkim,1985,2,26,RAKDONG TENTEK,ST,PHIGU TSHERING,SPC,17,6,0.58,1,DUGO BHUTIA,-5,-57.02
Sikkim,1985,2,27,MARTAM,ST,CHAMLA TSERING BHUTIA,SSP,2113,1,73.6,,,,73.6
Sikkim,1985,2,27,MARTAM,ST,PALDEN WANGCHUN,INC,646,2,22.5,,,,22.5
Sikkim,1985,2,28,RUMTEK,GEN,ONGAY TOB SHUTIA,SSP,1933,1,61.44,,,,61.44
Sikkim,1985,2,28,RUMTEK,GEN,RINZING ONGMO,INC,634,2,20.15,6,TSHERING PINTSO BHUTIA,4,18.63
Sikkim,1985,2,28,RUMTEK,GEN,PHINGU TSHERING,SPC,18,6,0.57,2,KARMA GYAMPO BHUTIA,-4,-24.21
Sikkim,1985,2,29,ASSAM-LINGJEY,ST,SONAM DAPDEN LEPCHA,SSP,1341,1,55.88,,,,55.88
Sikkim,1985,2,29,ASSAM-LINGJEY,ST,SHERAB PALDEN,INC,824,2,34.33,,,,34.33
Sikkim,1985,2,29,ASSAM-LINGJEY,ST,GOMPA NAMGYAL KAZI,JNP,20,5,0.83,4,NORCHEN LUCKSOM,-1,-4.92
Sikkim,1985,2,29,ASSAM-LINGJEY,ST,DAWA GYALPO KAZI,SPC,4,6,0.17,3,TSHERING DEDUP,-3,-7.18
Sikkim,1985,2,30,RANKA,ST,DORJEE TSHERING BHUTIA,SSP,1880,1,65.57,,,,65.57
Sikkim,1985,2,30,RANKA,ST,NAMGYAL TOPGAY BHUTIA,INC,920,2,32.09,,,,32.09
Sikkim,1985,2,30,RANKA,ST,TASHI TOBGAY BHUTIA,SPC,5,5,0.17,3,RINCHEN LAPCHA,-2,-19.17
Sikkim,1985,2,31,GANGTOK,GEN,DIL KUMARI BHANDARI,SSP,1749,2,37.56,,,,37.56
Sikkim,1985,2,31,GANGTOK,GEN,M.K.CHETRI,INC,469,3,10.07,,,,10.07
Sikkim,1985,2,31,GANGTOK,GEN,KALAWATI SUBBA,SPC,27,8,0.58,5,KAISER BAHADUR THAPA,-3,-5.89
Sikkim,1985,2,31,GANGTOK,GEN,CHYANGHA TAMANG,JNP,25,9,0.54,2,DORJEE DADUL,-7,-26.21
Sikkim,1985,2,32,SANGHA,GEN,NAMKHA GYALTSEN,SSP,383,1,52.32,,,,52.32
Sikkim,1985,2,32,SANGHA,GEN,LACHEN GOMCHEN RINPOCHI,INC,349,2,47.68,,,,47.68
Sikkim,1979,1,1,YOKSAM,GEN,SANCHAMAN LIMBOO,SJP,754,1,31.61,,,,31.61
Sikkim,1979,1,1,YOKSAM,GEN,MOHAN KUMAR GURUNG,SPC,468,3,19.62,,,,19.62
Sikkim,1979,1,1,YOKSAM,GEN,RAM BAHADUR LIMBOO,JNP,311,4,13.04,,,,13.04
Sikkim,1979,1,1,YOKSAM,GEN,MANGAL LIMBOO,SCR,143,6,6,,,,6
Sikkim,1979,1,2,TASHIDING,ST,DAWGYAL PENTSO BHUTIA,SJP,729,1,47.12,,,,47.12
Sikkim,1979,1,2,TASHIDING,ST,PHURBA WANGYAL LASSOPA,JNP,502,2,32.45,,,,32.45
Sikkim,1979,1,2,TASHIDING,ST,LAGO TSERING BHUTIA,SPC,131,3,8.47,,,,8.47
Sikkim,1979,1,2,TASHIDING,ST,PHURBA DORJEE SHERPA,SCR,107,4,6.92,,,,6.92
Sikkim,1979,1,3,GEYZING,GEN,INDRA BAHADUR LIMBOO,SJP,811,1,33.31,,,,33.31
Sikkim,1979,1,3,GEYZING,GEN,NANDA KUMAR SUBEDI,SCR,643,2,26.41,,,,26.41
Sikkim,1979,1,3,GEYZING,GEN,DUDRAJ GURUNG,JNP,296,3,12.16,,,,12.16
Sikkim,1979,1,3,GEYZING,GEN,DHAN BAHADUR BASNET,SPC,218,4,8.95,,,,8.95
Sikkim,1979,1,4,DENTAM,GEN,PADAM LAL GURUNG,SCR,949,1,43.23,,,,43.23
Sikkim,1979,1,4,DENTAM,GEN,PAHALMAN SUBBA,SJP,379,2,17.27,,,,17.27
Sikkim,1979,1,4,DENTAM,GEN,PRATAP SINGH TEWARI,SPC,206,4,9.38,,,,9.38
Sikkim,1979,1,4,DENTAM,GEN,PHUR TSHERING LUCKSOM,JNP,104,5,4.74,,,,4.74
Sikkim,1979,1,5,BARMIOK,GEN,TIL BAHADUR LIMBU,SJP,688,1,33.2,,,,33.2
Sikkim,1979,1,5,BARMIOK,GEN,MANITA PRADHAN,SCR,419,2,20.22,,,,20.22
Sikkim,1979,1,5,BARMIOK,GEN,BHAKTA BAHADUR CHETTRI,SPC,419,3,20.22,,,,20.22
Sikkim,1979,1,5,BARMIOK,GEN,MANI RAJ RAI,JNP,70,6,3.38,,,,3.38
Sikkim,1979,1,6,RINCHENPONG,ST,KATUK BHUTIA,SJP,598,1,27.88,,,,27.88
Sikkim,1979,1,6,RINCHENPONG,ST,DEGEY BHUTIA,JNP,480,2,22.38,,,,22.38
Sikkim,1979,1,6,RINCHENPONG,ST,LODAY TSHERING BHUTIA,SCR,457,3,21.31,,,,21.31
Sikkim,1979,1,6,RINCHENPONG,ST,DAWA TSHERING SHERPA,SPC,415,4,19.35,,,,19.35
Sikkim,1979,1,7,CHAKUNG,GEN,B.B. GURUNG,SCR,1605,1,65.67,,,,65.67
Sikkim,1979,1,7,CHAKUNG,GEN,KULMAN MUKHIA,SJP,378,2,15.47,,,,15.47
Sikkim,1979,1,7,CHAKUNG,GEN,RASTAMAN RAI,JNP,242,3,9.9,,,,9.9
Sikkim,1979,1,7,CHAKUNG,GEN,TIKA GURUNG,SPC,157,4,6.42,,,,6.42
Sikkim,1979,1,8,SOREONG,GEN,NAR BAHADUR BHANDARI,SJP,1833,1,70.26,,,,70.26
Sikkim,1979,1,8,SOREONG,GEN,KULDIP GURUNG,SCR,375,2,14.37,,,,14.37
Sikkim,1979,1,8,SOREONG,GEN,BHARTA SINGH,SPC,94,4,3.6,,,,3.6
Sikkim,1979,1,8,SOREONG,GEN,PENSUM TARGAIN,JNP,92,5,3.53,,,,3.53
Sikkim,1979,1,9,DARAMDIN,GEN,PADAM BAHADUR GURUNG,SJP,1770,1,68.31,,,,68.31
Sikkim,1979,1,9,DARAMDIN,GEN,PHURBA SANGEY SHERPA,JNP,323,2,12.47,,,,12.47
Sikkim,1979,1,9,DARAMDIN,GEN,RAM CHANDRA SHARMA,SCR,241,3,9.3,,,,9.3
Sikkim,1979,1,9,DARAMDIN,GEN,DIRGA BAHADUR SUBBA,SPC,31,5,1.2,,,,1.2
Sikkim,1979,1,10,JORTHANG-NAYABAZAR,GEN,BHIM BAHADUR GURUNG,SCR,754,1,24.1,,,,24.1
Sikkim,1979,1,10,JORTHANG-NAYABAZAR,GEN,LILA KUMAR RAI,SJP,693,2,22.15,,,,22.15
Sikkim,1979,1,10,JORTHANG-NAYABAZAR,GEN,HASTDAS RAI,SPC,599,3,19.14,,,,19.14
Sikkim,1979,1,10,JORTHANG-NAYABAZAR,GEN,S.K. RAI,JNP,369,5,11.79,,,,11.79
Sikkim,1979,1,11,RALONG,ST,CHAMLA TSHERING,SCR,438,1,26.34,,,,26.34
Sikkim,1979,1,11,RALONG,ST,TASHI WANGDI BHUTIA,SJP,336,3,20.2,,,,20.2
Sikkim,1979,1,11,RALONG,ST,KARMA BHUTIA,JNP,304,4,18.28,,,,18.28
Sikkim,1979,1,11,RALONG,ST,NORBU TSHERING BHUTIA,SPC,142,5,8.54,,,,8.54
Sikkim,1979,1,11,RALONG,ST,UGEN TASHI BHUTIA,INC,25,7,1.5,,,,1.5
Sikkim,1979,1,12,WAK,GEN,GARJAMAN GURUNG,SPC,504,1,34.38,,,,34.38
Sikkim,1979,1,12,WAK,GEN,DURGA PRASAD RAJALIM,SJP,408,2,27.83,,,,27.83
Sikkim,1979,1,12,WAK,GEN,PANDU RAM RAI,JNP,175,3,11.94,,,,11.94
Sikkim,1979,1,12,WAK,GEN,PASSANG SHERPU,SCR,147,4,10.03,,,,10.03
Sikkim,1979,1,12,WAK,GEN,SURAJ KUMAR KHARTAM,INC,47,6,3.21,,,,3.21
Sikkim,1979,1,13,DAMTHANG,GEN,PRADEEP YANZONE,SCR,661,1,26.05,,,,26.05
Sikkim,1979,1,13,DAMTHANG,GEN,MANI RAJ RAI,SJP,622,2,24.52,,,,24.52
Sikkim,1979,1,13,DAMTHANG,GEN,BADRI LALL PRADHAN,SPC,323,3,12.73,,,,12.73
Sikkim,1979,1,13,DAMTHANG,GEN,KHARGA BAHADUR RAI,JNP,239,4,9.42,,,,9.42
Sikkim,1979,1,13,DAMTHANG,GEN,KALU RAI,INC,224,6,8.83,,,,8.83
Sikkim,1979,1,14,MELLI,GEN,MOHAN PRASAD SHARMA,SJP,669,1,26.89,,,,26.89
Sikkim,1979,1,14,MELLI,GEN,LAL DAS RAI,SPC,295,3,11.86,,,,11.86
Sikkim,1979,1,14,MELLI,GEN,D.B. BASNET,JNP,263,4,10.57,,,,10.57
Sikkim,1979,1,14,MELLI,GEN,NANDA BAHADUR RAI,SCR,163,7,6.55,,,,6.55
Sikkim,1979,1,14,MELLI,GEN,CHABILALL RAI,INC,109,8,4.38,,,,4.38
Sikkim,1979,1,15,RATEYPANI - WEST PENDAM,SC,BIR BAHADUR LOHAR,SCR,1348,1,54.33,,,,54.33
Sikkim,1979,1,15,RATEYPANI - WEST PENDAM,SC,ISORY MAJHEE,SPC,784,2,31.6,,,,31.6
Sikkim,1979,1,15,RATEYPANI - WEST PENDAM,SC,DURGA SINGH CINTURY,SJP,134,3,5.4,,,,5.4
Sikkim,1979,1,15,RATEYPANI - WEST PENDAM,SC,PURNA BAHADUR KHATI,SCL,68,4,2.74,,,,2.74
Sikkim,1979,1,15,RATEYPANI - WEST PENDAM,SC,KUSHUDAS DARJEE,INC,60,5,2.42,,,,2.42
Sikkim,1979,1,15,RATEYPANI - WEST PENDAM,SC,SAHABIR KAMI,JNP,35,7,1.41,,,,1.41
Sikkim,1979,1,16,TEMI-TARKU,GEN,NAR BAHADUR KHATIWADA,SPC,762,1,37.67,,,,37.67
Sikkim,1979,1,16,TEMI-TARKU,GEN,HARIKRISHNA SHARMA,SJP,455,2,22.49,,,,22.49
Sikkim,1979,1,16,TEMI-TARKU,GEN,ADHIKALAL PRADHAN,SCR,267,3,13.2,,,,13.2
Sikkim,1979,1,16,TEMI-TARKU,GEN,PADRINATH PRADHAN,JNP,158,4,7.81,,,,7.81
Sikkim,1979,1,16,TEMI-TARKU,GEN,INDRA BAHADUR CHHETRI,INC,30,9,1.48,,,,1.48
Sikkim,1979,1,17,CENTRAL PENDAM-EAST PENDAM,GEN,BHUWANI PRASAD KHAREL,SCR,1346,1,37.94,,,,37.94
Sikkim,1979,1,17,CENTRAL PENDAM-EAST PENDAM,GEN,TOGA NIDHI BHANDARI,SJP,775,2,21.84,,,,21.84
Sikkim,1979,1,17,CENTRAL PENDAM-EAST PENDAM,GEN,DILLI PRASAD DHUNGEL SHARMA,JNP,147,5,4.14,,,,4.14
Sikkim,1979,1,17,CENTRAL PENDAM-EAST PENDAM,GEN,HARI PRASAD CHHETRI,SPC,132,6,3.72,,,,3.72
Sikkim,1979,1,17,CENTRAL PENDAM-EAST PENDAM,GEN,KAHAR SINGH KARKI,INC,88,7,2.48,,,,2.48
Sikkim,1979,1,18,RHENOCK,GEN,KHARANANDA UPRETI,SCR,504,1,23.06,,,,23.06
Sikkim,1979,1,18,RHENOCK,GEN,BHUWANI PRASAD DAHAL,JNP,358,2,16.38,,,,16.38
Sikkim,1979,1,18,RHENOCK,GEN,SUNDER KUMAR NEWAR,INC,352,3,16.1,,,,16.1
Sikkim,1979,1,18,RHENOCK,GEN,KRISHNA BAHADUR,SJP,313,4,14.32,,,,14.32
Sikkim,1979,1,18,RHENOCK,GEN,KEWAL PRASAD SHARMA,SPC,303,5,13.86,,,,13.86
Sikkim,1979,1,18,RHENOCK,GEN,GANGA RAM RAI,CPM,56,7,2.56,,,,2.56
Sikkim,1979,1,19,REGU,GEN,TULSHI SHARMA,SJP,622,1,25.83,,,,25.83
Sikkim,1979,1,19,REGU,GEN,UDAI CHANDRA VASISTHA,INC,375,3,15.57,,,,15.57
Sikkim,1979,1,19,REGU,GEN,CHATRA RAI,SCR,338,4,14.04,,,,14.04
Sikkim,1979,1,19,REGU,GEN,MAN BAHADUR RAI,JNP,214,5,8.89,,,,8.89
Sikkim,1979,1,19,REGU,GEN,INDRA BAHADUR RAI,SPC,120,6,4.98,,,,4.98
Sikkim,1979,1,20,PATHING,ST,RAM LEPCHA,SCR,713,1,30.65,,,,30.65
Sikkim,1979,1,20,PATHING,ST,CHITIM BHUTIA,SJP,525,2,22.57,,,,22.57
Sikkim,1979,1,20,PATHING,ST,SANGEY DORJEE BHUTIA,JNP,358,3,15.39,,,,15.39
Sikkim,1979,1,20,PATHING,ST,SANGAY BHUTIA,SPC,203,4,8.73,,,,8.73
Sikkim,1979,1,20,PATHING,ST,JIMBA BHUTIA,CPM,185,5,7.95,,,,7.95
Sikkim,1979,1,21,LOOSING PACHEKHANI,GEN,JAGAT BANDHU PRADHAN,SCR,889,1,44.29,,,,44.29
Sikkim,1979,1,21,LOOSING PACHEKHANI,GEN,BANS BAHADUR BASNET,SJP,334,2,16.64,,,,16.64
Sikkim,1979,1,21,LOOSING PACHEKHANI,GEN,RUP RAJ RAI,SPC,325,3,16.19,,,,16.19
Sikkim,1979,1,21,LOOSING PACHEKHANI,GEN,SHOVA KANTI LEPCHA,JNP,169,4,8.42,,,,8.42
Sikkim,1979,1,21,LOOSING PACHEKHANI,GEN,NARAYAN PRASAD PRADHAN,INC,43,7,2.14,,,,2.14
Sikkim,1979,1,22,KHAMDONG,SC,DAL BAHADUR DAMAI,SPC,879,1,35.95,,,,35.95
Sikkim,1979,1,22,KHAMDONG,SC,TILOCHAN,SJP,705,2,28.83,,,,28.83
Sikkim,1979,1,22,KHAMDONG,SC,MAN BAHADUR DORJEE,SCR,696,3,28.47,,,,28.47
Sikkim,1979,1,22,KHAMDONG,SC,LOYA PRASAD MOHRA,INC,86,4,3.52,,,,3.52
Sikkim,1979,1,22,KHAMDONG,SC,SUKMAN DORJEE,SCL,17,6,0.7,,,,0.7
Sikkim,1979,1,23,DJONGU,ST,ATHUP LEPCHA,SJP,865,1,45.79,,,,45.79
Sikkim,1979,1,23,DJONGU,ST,KAZI LHENDUP DORJEE KANGSARPA,JNP,503,2,26.63,,,,26.63
Sikkim,1979,1,23,DJONGU,ST,PINTOOK LEPCHA,SPC,343,3,18.16,,,,18.16
Sikkim,1979,1,24,LACHEN MANGSHILA,ST,TENZING DADUL BHUTIA,SJP,864,1,45.62,,,,45.62
Sikkim,1979,1,24,LACHEN MANGSHILA,ST,TASHA TENGAY LEPCHA,JNP,525,2,27.72,,,,27.72
Sikkim,1979,1,24,LACHEN MANGSHILA,ST,PHUTIK BHUTIA,SPC,70,5,3.7,,,,3.7
Sikkim,1979,1,25,KABI TINGDA,ST,SONAM TSHERING,SJP,852,1,50.65,,,,50.65
Sikkim,1979,1,25,KABI TINGDA,ST,KALZANG GYATSO,JNP,713,2,42.39,,,,42.39
Sikkim,1979,1,25,KABI TINGDA,ST,DAWA THENDUP LEPCHA,SPC,45,4,2.68,,,,2.68
Sikkim,1979,1,26,RAKDONG TINTEK,ST,DUGO BHUTIA,SPC,1387,1,57.6,,,,57.6
Sikkim,1979,1,26,RAKDONG TINTEK,ST,LODEN TSERING BHUTIA,SJP,498,2,20.68,,,,20.68
Sikkim,1979,1,26,RAKDONG TINTEK,ST,RINZING TONGDEN LEPCHA,JNP,332,3,13.79,,,,13.79
Sikkim,1979,1,27,MARTAM,ST,SAMTEN TSHERING,SJP,731,1,36.94,,,,36.94
Sikkim,1979,1,27,MARTAM,ST,RAPZANG LAMA,SPC,597,2,30.17,,,,30.17
Sikkim,1979,1,27,MARTAM,ST,PALDAN WANGCHUK,JNP,359,3,18.14,,,,18.14
Sikkim,1979,1,27,MARTAM,ST,TSEWANG GYAMTSO BHUTIA,SCR,177,4,8.94,,,,8.94
Sikkim,1979,1,28,RUMTEK,ST,DADUL BHUTIA,SJP,948,1,39.03,,,,39.03
Sikkim,1979,1,28,RUMTEK,ST,KARMA GYAMPO BHUTIA,SPC,602,2,24.78,,,,24.78
Sikkim,1979,1,28,RUMTEK,ST,NAMGYAL TSERING BHUTIA,JNP,405,3,16.67,,,,16.67
Sikkim,1979,1,28,RUMTEK,ST,K. LAMA CHANGKAPA,SCR,336,4,13.83,,,,13.83
Sikkim,1979,1,28,RUMTEK,ST,TSHERING PINTSO BHUTIA,INC,37,6,1.52,,,,1.52
Sikkim,1979,1,29,ASSAM LINGJEY,ST,SHERAB PALDEN,SJP,1120,1,63.82,,,,63.82
Sikkim,1979,1,29,ASSAM LINGJEY,ST,PHUCHUNG TSHERING,SCR,405,2,23.08,,,,23.08
Sikkim,1979,1,29,ASSAM LINGJEY,ST,TSHERING DEDUP,SPC,129,3,7.35,,,,7.35
Sikkim,1979,1,29,ASSAM LINGJEY,ST,NORCHEN LUCKSOM,JNP,101,4,5.75,,,,5.75
Sikkim,1979,1,30,RANKA,ST,DORJI TSHERING BHUTIA,SCR,679,1,33.85,,,,33.85
Sikkim,1979,1,30,RANKA,ST,SONAM TSHERING BHUTIA,SJP,660,2,32.9,,,,32.9
Sikkim,1979,1,30,RANKA,ST,RINCHEN LAPCHA,SPC,388,3,19.34,,,,19.34
Sikkim,1979,1,30,RANKA,ST,DNKI CHODEN BHUTIA,JNP,213,4,10.62,,,,10.62
Sikkim,1979,1,31,GANGTOK,GEN,LALL BAHADUR BASNET,SJP,1707,1,38.89,,,,38.89
Sikkim,1979,1,31,GANGTOK,GEN,DORJEE DADUL,JNP,1174,2,26.75,,,,26.75
Sikkim,1979,1,31,GANGTOK,GEN,KAISER BAHADUR THAPA,SPC,284,5,6.47,,,,6.47
Sikkim,1979,1,31,GANGTOK,GEN,JAGAT BANDHU PRADHAN,SCR,89,7,2.03,,,,2.03
Sikkim,1979,1,32,SANGHA,GEN,PEMA LAMA,SPC,45,2,5.78,,,,5.78
