Assembly_No,Party_ID,TCPD_Prof_Main,MLAs_var_Party,Party_MLAs,Year,Party,pty_mla_var_perc,State_Name
17,3482,Business,1,1,2019,INC,100,Andaman_&_Nicobar_Islands
17,8300,Business,2,3,2019,TDP,66.67,Andhra_Pradesh
17,8300,Politics,1,3,2019,TDP,33.33,Andhra_Pradesh
17,8615,Agriculture,2,22,2019,YSRCP,9.09,Andhra_Pradesh
17,8615,Business,10,22,2019,YSRCP,45.45,Andhra_Pradesh
17,8615,Education,1,22,2019,YSRCP,4.55,Andhra_Pradesh
17,8615,Former Government,1,22,2019,YSRCP,4.55,Andhra_Pradesh
17,8615,Liberal Profession or Professional,3,22,2019,YSRCP,13.64,Andhra_Pradesh
17,8615,Other,1,22,2019,YSRCP,4.55,Andhra_Pradesh
17,8615,Politics,1,22,2019,YSRCP,4.55,Andhra_Pradesh
17,8615,Small Business or Self-employed,1,22,2019,YSRCP,4.55,Andhra_Pradesh
17,8615,Social Work,2,22,2019,YSRCP,9.09,Andhra_Pradesh
17,1605,Politics,1,2,2019,BJP,50,Arunachal_Pradesh
17,1605,Social Work,1,2,2019,BJP,50,Arunachal_Pradesh
17,795,Business,1,1,2019,AIUDF,100,Assam
17,1605,Agriculture,1,9,2019,BJP,11.11,Assam
17,1605,Business,3,9,2019,BJP,33.33,Assam
17,1605,Liberal Profession or Professional,1,9,2019,BJP,11.11,Assam
17,1605,Politics,1,9,2019,BJP,11.11,Assam
17,1605,Salaried Work or Employed,2,9,2019,BJP,22.22,Assam
17,1605,Social Work,1,9,2019,BJP,11.11,Assam
17,3482,Politics,2,3,2019,INC,66.67,Assam
17,3482,Retired or Pension,1,3,2019,INC,33.33,Assam
17,10809,Other,1,1,2019,IND,100,Assam
17,1605,Agriculture,3,17,2019,BJP,17.65,Bihar
17,1605,Business,3,17,2019,BJP,17.65,Bihar
17,1605,Liberal Profession or Professional,1,17,2019,BJP,5.88,Bihar
17,1605,Other,1,17,2019,BJP,5.88,Bihar
17,1605,Politics,3,17,2019,BJP,17.65,Bihar
17,1605,Retired or Pension,1,17,2019,BJP,5.88,Bihar
17,1605,Salaried Work or Employed,2,17,2019,BJP,11.76,Bihar
17,1605,Social Work,3,17,2019,BJP,17.65,Bihar
17,3482,Business,1,1,2019,INC,100,Bihar
17,11002,Agriculture,4,16,2019,JD(U),25,Bihar
17,11002,Business,3,16,2019,JD(U),18.75,Bihar
17,11002,Liberal Profession or Professional,1,16,2019,JD(U),6.25,Bihar
17,11002,Politics,2,16,2019,JD(U),12.5,Bihar
17,11002,Retired or Pension,2,16,2019,JD(U),12.5,Bihar
17,11002,Social Work,4,16,2019,JD(U),25,Bihar
17,5029,Agriculture,1,6,2019,LJP,16.67,Bihar
17,5029,Business,2,6,2019,LJP,33.33,Bihar
17,5029,Politics,3,6,2019,LJP,50,Bihar
17,1605,Liberal Profession or Professional,1,1,2019,BJP,100,Chandigarh
17,1605,Agriculture,2,9,2019,BJP,22.22,Chhattisgarh
17,1605,Business,4,9,2019,BJP,44.44,Chhattisgarh
17,1605,Liberal Profession or Professional,1,9,2019,BJP,11.11,Chhattisgarh
17,1605,Politics,1,9,2019,BJP,11.11,Chhattisgarh
17,1605,Retired or Pension,1,9,2019,BJP,11.11,Chhattisgarh
17,3482,Agriculture,2,2,2019,INC,100,Chhattisgarh
17,10809,Politics,1,1,2019,IND,100,Dadra_&_Nagar_Haveli
17,1605,Agriculture,1,1,2019,BJP,100,Daman_&_Diu
17,1605,Business,3,7,2019,BJP,42.86,Delhi
17,1605,Former Government,1,7,2019,BJP,14.29,Delhi
17,1605,Liberal Profession or Professional,3,7,2019,BJP,42.86,Delhi
17,1605,Business,1,1,2019,BJP,100,Goa
17,3482,Social Work,1,1,2019,INC,100,Goa
17,1605,Agriculture,7,26,2019,BJP,26.92,Gujarat
17,1605,Business,8,26,2019,BJP,30.77,Gujarat
17,1605,Liberal Profession or Professional,4,26,2019,BJP,15.38,Gujarat
17,1605,Other,3,26,2019,BJP,11.54,Gujarat
17,1605,Politics,1,26,2019,BJP,3.85,Gujarat
17,1605,Salaried Work or Employed,1,26,2019,BJP,3.85,Gujarat
17,1605,Social Work,2,26,2019,BJP,7.69,Gujarat
17,1605,Agriculture,2,10,2019,BJP,20,Haryana
17,1605,Business,2,10,2019,BJP,20,Haryana
17,1605,Former Government,1,10,2019,BJP,10,Haryana
17,1605,Liberal Profession or Professional,1,10,2019,BJP,10,Haryana
17,1605,Other,1,10,2019,BJP,10,Haryana
17,1605,Politics,1,10,2019,BJP,10,Haryana
17,1605,Retired or Pension,1,10,2019,BJP,10,Haryana
17,1605,Small Business or Self-employed,1,10,2019,BJP,10,Haryana
17,1605,Business,2,4,2019,BJP,50,Himachal_Pradesh
17,1605,Politics,2,4,2019,BJP,50,Himachal_Pradesh
17,1605,Business,2,3,2019,BJP,66.67,Jammu_&_Kashmir
17,1605,Retired or Pension,1,3,2019,BJP,33.33,Jammu_&_Kashmir
17,11089,Liberal Profession or Professional,2,3,2019,JKN,66.67,Jammu_&_Kashmir
17,11089,Politics,1,3,2019,JKN,33.33,Jammu_&_Kashmir
17,8958,Politics,1,1,2019,AJSUP,100,Jharkhand
17,1605,Business,2,11,2019,BJP,18.18,Jharkhand
17,1605,Politics,7,11,2019,BJP,63.64,Jharkhand
17,1605,Retired or Pension,1,11,2019,BJP,9.09,Jharkhand
17,1605,Salaried Work or Employed,1,11,2019,BJP,9.09,Jharkhand
17,3482,Business,1,1,2019,INC,100,Jharkhand
17,4653,Business,1,1,2019,JMM,100,Jharkhand
17,1605,Agriculture,5,25,2019,BJP,20,Karnataka
17,1605,Business,9,25,2019,BJP,36,Karnataka
17,1605,Liberal Profession or Professional,4,25,2019,BJP,16,Karnataka
17,1605,Politics,7,25,2019,BJP,28,Karnataka
17,3482,Business,1,1,2019,INC,100,Karnataka
17,10809,Liberal Profession or Professional,1,1,2019,IND,100,Karnataka
17,10979,Business,1,1,2019,JD(S),100,Karnataka
17,14635,Social Work,1,1,2019,CPM,100,Kerala
17,3482,Liberal Profession or Professional,2,15,2019,INC,13.33,Kerala
17,3482,Other,1,15,2019,INC,6.67,Kerala
17,3482,Politics,4,15,2019,INC,26.67,Kerala
17,3482,Social Work,8,15,2019,INC,53.33,Kerala
17,3952,Politics,2,2,2019,IUML,100,Kerala
17,11341,Salaried Work or Employed,1,1,2019,KEC(M),100,Kerala
17,12053,Liberal Profession or Professional,1,1,2019,RSP,100,Kerala
17,5792,Politics,1,1,2019,NCP,100,Lakshadweep
17,13,Liberal Profession or Professional,1,1,2019,AAAP,100,Lok_Sabha
17,956,Politics,1,2,2019,ADAL,50,Lok_Sabha
17,956,Retired or Pension,1,2,2019,ADAL,50,Lok_Sabha
17,930,Business,1,1,2019,ADMK,100,Lok_Sabha
17,706,Politics,2,2,2019,AIMIM,100,Lok_Sabha
17,18228,Business,3,22,2019,AITC,13.64,Lok_Sabha
17,18228,Former Government,1,22,2019,AITC,4.55,Lok_Sabha
17,18228,Liberal Profession or Professional,5,22,2019,AITC,22.73,Lok_Sabha
17,18228,Other,1,22,2019,AITC,4.55,Lok_Sabha
17,18228,Politics,6,22,2019,AITC,27.27,Lok_Sabha
17,18228,Retired or Pension,2,22,2019,AITC,9.09,Lok_Sabha
17,18228,Salaried Work or Employed,3,22,2019,AITC,13.64,Lok_Sabha
17,18228,Social Work,1,22,2019,AITC,4.55,Lok_Sabha
17,795,Business,1,1,2019,AIUDF,100,Lok_Sabha
17,8958,Politics,1,1,2019,AJSUP,100,Lok_Sabha
17,9079,Agriculture,1,12,2019,BJD,8.33,Lok_Sabha
17,9079,Business,3,12,2019,BJD,25,Lok_Sabha
17,9079,Former Government,1,12,2019,BJD,8.33,Lok_Sabha
17,9079,Liberal Profession or Professional,4,12,2019,BJD,33.33,Lok_Sabha
17,9079,Politics,1,12,2019,BJD,8.33,Lok_Sabha
17,9079,Social Work,2,12,2019,BJD,16.67,Lok_Sabha
17,1605,Agricultural Labour,1,303,2019,BJP,0.33,Lok_Sabha
17,1605,Agriculture,44,303,2019,BJP,14.52,Lok_Sabha
17,1605,Business,100,303,2019,BJP,33,Lok_Sabha
17,1605,Education,5,303,2019,BJP,1.65,Lok_Sabha
17,1605,Former Government,9,303,2019,BJP,2.97,Lok_Sabha
17,1605,Liberal Profession or Professional,28,303,2019,BJP,9.24,Lok_Sabha
17,1605,Other,10,303,2019,BJP,3.3,Lok_Sabha
17,1605,Politics,58,303,2019,BJP,19.14,Lok_Sabha
17,1605,Religious Occupation,1,303,2019,BJP,0.33,Lok_Sabha
17,1605,Retired or Pension,13,303,2019,BJP,4.29,Lok_Sabha
17,1605,Salaried Work or Employed,13,303,2019,BJP,4.29,Lok_Sabha
17,1605,Small Business or Self-employed,5,303,2019,BJP,1.65,Lok_Sabha
17,1605,Social Work,15,303,2019,BJP,4.95,Lok_Sabha
17,1605,Unemployed,1,303,2019,BJP,0.33,Lok_Sabha
17,16651,Agriculture,1,10,2019,BSP,10,Lok_Sabha
17,16651,Business,7,10,2019,BSP,70,Lok_Sabha
17,16651,Liberal Profession or Professional,1,10,2019,BSP,10,Lok_Sabha
17,16651,Retired or Pension,1,10,2019,BSP,10,Lok_Sabha
17,2444,Politics,1,2,2019,CPI,50,Lok_Sabha
17,2444,Social Work,1,2,2019,CPI,50,Lok_Sabha
17,14635,Liberal Profession or Professional,1,3,2019,CPM,33.33,Lok_Sabha
17,14635,Social Work,2,3,2019,CPM,66.67,Lok_Sabha
17,10192,Agriculture,5,24,2019,DMK,20.83,Lok_Sabha
17,10192,Business,7,24,2019,DMK,29.17,Lok_Sabha
17,10192,Education,1,24,2019,DMK,4.17,Lok_Sabha
17,10192,Liberal Profession or Professional,7,24,2019,DMK,29.17,Lok_Sabha
17,10192,Salaried Work or Employed,1,24,2019,DMK,4.17,Lok_Sabha
17,10192,Social Work,2,24,2019,DMK,8.33,Lok_Sabha
17,10192,Unknown,1,24,2019,DMK,4.17,Lok_Sabha
17,3482,Agriculture,6,52,2019,INC,11.54,Lok_Sabha
17,3482,Business,12,52,2019,INC,23.08,Lok_Sabha
17,3482,Former Government,1,52,2019,INC,1.92,Lok_Sabha
17,3482,Liberal Profession or Professional,6,52,2019,INC,11.54,Lok_Sabha
17,3482,Other,2,52,2019,INC,3.85,Lok_Sabha
17,3482,Politics,12,52,2019,INC,23.08,Lok_Sabha
17,3482,Retired or Pension,1,52,2019,INC,1.92,Lok_Sabha
17,3482,Salaried Work or Employed,2,52,2019,INC,3.85,Lok_Sabha
17,3482,Small Business or Self-employed,1,52,2019,INC,1.92,Lok_Sabha
17,3482,Social Work,9,52,2019,INC,17.31,Lok_Sabha
17,10809,Agriculture,1,4,2019,IND,25,Lok_Sabha
17,10809,Liberal Profession or Professional,1,4,2019,IND,25,Lok_Sabha
17,10809,Other,1,4,2019,IND,25,Lok_Sabha
17,10809,Politics,1,4,2019,IND,25,Lok_Sabha
17,3952,Other,1,3,2019,IUML,33.33,Lok_Sabha
17,3952,Politics,2,3,2019,IUML,66.67,Lok_Sabha
17,10979,Business,1,1,2019,JD(S),100,Lok_Sabha
17,11002,Agriculture,4,16,2019,JD(U),25,Lok_Sabha
17,11002,Business,3,16,2019,JD(U),18.75,Lok_Sabha
17,11002,Liberal Profession or Professional,1,16,2019,JD(U),6.25,Lok_Sabha
17,11002,Politics,2,16,2019,JD(U),12.5,Lok_Sabha
17,11002,Retired or Pension,2,16,2019,JD(U),12.5,Lok_Sabha
17,11002,Social Work,4,16,2019,JD(U),25,Lok_Sabha
17,11089,Liberal Profession or Professional,2,3,2019,JKN,66.67,Lok_Sabha
17,11089,Politics,1,3,2019,JKN,33.33,Lok_Sabha
17,4653,Business,1,1,2019,JMM,100,Lok_Sabha
17,11341,Salaried Work or Employed,1,1,2019,KEC(M),100,Lok_Sabha
17,5029,Agriculture,1,6,2019,LJP,16.67,Lok_Sabha
17,5029,Business,2,6,2019,LJP,33.33,Lok_Sabha
17,5029,Politics,3,6,2019,LJP,50,Lok_Sabha
17,5430,Retired or Pension,1,1,2019,MNF,100,Lok_Sabha
17,5792,Agriculture,1,5,2019,NCP,20,Lok_Sabha
17,5792,Business,2,5,2019,NCP,40,Lok_Sabha
17,5792,Politics,1,5,2019,NCP,20,Lok_Sabha
17,5792,Traditional Occupation,1,5,2019,NCP,20,Lok_Sabha
17,5798,Politics,1,1,2019,NDPP,100,Lok_Sabha
17,5671,Politics,1,1,2019,NPEP,100,Lok_Sabha
17,5545,Small Business or Self-employed,1,1,2019,NPF,100,Lok_Sabha
17,6715,Politics,1,1,2019,RLTP,100,Lok_Sabha
17,12053,Liberal Profession or Professional,1,1,2019,RSP,100,Lok_Sabha
17,16994,Former Government,1,2,2019,SAD,50,Lok_Sabha
17,16994,Politics,1,2,2019,SAD,50,Lok_Sabha
17,18691,Agriculture,3,18,2019,SHS,16.67,Lok_Sabha
17,18691,Business,10,18,2019,SHS,55.56,Lok_Sabha
17,18691,Politics,3,18,2019,SHS,16.67,Lok_Sabha
17,18691,Salaried Work or Employed,1,18,2019,SHS,5.56,Lok_Sabha
17,18691,Social Work,1,18,2019,SHS,5.56,Lok_Sabha
17,16569,Social Work,1,1,2019,SKM,100,Lok_Sabha
17,7425,Agriculture,1,5,2019,SP,20,Lok_Sabha
17,7425,Business,1,5,2019,SP,20,Lok_Sabha
17,7425,Liberal Profession or Professional,1,5,2019,SP,20,Lok_Sabha
17,7425,Politics,1,5,2019,SP,20,Lok_Sabha
17,7425,Retired or Pension,1,5,2019,SP,20,Lok_Sabha
17,8300,Business,2,3,2019,TDP,66.67,Lok_Sabha
17,8300,Politics,1,3,2019,TDP,33.33,Lok_Sabha
17,8284,Agriculture,2,9,2019,TRS,22.22,Lok_Sabha
17,8284,Business,3,9,2019,TRS,33.33,Lok_Sabha
17,8284,Former Government,1,9,2019,TRS,11.11,Lok_Sabha
17,8284,Other,1,9,2019,TRS,11.11,Lok_Sabha
17,8284,Politics,2,9,2019,TRS,22.22,Lok_Sabha
17,8488,Politics,1,1,2019,VCK,100,Lok_Sabha
17,8615,Agriculture,2,22,2019,YSRCP,9.09,Lok_Sabha
17,8615,Business,10,22,2019,YSRCP,45.45,Lok_Sabha
17,8615,Education,1,22,2019,YSRCP,4.55,Lok_Sabha
17,8615,Former Government,1,22,2019,YSRCP,4.55,Lok_Sabha
17,8615,Liberal Profession or Professional,3,22,2019,YSRCP,13.64,Lok_Sabha
17,8615,Other,1,22,2019,YSRCP,4.55,Lok_Sabha
17,8615,Politics,1,22,2019,YSRCP,4.55,Lok_Sabha
17,8615,Small Business or Self-employed,1,22,2019,YSRCP,4.55,Lok_Sabha
17,8615,Social Work,2,22,2019,YSRCP,9.09,Lok_Sabha
17,1605,Agriculture,6,28,2019,BJP,21.43,Madhya_Pradesh
17,1605,Business,5,28,2019,BJP,17.86,Madhya_Pradesh
17,1605,Former Government,1,28,2019,BJP,3.57,Madhya_Pradesh
17,1605,Other,1,28,2019,BJP,3.57,Madhya_Pradesh
17,1605,Politics,6,28,2019,BJP,21.43,Madhya_Pradesh
17,1605,Retired or Pension,2,28,2019,BJP,7.14,Madhya_Pradesh
17,1605,Salaried Work or Employed,3,28,2019,BJP,10.71,Madhya_Pradesh
17,1605,Small Business or Self-employed,1,28,2019,BJP,3.57,Madhya_Pradesh
17,1605,Social Work,2,28,2019,BJP,7.14,Madhya_Pradesh
17,1605,Unemployed,1,28,2019,BJP,3.57,Madhya_Pradesh
17,3482,Salaried Work or Employed,1,1,2019,INC,100,Madhya_Pradesh
17,706,Politics,1,1,2019,AIMIM,100,Maharashtra
17,1605,Agriculture,5,23,2019,BJP,21.74,Maharashtra
17,1605,Business,12,23,2019,BJP,52.17,Maharashtra
17,1605,Other,1,23,2019,BJP,4.35,Maharashtra
17,1605,Politics,1,23,2019,BJP,4.35,Maharashtra
17,1605,Retired or Pension,1,23,2019,BJP,4.35,Maharashtra
17,1605,Salaried Work or Employed,1,23,2019,BJP,4.35,Maharashtra
17,1605,Small Business or Self-employed,2,23,2019,BJP,8.7,Maharashtra
17,3482,Business,1,1,2019,INC,100,Maharashtra
17,10809,Agriculture,1,1,2019,IND,100,Maharashtra
17,5792,Agriculture,1,4,2019,NCP,25,Maharashtra
17,5792,Business,2,4,2019,NCP,50,Maharashtra
17,5792,Traditional Occupation,1,4,2019,NCP,25,Maharashtra
17,18691,Agriculture,3,18,2019,SHS,16.67,Maharashtra
17,18691,Business,10,18,2019,SHS,55.56,Maharashtra
17,18691,Politics,3,18,2019,SHS,16.67,Maharashtra
17,18691,Salaried Work or Employed,1,18,2019,SHS,5.56,Maharashtra
17,18691,Social Work,1,18,2019,SHS,5.56,Maharashtra
17,1605,Business,1,1,2019,BJP,100,Manipur
17,5545,Small Business or Self-employed,1,1,2019,NPF,100,Manipur
17,3482,Politics,1,1,2019,INC,100,Meghalaya
17,5671,Politics,1,1,2019,NPEP,100,Meghalaya
17,5430,Retired or Pension,1,1,2019,MNF,100,Mizoram
17,5798,Politics,1,1,2019,NDPP,100,Nagaland
17,9079,Agriculture,1,12,2019,BJD,8.33,Odisha
17,9079,Business,3,12,2019,BJD,25,Odisha
17,9079,Former Government,1,12,2019,BJD,8.33,Odisha
17,9079,Liberal Profession or Professional,4,12,2019,BJD,33.33,Odisha
17,9079,Politics,1,12,2019,BJD,8.33,Odisha
17,9079,Social Work,2,12,2019,BJD,16.67,Odisha
17,1605,Agriculture,1,8,2019,BJP,12.5,Odisha
17,1605,Business,1,8,2019,BJP,12.5,Odisha
17,1605,Former Government,1,8,2019,BJP,12.5,Odisha
17,1605,Liberal Profession or Professional,1,8,2019,BJP,12.5,Odisha
17,1605,Politics,2,8,2019,BJP,25,Odisha
17,1605,Social Work,2,8,2019,BJP,25,Odisha
17,3482,Salaried Work or Employed,1,1,2019,INC,100,Odisha
17,3482,Agriculture,1,1,2019,INC,100,Puducherry
17,13,Liberal Profession or Professional,1,1,2019,AAAP,100,Punjab
17,1605,Business,1,2,2019,BJP,50,Punjab
17,1605,Former Government,1,2,2019,BJP,50,Punjab
17,3482,Agriculture,2,8,2019,INC,25,Punjab
17,3482,Business,2,8,2019,INC,25,Punjab
17,3482,Former Government,1,8,2019,INC,12.5,Punjab
17,3482,Liberal Profession or Professional,2,8,2019,INC,25,Punjab
17,3482,Small Business or Self-employed,1,8,2019,INC,12.5,Punjab
17,16994,Former Government,1,2,2019,SAD,50,Punjab
17,16994,Politics,1,2,2019,SAD,50,Punjab
17,1605,Agriculture,1,24,2019,BJP,4.17,Rajasthan
17,1605,Business,10,24,2019,BJP,41.67,Rajasthan
17,1605,Former Government,1,24,2019,BJP,4.17,Rajasthan
17,1605,Liberal Profession or Professional,1,24,2019,BJP,4.17,Rajasthan
17,1605,Other,2,24,2019,BJP,8.33,Rajasthan
17,1605,Politics,8,24,2019,BJP,33.33,Rajasthan
17,1605,Small Business or Self-employed,1,24,2019,BJP,4.17,Rajasthan
17,6715,Politics,1,1,2019,RLTP,100,Rajasthan
17,16569,Social Work,1,1,2019,SKM,100,Sikkim
17,930,Business,1,1,2019,ADMK,100,Tamil_Nadu
17,2444,Politics,1,2,2019,CPI,50,Tamil_Nadu
17,2444,Social Work,1,2,2019,CPI,50,Tamil_Nadu
17,14635,Liberal Profession or Professional,1,2,2019,CPM,50,Tamil_Nadu
17,14635,Social Work,1,2,2019,CPM,50,Tamil_Nadu
17,10192,Agriculture,5,24,2019,DMK,20.83,Tamil_Nadu
17,10192,Business,7,24,2019,DMK,29.17,Tamil_Nadu
17,10192,Education,1,24,2019,DMK,4.17,Tamil_Nadu
17,10192,Liberal Profession or Professional,7,24,2019,DMK,29.17,Tamil_Nadu
17,10192,Salaried Work or Employed,1,24,2019,DMK,4.17,Tamil_Nadu
17,10192,Social Work,2,24,2019,DMK,8.33,Tamil_Nadu
17,10192,Unknown,1,24,2019,DMK,4.17,Tamil_Nadu
17,3482,Agriculture,1,8,2019,INC,12.5,Tamil_Nadu
17,3482,Business,4,8,2019,INC,50,Tamil_Nadu
17,3482,Liberal Profession or Professional,2,8,2019,INC,25,Tamil_Nadu
17,3482,Other,1,8,2019,INC,12.5,Tamil_Nadu
17,3952,Other,1,1,2019,IUML,100,Tamil_Nadu
17,8488,Politics,1,1,2019,VCK,100,Tamil_Nadu
17,706,Politics,1,1,2019,AIMIM,100,Telangana
17,1605,Agriculture,1,4,2019,BJP,25,Telangana
17,1605,Business,2,4,2019,BJP,50,Telangana
17,1605,Politics,1,4,2019,BJP,25,Telangana
17,3482,Politics,3,3,2019,INC,100,Telangana
17,8284,Agriculture,2,9,2019,TRS,22.22,Telangana
17,8284,Business,3,9,2019,TRS,33.33,Telangana
17,8284,Former Government,1,9,2019,TRS,11.11,Telangana
17,8284,Other,1,9,2019,TRS,11.11,Telangana
17,8284,Politics,2,9,2019,TRS,22.22,Telangana
17,1605,Education,1,2,2019,BJP,50,Tripura
17,1605,Social Work,1,2,2019,BJP,50,Tripura
17,956,Politics,1,2,2019,ADAL,50,Uttar_Pradesh
17,956,Retired or Pension,1,2,2019,ADAL,50,Uttar_Pradesh
17,1605,Agriculture,7,62,2019,BJP,11.29,Uttar_Pradesh
17,1605,Business,25,62,2019,BJP,40.32,Uttar_Pradesh
17,1605,Education,1,62,2019,BJP,1.61,Uttar_Pradesh
17,1605,Former Government,2,62,2019,BJP,3.23,Uttar_Pradesh
17,1605,Liberal Profession or Professional,6,62,2019,BJP,9.68,Uttar_Pradesh
17,1605,Other,1,62,2019,BJP,1.61,Uttar_Pradesh
17,1605,Politics,13,62,2019,BJP,20.97,Uttar_Pradesh
17,1605,Retired or Pension,5,62,2019,BJP,8.06,Uttar_Pradesh
17,1605,Salaried Work or Employed,1,62,2019,BJP,1.61,Uttar_Pradesh
17,1605,Social Work,1,62,2019,BJP,1.61,Uttar_Pradesh
17,16651,Agriculture,1,10,2019,BSP,10,Uttar_Pradesh
17,16651,Business,7,10,2019,BSP,70,Uttar_Pradesh
17,16651,Liberal Profession or Professional,1,10,2019,BSP,10,Uttar_Pradesh
17,16651,Retired or Pension,1,10,2019,BSP,10,Uttar_Pradesh
17,3482,Politics,1,1,2019,INC,100,Uttar_Pradesh
17,7425,Agriculture,1,5,2019,SP,20,Uttar_Pradesh
17,7425,Business,1,5,2019,SP,20,Uttar_Pradesh
17,7425,Liberal Profession or Professional,1,5,2019,SP,20,Uttar_Pradesh
17,7425,Politics,1,5,2019,SP,20,Uttar_Pradesh
17,7425,Retired or Pension,1,5,2019,SP,20,Uttar_Pradesh
17,1605,Agriculture,1,5,2019,BJP,20,Uttarakhand
17,1605,Business,2,5,2019,BJP,40,Uttarakhand
17,1605,Liberal Profession or Professional,1,5,2019,BJP,20,Uttarakhand
17,1605,Politics,1,5,2019,BJP,20,Uttarakhand
17,18228,Business,3,22,2019,AITC,13.64,West_Bengal
17,18228,Former Government,1,22,2019,AITC,4.55,West_Bengal
17,18228,Liberal Profession or Professional,5,22,2019,AITC,22.73,West_Bengal
17,18228,Other,1,22,2019,AITC,4.55,West_Bengal
17,18228,Politics,6,22,2019,AITC,27.27,West_Bengal
17,18228,Retired or Pension,2,22,2019,AITC,9.09,West_Bengal
17,18228,Salaried Work or Employed,3,22,2019,AITC,13.64,West_Bengal
17,18228,Social Work,1,22,2019,AITC,4.55,West_Bengal
17,1605,Agricultural Labour,1,18,2019,BJP,5.56,West_Bengal
17,1605,Agriculture,1,18,2019,BJP,5.56,West_Bengal
17,1605,Business,2,18,2019,BJP,11.11,West_Bengal
17,1605,Education,3,18,2019,BJP,16.67,West_Bengal
17,1605,Former Government,1,18,2019,BJP,5.56,West_Bengal
17,1605,Liberal Profession or Professional,3,18,2019,BJP,16.67,West_Bengal
17,1605,Politics,2,18,2019,BJP,11.11,West_Bengal
17,1605,Religious Occupation,1,18,2019,BJP,5.56,West_Bengal
17,1605,Salaried Work or Employed,2,18,2019,BJP,11.11,West_Bengal
17,1605,Social Work,2,18,2019,BJP,11.11,West_Bengal
17,3482,Business,1,2,2019,INC,50,West_Bengal
17,3482,Politics,1,2,2019,INC,50,West_Bengal
16,1605,Social Work,1,1,2014,BJP,100,Andaman_&_Nicobar_Islands
16,706,Politics,1,1,2014,AIMIM,100,Andhra_Pradesh
16,1605,Business,2,3,2014,BJP,66.67,Andhra_Pradesh
16,1605,Retired or Pension,1,3,2014,BJP,33.33,Andhra_Pradesh
16,3482,Agriculture,1,2,2014,INC,50,Andhra_Pradesh
16,3482,Politics,1,2,2014,INC,50,Andhra_Pradesh
16,8300,Agriculture,5,16,2014,TDP,31.25,Andhra_Pradesh
16,8300,Business,7,16,2014,TDP,43.75,Andhra_Pradesh
16,8300,Former Government,1,16,2014,TDP,6.25,Andhra_Pradesh
16,8300,Politics,2,16,2014,TDP,12.5,Andhra_Pradesh
16,8300,Small Business or Self-employed,1,16,2014,TDP,6.25,Andhra_Pradesh
16,8284,Agriculture,1,11,2014,TRS,9.09,Andhra_Pradesh
16,8284,Business,5,11,2014,TRS,45.45,Andhra_Pradesh
16,8284,Education,1,11,2014,TRS,9.09,Andhra_Pradesh
16,8284,Liberal Profession or Professional,2,11,2014,TRS,18.18,Andhra_Pradesh
16,8284,Politics,2,11,2014,TRS,18.18,Andhra_Pradesh
16,8615,Agriculture,3,9,2014,YSRCP,33.33,Andhra_Pradesh
16,8615,Business,4,9,2014,YSRCP,44.44,Andhra_Pradesh
16,8615,Other,1,9,2014,YSRCP,11.11,Andhra_Pradesh
16,8615,Social Work,1,9,2014,YSRCP,11.11,Andhra_Pradesh
16,1605,Politics,1,1,2014,BJP,100,Arunachal_Pradesh
16,3482,Politics,1,1,2014,INC,100,Arunachal_Pradesh
16,795,Agriculture,1,3,2014,AIUDF,33.33,Assam
16,795,Business,2,3,2014,AIUDF,66.67,Assam
16,1605,Business,1,7,2014,BJP,14.29,Assam
16,1605,Liberal Profession or Professional,1,7,2014,BJP,14.29,Assam
16,1605,Politics,2,7,2014,BJP,28.57,Assam
16,1605,Retired or Pension,1,7,2014,BJP,14.29,Assam
16,1605,Salaried Work or Employed,1,7,2014,BJP,14.29,Assam
16,1605,Social Work,1,7,2014,BJP,14.29,Assam
16,3482,Business,1,3,2014,INC,33.33,Assam
16,3482,Liberal Profession or Professional,1,3,2014,INC,33.33,Assam
16,3482,Politics,1,3,2014,INC,33.33,Assam
16,10809,Business,1,1,2014,IND,100,Assam
16,1605,Agriculture,4,22,2014,BJP,18.18,Bihar
16,1605,Business,3,22,2014,BJP,13.64,Bihar
16,1605,Liberal Profession or Professional,3,22,2014,BJP,13.64,Bihar
16,1605,Other,1,22,2014,BJP,4.55,Bihar
16,1605,Politics,3,22,2014,BJP,13.64,Bihar
16,1605,Social Work,8,22,2014,BJP,36.36,Bihar
16,16433,Agriculture,1,3,2014,BLSP,33.33,Bihar
16,16433,Education,1,3,2014,BLSP,33.33,Bihar
16,16433,Politics,1,3,2014,BLSP,33.33,Bihar
16,3482,Liberal Profession or Professional,1,2,2014,INC,50,Bihar
16,3482,Social Work,1,2,2014,INC,50,Bihar
16,11002,Agriculture,1,2,2014,JD(U),50,Bihar
16,11002,Politics,1,2,2014,JD(U),50,Bihar
16,5029,Business,2,6,2014,LJP,33.33,Bihar
16,5029,Politics,2,6,2014,LJP,33.33,Bihar
16,5029,Retired or Pension,1,6,2014,LJP,16.67,Bihar
16,5029,Social Work,1,6,2014,LJP,16.67,Bihar
16,5792,Politics,1,1,2014,NCP,100,Bihar
16,12103,Business,1,4,2014,RJD,25,Bihar
16,12103,Politics,2,4,2014,RJD,50,Bihar
16,12103,Retired or Pension,1,4,2014,RJD,25,Bihar
16,1605,Liberal Profession or Professional,1,1,2014,BJP,100,Chandigarh
16,1605,Agriculture,2,10,2014,BJP,20,Chhattisgarh
16,1605,Business,1,10,2014,BJP,10,Chhattisgarh
16,1605,Education,1,10,2014,BJP,10,Chhattisgarh
16,1605,Liberal Profession or Professional,2,10,2014,BJP,20,Chhattisgarh
16,1605,Politics,4,10,2014,BJP,40,Chhattisgarh
16,3482,Retired or Pension,1,1,2014,INC,100,Chhattisgarh
16,1605,Business,1,1,2014,BJP,100,Dadra_&_Nagar_Haveli
16,1605,Business,1,1,2014,BJP,100,Daman_&_Diu
16,1605,Business,4,7,2014,BJP,57.14,Delhi
16,1605,Liberal Profession or Professional,3,7,2014,BJP,42.86,Delhi
16,1605,Business,1,2,2014,BJP,50,Goa
16,1605,Liberal Profession or Professional,1,2,2014,BJP,50,Goa
16,1605,Agriculture,10,26,2014,BJP,38.46,Gujarat
16,1605,Business,8,26,2014,BJP,30.77,Gujarat
16,1605,Liberal Profession or Professional,4,26,2014,BJP,15.38,Gujarat
16,1605,Politics,3,26,2014,BJP,11.54,Gujarat
16,1605,Traditional Occupation,1,26,2014,BJP,3.85,Gujarat
16,1605,Agriculture,1,7,2014,BJP,14.29,Haryana
16,1605,Business,2,7,2014,BJP,28.57,Haryana
16,1605,Liberal Profession or Professional,2,7,2014,BJP,28.57,Haryana
16,1605,Politics,1,7,2014,BJP,14.29,Haryana
16,1605,Small Business or Self-employed,1,7,2014,BJP,14.29,Haryana
16,3482,Politics,1,1,2014,INC,100,Haryana
16,3863,Agriculture,1,2,2014,INLD,50,Haryana
16,3863,Business,1,2,2014,INLD,50,Haryana
16,1605,Agriculture,2,4,2014,BJP,50,Himachal_Pradesh
16,1605,Business,2,4,2014,BJP,50,Himachal_Pradesh
16,1605,Business,1,3,2014,BJP,33.33,Jammu_&_Kashmir
16,1605,Liberal Profession or Professional,1,3,2014,BJP,33.33,Jammu_&_Kashmir
16,1605,Social Work,1,3,2014,BJP,33.33,Jammu_&_Kashmir
16,11133,Liberal Profession or Professional,2,3,2014,JKPDP,66.67,Jammu_&_Kashmir
16,11133,Politics,1,3,2014,JKPDP,33.33,Jammu_&_Kashmir
16,1605,Agriculture,1,12,2014,BJP,8.33,Jharkhand
16,1605,Business,3,12,2014,BJP,25,Jharkhand
16,1605,Education,1,12,2014,BJP,8.33,Jharkhand
16,1605,Former Government,1,12,2014,BJP,8.33,Jharkhand
16,1605,Politics,3,12,2014,BJP,25,Jharkhand
16,1605,Salaried Work or Employed,1,12,2014,BJP,8.33,Jharkhand
16,1605,Social Work,2,12,2014,BJP,16.67,Jharkhand
16,4653,Politics,2,2,2014,JMM,100,Jharkhand
16,1605,Agriculture,5,17,2014,BJP,29.41,Karnataka
16,1605,Business,7,17,2014,BJP,41.18,Karnataka
16,1605,Liberal Profession or Professional,1,17,2014,BJP,5.88,Karnataka
16,1605,Politics,2,17,2014,BJP,11.76,Karnataka
16,1605,Salaried Work or Employed,1,17,2014,BJP,5.88,Karnataka
16,1605,Social Work,1,17,2014,BJP,5.88,Karnataka
16,3482,Agriculture,1,9,2014,INC,11.11,Karnataka
16,3482,Business,4,9,2014,INC,44.44,Karnataka
16,3482,Liberal Profession or Professional,3,9,2014,INC,33.33,Karnataka
16,3482,Politics,1,9,2014,INC,11.11,Karnataka
16,10979,Business,1,2,2014,JD(S),50,Karnataka
16,10979,Politics,1,2,2014,JD(S),50,Karnataka
16,2444,Politics,1,1,2014,CPI,100,Kerala
16,14635,Liberal Profession or Professional,1,5,2014,CPM,20,Kerala
16,14635,Other,2,5,2014,CPM,40,Kerala
16,14635,Social Work,2,5,2014,CPM,40,Kerala
16,3482,Business,1,8,2014,INC,12.5,Kerala
16,3482,Liberal Profession or Professional,1,8,2014,INC,12.5,Kerala
16,3482,Politics,1,8,2014,INC,12.5,Kerala
16,3482,Retired or Pension,1,8,2014,INC,12.5,Kerala
16,3482,Social Work,4,8,2014,INC,50,Kerala
16,10809,Liberal Profession or Professional,2,2,2014,IND,100,Kerala
16,3952,Politics,2,2,2014,IUML,100,Kerala
16,11341,Politics,1,1,2014,KEC(M),100,Kerala
16,12053,Liberal Profession or Professional,1,1,2014,RSP,100,Kerala
16,5792,Business,1,1,2014,NCP,100,Lakshadweep
16,13,Liberal Profession or Professional,2,4,2014,AAAP,50,Lok_Sabha
16,13,Retired or Pension,1,4,2014,AAAP,25,Lok_Sabha
16,13,Social Work,1,4,2014,AAAP,25,Lok_Sabha
16,954,Business,2,2,2014,AD,100,Lok_Sabha
16,930,Agriculture,5,37,2014,ADMK,13.51,Lok_Sabha
16,930,Business,9,37,2014,ADMK,24.32,Lok_Sabha
16,930,Education,1,37,2014,ADMK,2.7,Lok_Sabha
16,930,Liberal Profession or Professional,17,37,2014,ADMK,45.95,Lok_Sabha
16,930,Other,2,37,2014,ADMK,5.41,Lok_Sabha
16,930,Politics,1,37,2014,ADMK,2.7,Lok_Sabha
16,930,Retired or Pension,2,37,2014,ADMK,5.41,Lok_Sabha
16,706,Politics,1,1,2014,AIMIM,100,Lok_Sabha
16,737,Business,1,1,2014,AINRC,100,Lok_Sabha
16,18228,Business,3,34,2014,AITC,8.82,Lok_Sabha
16,18228,Education,4,34,2014,AITC,11.76,Lok_Sabha
16,18228,Former Government,1,34,2014,AITC,2.94,Lok_Sabha
16,18228,Liberal Profession or Professional,13,34,2014,AITC,38.24,Lok_Sabha
16,18228,Other,1,34,2014,AITC,2.94,Lok_Sabha
16,18228,Politics,2,34,2014,AITC,5.88,Lok_Sabha
16,18228,Retired or Pension,3,34,2014,AITC,8.82,Lok_Sabha
16,18228,Salaried Work or Employed,2,34,2014,AITC,5.88,Lok_Sabha
16,18228,Social Work,5,34,2014,AITC,14.71,Lok_Sabha
16,795,Agriculture,1,3,2014,AIUDF,33.33,Lok_Sabha
16,795,Business,2,3,2014,AIUDF,66.67,Lok_Sabha
16,9079,Agriculture,3,20,2014,BJD,15,Lok_Sabha
16,9079,Business,2,20,2014,BJD,10,Lok_Sabha
16,9079,Former Government,1,20,2014,BJD,5,Lok_Sabha
16,9079,Liberal Profession or Professional,6,20,2014,BJD,30,Lok_Sabha
16,9079,Other,1,20,2014,BJD,5,Lok_Sabha
16,9079,Politics,2,20,2014,BJD,10,Lok_Sabha
16,9079,Small Business or Self-employed,1,20,2014,BJD,5,Lok_Sabha
16,9079,Social Work,4,20,2014,BJD,20,Lok_Sabha
16,1605,Agriculture,53,282,2014,BJP,18.79,Lok_Sabha
16,1605,Business,94,282,2014,BJP,33.33,Lok_Sabha
16,1605,Education,5,282,2014,BJP,1.77,Lok_Sabha
16,1605,Former Government,5,282,2014,BJP,1.77,Lok_Sabha
16,1605,Liberal Profession or Professional,33,282,2014,BJP,11.7,Lok_Sabha
16,1605,Other,4,282,2014,BJP,1.42,Lok_Sabha
16,1605,Politics,36,282,2014,BJP,12.77,Lok_Sabha
16,1605,Religious Occupation,1,282,2014,BJP,0.35,Lok_Sabha
16,1605,Retired or Pension,18,282,2014,BJP,6.38,Lok_Sabha
16,1605,Salaried Work or Employed,7,282,2014,BJP,2.48,Lok_Sabha
16,1605,Small Business or Self-employed,6,282,2014,BJP,2.13,Lok_Sabha
16,1605,Social Work,19,282,2014,BJP,6.74,Lok_Sabha
16,1605,Traditional Occupation,1,282,2014,BJP,0.35,Lok_Sabha
16,16433,Agriculture,1,3,2014,BLSP,33.33,Lok_Sabha
16,16433,Education,1,3,2014,BLSP,33.33,Lok_Sabha
16,16433,Politics,1,3,2014,BLSP,33.33,Lok_Sabha
16,2444,Politics,1,1,2014,CPI,100,Lok_Sabha
16,14635,Education,1,9,2014,CPM,11.11,Lok_Sabha
16,14635,Liberal Profession or Professional,1,9,2014,CPM,11.11,Lok_Sabha
16,14635,Other,2,9,2014,CPM,22.22,Lok_Sabha
16,14635,Politics,1,9,2014,CPM,11.11,Lok_Sabha
16,14635,Retired or Pension,1,9,2014,CPM,11.11,Lok_Sabha
16,14635,Social Work,3,9,2014,CPM,33.33,Lok_Sabha
16,3482,Agriculture,4,44,2014,INC,9.09,Lok_Sabha
16,3482,Business,9,44,2014,INC,20.45,Lok_Sabha
16,3482,Liberal Profession or Professional,7,44,2014,INC,15.91,Lok_Sabha
16,3482,Politics,15,44,2014,INC,34.09,Lok_Sabha
16,3482,Retired or Pension,2,44,2014,INC,4.55,Lok_Sabha
16,3482,Salaried Work or Employed,1,44,2014,INC,2.27,Lok_Sabha
16,3482,Social Work,6,44,2014,INC,13.64,Lok_Sabha
16,10809,Business,1,3,2014,IND,33.33,Lok_Sabha
16,10809,Liberal Profession or Professional,2,3,2014,IND,66.67,Lok_Sabha
16,3863,Agriculture,1,2,2014,INLD,50,Lok_Sabha
16,3863,Business,1,2,2014,INLD,50,Lok_Sabha
16,3952,Politics,2,2,2014,IUML,100,Lok_Sabha
16,10979,Business,1,2,2014,JD(S),50,Lok_Sabha
16,10979,Politics,1,2,2014,JD(S),50,Lok_Sabha
16,11002,Agriculture,1,2,2014,JD(U),50,Lok_Sabha
16,11002,Politics,1,2,2014,JD(U),50,Lok_Sabha
16,11133,Liberal Profession or Professional,2,3,2014,JKPDP,66.67,Lok_Sabha
16,11133,Politics,1,3,2014,JKPDP,33.33,Lok_Sabha
16,4653,Politics,2,2,2014,JMM,100,Lok_Sabha
16,11341,Politics,1,1,2014,KEC(M),100,Lok_Sabha
16,5029,Business,2,6,2014,LJP,33.33,Lok_Sabha
16,5029,Politics,2,6,2014,LJP,33.33,Lok_Sabha
16,5029,Retired or Pension,1,6,2014,LJP,16.67,Lok_Sabha
16,5029,Social Work,1,6,2014,LJP,16.67,Lok_Sabha
16,5792,Agriculture,1,6,2014,NCP,16.67,Lok_Sabha
16,5792,Business,4,6,2014,NCP,66.67,Lok_Sabha
16,5792,Politics,1,6,2014,NCP,16.67,Lok_Sabha
16,5671,Politics,1,1,2014,NPEP,100,Lok_Sabha
16,5545,Politics,1,1,2014,NPF,100,Lok_Sabha
16,11891,Liberal Profession or Professional,1,1,2014,PMK,100,Lok_Sabha
16,12103,Business,1,4,2014,RJD,25,Lok_Sabha
16,12103,Politics,2,4,2014,RJD,50,Lok_Sabha
16,12103,Retired or Pension,1,4,2014,RJD,25,Lok_Sabha
16,12053,Liberal Profession or Professional,1,1,2014,RSP,100,Lok_Sabha
16,16994,Agriculture,2,4,2014,SAD,50,Lok_Sabha
16,16994,Business,2,4,2014,SAD,50,Lok_Sabha
16,7925,Salaried Work or Employed,1,1,2014,SDF,100,Lok_Sabha
16,18691,Agriculture,3,18,2014,SHS,16.67,Lok_Sabha
16,18691,Business,10,18,2014,SHS,55.56,Lok_Sabha
16,18691,Liberal Profession or Professional,1,18,2014,SHS,5.56,Lok_Sabha
16,18691,Other,1,18,2014,SHS,5.56,Lok_Sabha
16,18691,Salaried Work or Employed,1,18,2014,SHS,5.56,Lok_Sabha
16,18691,Social Work,2,18,2014,SHS,11.11,Lok_Sabha
16,7425,Agriculture,3,5,2014,SP,60,Lok_Sabha
16,7425,Business,1,5,2014,SP,20,Lok_Sabha
16,7425,Politics,1,5,2014,SP,20,Lok_Sabha
16,12961,Agriculture,1,1,2014,SWP,100,Lok_Sabha
16,8300,Agriculture,5,16,2014,TDP,31.25,Lok_Sabha
16,8300,Business,7,16,2014,TDP,43.75,Lok_Sabha
16,8300,Former Government,1,16,2014,TDP,6.25,Lok_Sabha
16,8300,Politics,2,16,2014,TDP,12.5,Lok_Sabha
16,8300,Small Business or Self-employed,1,16,2014,TDP,6.25,Lok_Sabha
16,8284,Agriculture,1,11,2014,TRS,9.09,Lok_Sabha
16,8284,Business,5,11,2014,TRS,45.45,Lok_Sabha
16,8284,Education,1,11,2014,TRS,9.09,Lok_Sabha
16,8284,Liberal Profession or Professional,2,11,2014,TRS,18.18,Lok_Sabha
16,8284,Politics,2,11,2014,TRS,18.18,Lok_Sabha
16,8615,Agriculture,3,9,2014,YSRCP,33.33,Lok_Sabha
16,8615,Business,4,9,2014,YSRCP,44.44,Lok_Sabha
16,8615,Other,1,9,2014,YSRCP,11.11,Lok_Sabha
16,8615,Social Work,1,9,2014,YSRCP,11.11,Lok_Sabha
16,1605,Agriculture,8,27,2014,BJP,29.63,Madhya_Pradesh
16,1605,Business,5,27,2014,BJP,18.52,Madhya_Pradesh
16,1605,Education,1,27,2014,BJP,3.7,Madhya_Pradesh
16,1605,Liberal Profession or Professional,1,27,2014,BJP,3.7,Madhya_Pradesh
16,1605,Other,2,27,2014,BJP,7.41,Madhya_Pradesh
16,1605,Politics,5,27,2014,BJP,18.52,Madhya_Pradesh
16,1605,Retired or Pension,4,27,2014,BJP,14.81,Madhya_Pradesh
16,1605,Social Work,1,27,2014,BJP,3.7,Madhya_Pradesh
16,3482,Politics,2,2,2014,INC,100,Madhya_Pradesh
16,1605,Agriculture,7,23,2014,BJP,30.43,Maharashtra
16,1605,Business,10,23,2014,BJP,43.48,Maharashtra
16,1605,Liberal Profession or Professional,3,23,2014,BJP,13.04,Maharashtra
16,1605,Salaried Work or Employed,1,23,2014,BJP,4.35,Maharashtra
16,1605,Small Business or Self-employed,1,23,2014,BJP,4.35,Maharashtra
16,1605,Social Work,1,23,2014,BJP,4.35,Maharashtra
16,3482,Agriculture,1,2,2014,INC,50,Maharashtra
16,3482,Business,1,2,2014,INC,50,Maharashtra
16,5792,Agriculture,1,4,2014,NCP,25,Maharashtra
16,5792,Business,3,4,2014,NCP,75,Maharashtra
16,18691,Agriculture,3,18,2014,SHS,16.67,Maharashtra
16,18691,Business,10,18,2014,SHS,55.56,Maharashtra
16,18691,Liberal Profession or Professional,1,18,2014,SHS,5.56,Maharashtra
16,18691,Other,1,18,2014,SHS,5.56,Maharashtra
16,18691,Salaried Work or Employed,1,18,2014,SHS,5.56,Maharashtra
16,18691,Social Work,2,18,2014,SHS,11.11,Maharashtra
16,12961,Agriculture,1,1,2014,SWP,100,Maharashtra
16,3482,Politics,1,2,2014,INC,50,Manipur
16,3482,Social Work,1,2,2014,INC,50,Manipur
16,3482,Politics,1,1,2014,INC,100,Meghalaya
16,5671,Politics,1,1,2014,NPEP,100,Meghalaya
16,3482,Politics,1,1,2014,INC,100,Mizoram
16,5545,Politics,1,1,2014,NPF,100,Nagaland
16,9079,Agriculture,3,20,2014,BJD,15,Odisha
16,9079,Business,2,20,2014,BJD,10,Odisha
16,9079,Former Government,1,20,2014,BJD,5,Odisha
16,9079,Liberal Profession or Professional,6,20,2014,BJD,30,Odisha
16,9079,Other,1,20,2014,BJD,5,Odisha
16,9079,Politics,2,20,2014,BJD,10,Odisha
16,9079,Small Business or Self-employed,1,20,2014,BJD,5,Odisha
16,9079,Social Work,4,20,2014,BJD,20,Odisha
16,1605,Social Work,1,1,2014,BJP,100,Odisha
16,737,Business,1,1,2014,AINRC,100,Puducherry
16,13,Liberal Profession or Professional,2,4,2014,AAAP,50,Punjab
16,13,Retired or Pension,1,4,2014,AAAP,25,Punjab
16,13,Social Work,1,4,2014,AAAP,25,Punjab
16,1605,Liberal Profession or Professional,1,2,2014,BJP,50,Punjab
16,1605,Small Business or Self-employed,1,2,2014,BJP,50,Punjab
16,3482,Agriculture,1,3,2014,INC,33.33,Punjab
16,3482,Business,1,3,2014,INC,33.33,Punjab
16,3482,Politics,1,3,2014,INC,33.33,Punjab
16,16994,Agriculture,2,4,2014,SAD,50,Punjab
16,16994,Business,2,4,2014,SAD,50,Punjab
16,1605,Agriculture,1,25,2014,BJP,4,Rajasthan
16,1605,Business,13,25,2014,BJP,52,Rajasthan
16,1605,Education,1,25,2014,BJP,4,Rajasthan
16,1605,Former Government,2,25,2014,BJP,8,Rajasthan
16,1605,Liberal Profession or Professional,1,25,2014,BJP,4,Rajasthan
16,1605,Politics,3,25,2014,BJP,12,Rajasthan
16,1605,Religious Occupation,1,25,2014,BJP,4,Rajasthan
16,1605,Retired or Pension,3,25,2014,BJP,12,Rajasthan
16,7925,Salaried Work or Employed,1,1,2014,SDF,100,Sikkim
16,930,Agriculture,5,37,2014,ADMK,13.51,Tamil_Nadu
16,930,Business,9,37,2014,ADMK,24.32,Tamil_Nadu
16,930,Education,1,37,2014,ADMK,2.7,Tamil_Nadu
16,930,Liberal Profession or Professional,17,37,2014,ADMK,45.95,Tamil_Nadu
16,930,Other,2,37,2014,ADMK,5.41,Tamil_Nadu
16,930,Politics,1,37,2014,ADMK,2.7,Tamil_Nadu
16,930,Retired or Pension,2,37,2014,ADMK,5.41,Tamil_Nadu
16,1605,Liberal Profession or Professional,1,1,2014,BJP,100,Tamil_Nadu
16,11891,Liberal Profession or Professional,1,1,2014,PMK,100,Tamil_Nadu
16,14635,Retired or Pension,1,2,2014,CPM,50,Tripura
16,14635,Social Work,1,2,2014,CPM,50,Tripura
16,954,Business,2,2,2014,AD,100,Uttar_Pradesh
16,1605,Agriculture,12,71,2014,BJP,16.9,Uttar_Pradesh
16,1605,Business,26,71,2014,BJP,36.62,Uttar_Pradesh
16,1605,Education,1,71,2014,BJP,1.41,Uttar_Pradesh
16,1605,Former Government,2,71,2014,BJP,2.82,Uttar_Pradesh
16,1605,Liberal Profession or Professional,6,71,2014,BJP,8.45,Uttar_Pradesh
16,1605,Other,1,71,2014,BJP,1.41,Uttar_Pradesh
16,1605,Politics,8,71,2014,BJP,11.27,Uttar_Pradesh
16,1605,Retired or Pension,8,71,2014,BJP,11.27,Uttar_Pradesh
16,1605,Salaried Work or Employed,3,71,2014,BJP,4.23,Uttar_Pradesh
16,1605,Small Business or Self-employed,2,71,2014,BJP,2.82,Uttar_Pradesh
16,1605,Social Work,2,71,2014,BJP,2.82,Uttar_Pradesh
16,3482,Politics,2,2,2014,INC,100,Uttar_Pradesh
16,7425,Agriculture,3,5,2014,SP,60,Uttar_Pradesh
16,7425,Business,1,5,2014,SP,20,Uttar_Pradesh
16,7425,Politics,1,5,2014,SP,20,Uttar_Pradesh
16,1605,Business,3,5,2014,BJP,60,Uttarakhand
16,1605,Politics,1,5,2014,BJP,20,Uttarakhand
16,1605,Retired or Pension,1,5,2014,BJP,20,Uttarakhand
16,18228,Business,3,34,2014,AITC,8.82,West_Bengal
16,18228,Education,4,34,2014,AITC,11.76,West_Bengal
16,18228,Former Government,1,34,2014,AITC,2.94,West_Bengal
16,18228,Liberal Profession or Professional,13,34,2014,AITC,38.24,West_Bengal
16,18228,Other,1,34,2014,AITC,2.94,West_Bengal
16,18228,Politics,2,34,2014,AITC,5.88,West_Bengal
16,18228,Retired or Pension,3,34,2014,AITC,8.82,West_Bengal
16,18228,Salaried Work or Employed,2,34,2014,AITC,5.88,West_Bengal
16,18228,Social Work,5,34,2014,AITC,14.71,West_Bengal
16,1605,Liberal Profession or Professional,1,2,2014,BJP,50,West_Bengal
16,1605,Small Business or Self-employed,1,2,2014,BJP,50,West_Bengal
16,14635,Education,1,2,2014,CPM,50,West_Bengal
16,14635,Politics,1,2,2014,CPM,50,West_Bengal
16,3482,Business,1,4,2014,INC,25,West_Bengal
16,3482,Liberal Profession or Professional,1,4,2014,INC,25,West_Bengal
16,3482,Politics,1,4,2014,INC,25,West_Bengal
16,3482,Salaried Work or Employed,1,4,2014,INC,25,West_Bengal
15,1605,Other,1,1,2009,BJP,100,Andaman_&_Nicobar_Islands
15,706,Other,1,1,2009,AIMIM,100,Andhra_Pradesh
15,3482,Other,33,33,2009,INC,100,Andhra_Pradesh
15,8300,Other,6,6,2009,TDP,100,Andhra_Pradesh
15,8284,Other,2,2,2009,TRS,100,Andhra_Pradesh
15,3482,Other,2,2,2009,INC,100,Arunachal_Pradesh
15,978,Other,1,1,2009,AGP,100,Assam
15,988,Other,1,1,2009,AUDF,100,Assam
15,1605,Other,4,4,2009,BJP,100,Assam
15,9451,Other,1,1,2009,BOPF,100,Assam
15,3482,Other,7,7,2009,INC,100,Assam
15,1605,Other,12,12,2009,BJP,100,Bihar
15,3482,Other,2,2,2009,INC,100,Bihar
15,10809,Other,1,2,2009,IND,50,Bihar
15,10809,Unknown,1,2,2009,IND,50,Bihar
15,11002,Other,18,20,2009,JD(U),90,Bihar
15,11002,Unknown,2,20,2009,JD(U),10,Bihar
15,12103,Other,3,4,2009,RJD,75,Bihar
15,12103,Unknown,1,4,2009,RJD,25,Bihar
15,3482,Other,1,1,2009,INC,100,Chandigarh
15,1605,Other,7,10,2009,BJP,70,Chhattisgarh
15,1605,Unknown,3,10,2009,BJP,30,Chhattisgarh
15,3482,Other,1,1,2009,INC,100,Chhattisgarh
15,1605,Other,1,1,2009,BJP,100,Dadra_&_Nagar_Haveli
15,1605,Other,1,1,2009,BJP,100,Daman_&_Diu
15,3482,Other,7,7,2009,INC,100,Delhi
15,1605,Other,1,1,2009,BJP,100,Goa
15,3482,Other,1,1,2009,INC,100,Goa
15,1605,Other,15,15,2009,BJP,100,Gujarat
15,3482,Other,9,11,2009,INC,81.82,Gujarat
15,3482,Unknown,2,11,2009,INC,18.18,Gujarat
15,3185,Other,1,1,2009,HJCBL,100,Haryana
15,3482,Other,9,9,2009,INC,100,Haryana
15,1605,Other,3,3,2009,BJP,100,Himachal_Pradesh
15,3482,Other,1,1,2009,INC,100,Himachal_Pradesh
15,3482,Other,2,2,2009,INC,100,Jammu_&_Kashmir
15,10809,Other,1,1,2009,IND,100,Jammu_&_Kashmir
15,11089,Other,3,3,2009,JKN,100,Jammu_&_Kashmir
15,1605,Other,8,8,2009,BJP,100,Jharkhand
15,3482,Other,1,1,2009,INC,100,Jharkhand
15,10809,Other,2,2,2009,IND,100,Jharkhand
15,4653,Other,2,2,2009,JMM,100,Jharkhand
15,4736,Other,1,1,2009,JVM,100,Jharkhand
15,1605,Other,19,19,2009,BJP,100,Karnataka
15,3482,Other,6,6,2009,INC,100,Karnataka
15,10979,Other,3,3,2009,JD(S),100,Karnataka
15,14635,Other,4,4,2009,CPM,100,Kerala
15,3482,Other,13,13,2009,INC,100,Kerala
15,11341,Other,1,1,2009,KEC(M),100,Kerala
15,5501,Other,2,2,2009,MUL,100,Kerala
15,3482,Other,1,1,2009,INC,100,Lakshadweep
15,930,Other,9,9,2009,ADMK,100,Lok_Sabha
15,978,Other,1,1,2009,AGP,100,Lok_Sabha
15,3040,Other,2,2,2009,AIFB,100,Lok_Sabha
15,706,Other,1,1,2009,AIMIM,100,Lok_Sabha
15,18228,Other,19,19,2009,AITC,100,Lok_Sabha
15,988,Other,1,1,2009,AUDF,100,Lok_Sabha
15,9079,Other,14,14,2009,BJD,100,Lok_Sabha
15,1605,Other,109,116,2009,BJP,93.97,Lok_Sabha
15,1605,Unknown,7,116,2009,BJP,6.03,Lok_Sabha
15,9451,Other,1,1,2009,BOPF,100,Lok_Sabha
15,16651,Other,21,21,2009,BSP,100,Lok_Sabha
15,9677,Other,1,1,2009,BVA,100,Lok_Sabha
15,2444,Other,4,4,2009,CPI,100,Lok_Sabha
15,14635,Other,16,16,2009,CPM,100,Lok_Sabha
15,10192,Other,16,18,2009,DMK,88.89,Lok_Sabha
15,10192,Unknown,2,18,2009,DMK,11.11,Lok_Sabha
15,3185,Other,1,1,2009,HJCBL,100,Lok_Sabha
15,3482,Other,199,206,2009,INC,96.6,Lok_Sabha
15,3482,Unknown,7,206,2009,INC,3.4,Lok_Sabha
15,10809,Other,7,9,2009,IND,77.78,Lok_Sabha
15,10809,Unknown,2,9,2009,IND,22.22,Lok_Sabha
15,10979,Other,3,3,2009,JD(S),100,Lok_Sabha
15,11002,Other,18,20,2009,JD(U),90,Lok_Sabha
15,11002,Unknown,2,20,2009,JD(U),10,Lok_Sabha
15,11089,Other,3,3,2009,JKN,100,Lok_Sabha
15,4653,Other,2,2,2009,JMM,100,Lok_Sabha
15,4736,Other,1,1,2009,JVM,100,Lok_Sabha
15,11341,Other,1,1,2009,KEC(M),100,Lok_Sabha
15,11601,Other,1,1,2009,MDMK,100,Lok_Sabha
15,5501,Other,2,2,2009,MUL,100,Lok_Sabha
15,5792,Other,8,9,2009,NCP,88.89,Lok_Sabha
15,5792,Unknown,1,9,2009,NCP,11.11,Lok_Sabha
15,5552,Unknown,1,1,2009,NPF,100,Lok_Sabha
15,12103,Other,3,4,2009,RJD,75,Lok_Sabha
15,12103,Unknown,1,4,2009,RJD,25,Lok_Sabha
15,12169,Other,5,5,2009,RLD,100,Lok_Sabha
15,12053,Other,2,2,2009,RSP,100,Lok_Sabha
15,16994,Other,4,4,2009,SAD,100,Lok_Sabha
15,7925,Other,1,1,2009,SDF,100,Lok_Sabha
15,18691,Other,11,11,2009,SHS,100,Lok_Sabha
15,7425,Other,23,23,2009,SP,100,Lok_Sabha
15,12961,Other,1,1,2009,SWP,100,Lok_Sabha
15,8300,Other,6,6,2009,TDP,100,Lok_Sabha
15,8284,Other,2,2,2009,TRS,100,Lok_Sabha
15,8488,Other,1,1,2009,VCK,100,Lok_Sabha
15,1605,Other,13,16,2009,BJP,81.25,Madhya_Pradesh
15,1605,Unknown,3,16,2009,BJP,18.75,Madhya_Pradesh
15,16651,Other,1,1,2009,BSP,100,Madhya_Pradesh
15,3482,Other,10,12,2009,INC,83.33,Madhya_Pradesh
15,3482,Unknown,2,12,2009,INC,16.67,Madhya_Pradesh
15,1605,Other,9,9,2009,BJP,100,Maharashtra
15,9677,Other,1,1,2009,BVA,100,Maharashtra
15,3482,Other,17,17,2009,INC,100,Maharashtra
15,10809,Other,1,1,2009,IND,100,Maharashtra
15,5792,Other,7,8,2009,NCP,87.5,Maharashtra
15,5792,Unknown,1,8,2009,NCP,12.5,Maharashtra
15,18691,Other,11,11,2009,SHS,100,Maharashtra
15,12961,Other,1,1,2009,SWP,100,Maharashtra
15,3482,Other,2,2,2009,INC,100,Manipur
15,3482,Other,1,1,2009,INC,100,Meghalaya
15,5792,Other,1,1,2009,NCP,100,Meghalaya
15,3482,Other,1,1,2009,INC,100,Mizoram
15,5552,Unknown,1,1,2009,NPF,100,Nagaland
15,9079,Other,14,14,2009,BJD,100,Odisha
15,2444,Other,1,1,2009,CPI,100,Odisha
15,3482,Other,6,6,2009,INC,100,Odisha
15,3482,Other,1,1,2009,INC,100,Puducherry
15,1605,Other,1,1,2009,BJP,100,Punjab
15,3482,Other,8,8,2009,INC,100,Punjab
15,16994,Other,4,4,2009,SAD,100,Punjab
15,1605,Other,4,4,2009,BJP,100,Rajasthan
15,3482,Other,18,20,2009,INC,90,Rajasthan
15,3482,Unknown,2,20,2009,INC,10,Rajasthan
15,10809,Unknown,1,1,2009,IND,100,Rajasthan
15,7925,Other,1,1,2009,SDF,100,Sikkim
15,930,Other,9,9,2009,ADMK,100,Tamil_Nadu
15,2444,Other,1,1,2009,CPI,100,Tamil_Nadu
15,14635,Other,1,1,2009,CPM,100,Tamil_Nadu
15,10192,Other,16,18,2009,DMK,88.89,Tamil_Nadu
15,10192,Unknown,2,18,2009,DMK,11.11,Tamil_Nadu
15,3482,Other,8,8,2009,INC,100,Tamil_Nadu
15,11601,Other,1,1,2009,MDMK,100,Tamil_Nadu
15,8488,Other,1,1,2009,VCK,100,Tamil_Nadu
15,14635,Other,2,2,2009,CPM,100,Tripura
15,1605,Other,9,10,2009,BJP,90,Uttar_Pradesh
15,1605,Unknown,1,10,2009,BJP,10,Uttar_Pradesh
15,16651,Other,20,20,2009,BSP,100,Uttar_Pradesh
15,3482,Other,20,21,2009,INC,95.24,Uttar_Pradesh
15,3482,Unknown,1,21,2009,INC,4.76,Uttar_Pradesh
15,10809,Other,1,1,2009,IND,100,Uttar_Pradesh
15,12169,Other,5,5,2009,RLD,100,Uttar_Pradesh
15,7425,Other,23,23,2009,SP,100,Uttar_Pradesh
15,3482,Other,5,5,2009,INC,100,Uttarakhand
15,3040,Other,2,2,2009,AIFB,100,West_Bengal
15,18228,Other,19,19,2009,AITC,100,West_Bengal
15,1605,Other,1,1,2009,BJP,100,West_Bengal
15,2444,Other,2,2,2009,CPI,100,West_Bengal
15,14635,Other,9,9,2009,CPM,100,West_Bengal
15,3482,Other,6,6,2009,INC,100,West_Bengal
15,10809,Other,1,1,2009,IND,100,West_Bengal
15,12053,Other,2,2,2009,RSP,100,West_Bengal
14,3482,Other,1,1,2004,INC,100,Andaman_&_Nicobar_Islands
14,706,Other,1,1,2004,AIMIM,100,Andhra_Pradesh
14,2444,Other,1,1,2004,CPI,100,Andhra_Pradesh
14,14635,Other,1,1,2004,CPM,100,Andhra_Pradesh
14,3482,Other,25,29,2004,INC,86.21,Andhra_Pradesh
14,3482,Unknown,4,29,2004,INC,13.79,Andhra_Pradesh
14,8300,Other,4,5,2004,TDP,80,Andhra_Pradesh
14,8300,Unknown,1,5,2004,TDP,20,Andhra_Pradesh
14,8284,Other,4,5,2004,TRS,80,Andhra_Pradesh
14,8284,Unknown,1,5,2004,TRS,20,Andhra_Pradesh
14,1605,Other,2,2,2004,BJP,100,Arunachal_Pradesh
14,978,Other,2,2,2004,AGP,100,Assam
14,1605,Other,2,2,2004,BJP,100,Assam
14,3482,Other,9,9,2004,INC,100,Assam
14,10809,Other,1,1,2004,IND,100,Assam
14,1605,Other,5,5,2004,BJP,100,Bihar
14,3482,Other,3,3,2004,INC,100,Bihar
14,11002,Other,5,6,2004,JD(U),83.33,Bihar
14,11002,Unknown,1,6,2004,JD(U),16.67,Bihar
14,5029,Other,4,4,2004,LJNSP,100,Bihar
14,12103,Other,22,22,2004,RJD,100,Bihar
14,3482,Other,1,1,2004,INC,100,Chandigarh
14,1605,Other,9,10,2004,BJP,90,Chhattisgarh
14,1605,Unknown,1,10,2004,BJP,10,Chhattisgarh
14,3482,Other,1,1,2004,INC,100,Chhattisgarh
14,1748,Other,1,1,2004,BNP,100,Dadra_&_Nagar_Haveli
14,3482,Other,1,1,2004,INC,100,Daman_&_Diu
14,1605,Other,1,1,2004,BJP,100,Delhi
14,3482,Other,5,6,2004,INC,83.33,Delhi
14,3482,Unknown,1,6,2004,INC,16.67,Delhi
14,1605,Other,1,1,2004,BJP,100,Goa
14,3482,Other,1,1,2004,INC,100,Goa
14,1605,Other,12,14,2004,BJP,85.71,Gujarat
14,1605,Unknown,2,14,2004,BJP,14.29,Gujarat
14,3482,Other,12,12,2004,INC,100,Gujarat
14,1605,Other,1,1,2004,BJP,100,Haryana
14,3482,Other,9,9,2004,INC,100,Haryana
14,1605,Other,1,1,2004,BJP,100,Himachal_Pradesh
14,3482,Other,3,3,2004,INC,100,Himachal_Pradesh
14,3482,Other,2,2,2004,INC,100,Jammu_&_Kashmir
14,10809,Other,1,1,2004,IND,100,Jammu_&_Kashmir
14,11089,Other,2,2,2004,JKN,100,Jammu_&_Kashmir
14,11133,Other,1,1,2004,JKPDP,100,Jammu_&_Kashmir
14,1605,Other,1,1,2004,BJP,100,Jharkhand
14,2444,Other,1,1,2004,CPI,100,Jharkhand
14,3482,Other,6,6,2004,INC,100,Jharkhand
14,4653,Other,4,4,2004,JMM,100,Jharkhand
14,12103,Other,2,2,2004,RJD,100,Jharkhand
14,1605,Other,17,18,2004,BJP,94.44,Karnataka
14,1605,Unknown,1,18,2004,BJP,5.56,Karnataka
14,3482,Other,8,8,2004,INC,100,Karnataka
14,10979,Other,2,2,2004,JD(S),100,Karnataka
14,2444,Other,2,3,2004,CPI,66.67,Kerala
14,2444,Unknown,1,3,2004,CPI,33.33,Kerala
14,14635,Other,11,12,2004,CPM,91.67,Kerala
14,14635,Unknown,1,12,2004,CPM,8.33,Kerala
14,3420,Other,1,1,2004,IFDP,100,Kerala
14,10809,Other,1,1,2004,IND,100,Kerala
14,10979,Other,1,1,2004,JD(S),100,Kerala
14,4807,Other,1,1,2004,KEC,100,Kerala
14,5501,Unknown,1,1,2004,MUL,100,Kerala
14,11002,Other,1,1,2004,JD(U),100,Lakshadweep
14,978,Other,2,2,2004,AGP,100,Lok_Sabha
14,3040,Other,3,3,2004,AIFB,100,Lok_Sabha
14,706,Other,1,1,2004,AIMIM,100,Lok_Sabha
14,18228,Other,2,2,2004,AITC,100,Lok_Sabha
14,9079,Other,10,11,2004,BJD,90.91,Lok_Sabha
14,9079,Unknown,1,11,2004,BJD,9.09,Lok_Sabha
14,1605,Other,131,138,2004,BJP,94.93,Lok_Sabha
14,1605,Unknown,7,138,2004,BJP,5.07,Lok_Sabha
14,1748,Other,1,1,2004,BNP,100,Lok_Sabha
14,16651,Other,19,19,2004,BSP,100,Lok_Sabha
14,2444,Other,8,10,2004,CPI,80,Lok_Sabha
14,2444,Unknown,2,10,2004,CPI,20,Lok_Sabha
14,14635,Other,40,43,2004,CPM,93.02,Lok_Sabha
14,14635,Unknown,3,43,2004,CPM,6.98,Lok_Sabha
14,10192,Other,15,16,2004,DMK,93.75,Lok_Sabha
14,10192,Unknown,1,16,2004,DMK,6.25,Lok_Sabha
14,3420,Other,1,1,2004,IFDP,100,Lok_Sabha
14,3482,Other,136,145,2004,INC,93.79,Lok_Sabha
14,3482,Unknown,9,145,2004,INC,6.21,Lok_Sabha
14,10809,Other,5,5,2004,IND,100,Lok_Sabha
14,10979,Other,3,3,2004,JD(S),100,Lok_Sabha
14,11002,Other,7,8,2004,JD(U),87.5,Lok_Sabha
14,11002,Unknown,1,8,2004,JD(U),12.5,Lok_Sabha
14,11089,Other,2,2,2004,JKN,100,Lok_Sabha
14,11133,Other,1,1,2004,JKPDP,100,Lok_Sabha
14,4653,Other,5,5,2004,JMM,100,Lok_Sabha
14,4807,Other,1,1,2004,KEC,100,Lok_Sabha
14,5029,Other,4,4,2004,LJNSP,100,Lok_Sabha
14,11601,Other,3,4,2004,MDMK,75,Lok_Sabha
14,11601,Unknown,1,4,2004,MDMK,25,Lok_Sabha
14,5430,Other,1,1,2004,MNF,100,Lok_Sabha
14,5501,Unknown,1,1,2004,MUL,100,Lok_Sabha
14,5792,Other,8,9,2004,NCP,88.89,Lok_Sabha
14,5792,Unknown,1,9,2004,NCP,11.11,Lok_Sabha
14,5631,Other,1,1,2004,NLP,100,Lok_Sabha
14,5552,Other,1,1,2004,NPF,100,Lok_Sabha
14,11891,Other,5,6,2004,PMK,83.33,Lok_Sabha
14,11891,Unknown,1,6,2004,PMK,16.67,Lok_Sabha
14,12103,Other,24,24,2004,RJD,100,Lok_Sabha
14,12169,Other,3,3,2004,RLD,100,Lok_Sabha
14,12285,Other,1,1,2004,RPI(A),100,Lok_Sabha
14,12053,Other,3,3,2004,RSP,100,Lok_Sabha
14,16994,Other,8,8,2004,SAD,100,Lok_Sabha
14,7925,Other,1,1,2004,SDF,100,Lok_Sabha
14,18691,Other,12,12,2004,SHS,100,Lok_Sabha
14,7408,Other,1,1,2004,SJP(R),100,Lok_Sabha
14,7425,Other,36,36,2004,SP,100,Lok_Sabha
14,8300,Other,4,5,2004,TDP,80,Lok_Sabha
14,8300,Unknown,1,5,2004,TDP,20,Lok_Sabha
14,8284,Other,4,5,2004,TRS,80,Lok_Sabha
14,8284,Unknown,1,5,2004,TRS,20,Lok_Sabha
14,1605,Other,25,25,2004,BJP,100,Madhya_Pradesh
14,3482,Other,4,4,2004,INC,100,Madhya_Pradesh
14,1605,Other,12,13,2004,BJP,92.31,Maharashtra
14,1605,Unknown,1,13,2004,BJP,7.69,Maharashtra
14,3482,Other,11,13,2004,INC,84.62,Maharashtra
14,3482,Unknown,2,13,2004,INC,15.38,Maharashtra
14,5792,Other,8,9,2004,NCP,88.89,Maharashtra
14,5792,Unknown,1,9,2004,NCP,11.11,Maharashtra
14,12285,Other,1,1,2004,RPI(A),100,Maharashtra
14,18691,Other,12,12,2004,SHS,100,Maharashtra
14,3482,Other,1,1,2004,INC,100,Manipur
14,10809,Other,1,1,2004,IND,100,Manipur
14,18228,Other,1,1,2004,AITC,100,Meghalaya
14,3482,Other,1,1,2004,INC,100,Meghalaya
14,5430,Other,1,1,2004,MNF,100,Mizoram
14,5552,Other,1,1,2004,NPF,100,Nagaland
14,9079,Other,10,11,2004,BJD,90.91,Odisha
14,9079,Unknown,1,11,2004,BJD,9.09,Odisha
14,1605,Other,7,7,2004,BJP,100,Odisha
14,3482,Other,2,2,2004,INC,100,Odisha
14,4653,Other,1,1,2004,JMM,100,Odisha
14,11891,Other,1,1,2004,PMK,100,Puducherry
14,1605,Other,3,3,2004,BJP,100,Punjab
14,3482,Other,2,2,2004,INC,100,Punjab
14,16994,Other,8,8,2004,SAD,100,Punjab
14,1605,Other,20,21,2004,BJP,95.24,Rajasthan
14,1605,Unknown,1,21,2004,BJP,4.76,Rajasthan
14,3482,Other,4,4,2004,INC,100,Rajasthan
14,7925,Other,1,1,2004,SDF,100,Sikkim
14,2444,Other,1,2,2004,CPI,50,Tamil_Nadu
14,2444,Unknown,1,2,2004,CPI,50,Tamil_Nadu
14,14635,Other,1,2,2004,CPM,50,Tamil_Nadu
14,14635,Unknown,1,2,2004,CPM,50,Tamil_Nadu
14,10192,Other,15,16,2004,DMK,93.75,Tamil_Nadu
14,10192,Unknown,1,16,2004,DMK,6.25,Tamil_Nadu
14,3482,Other,9,10,2004,INC,90,Tamil_Nadu
14,3482,Unknown,1,10,2004,INC,10,Tamil_Nadu
14,11601,Other,3,4,2004,MDMK,75,Tamil_Nadu
14,11601,Unknown,1,4,2004,MDMK,25,Tamil_Nadu
14,11891,Other,4,5,2004,PMK,80,Tamil_Nadu
14,11891,Unknown,1,5,2004,PMK,20,Tamil_Nadu
14,14635,Other,2,2,2004,CPM,100,Tripura
14,1605,Other,10,10,2004,BJP,100,Uttar_Pradesh
14,16651,Other,19,19,2004,BSP,100,Uttar_Pradesh
14,3482,Other,9,9,2004,INC,100,Uttar_Pradesh
14,10809,Other,1,1,2004,IND,100,Uttar_Pradesh
14,11002,Other,1,1,2004,JD(U),100,Uttar_Pradesh
14,5631,Other,1,1,2004,NLP,100,Uttar_Pradesh
14,12169,Other,3,3,2004,RLD,100,Uttar_Pradesh
14,7408,Other,1,1,2004,SJP(R),100,Uttar_Pradesh
14,7425,Other,35,35,2004,SP,100,Uttar_Pradesh
14,1605,Other,2,3,2004,BJP,66.67,Uttarakhand
14,1605,Unknown,1,3,2004,BJP,33.33,Uttarakhand
14,3482,Other,1,1,2004,INC,100,Uttarakhand
14,7425,Other,1,1,2004,SP,100,Uttarakhand
14,3040,Other,3,3,2004,AIFB,100,West_Bengal
14,18228,Other,1,1,2004,AITC,100,West_Bengal
14,2444,Other,3,3,2004,CPI,100,West_Bengal
14,14635,Other,25,26,2004,CPM,96.15,West_Bengal
14,14635,Unknown,1,26,2004,CPM,3.85,West_Bengal
14,3482,Other,5,6,2004,INC,83.33,West_Bengal
14,3482,Unknown,1,6,2004,INC,16.67,West_Bengal
14,12053,Other,3,3,2004,RSP,100,West_Bengal
