State_Name,Year,Assembly_No,Party,Sub_Region,Total_Cand,Winners,Deposit_Lost,Avg_Winning_Margin,Strike_Rate,position
Uttar_Pradesh,2022,18,AAAP,AVADH,84,0,84,0,0.0,30
Uttar_Pradesh,2022,18,AAAP,BUNDELKHAND,12,0,12,0,0.0,31
Uttar_Pradesh,2022,18,AAAP,DOAB,77,0,77,0,0.0,32
Uttar_Pradesh,2022,18,AAAP,EAST,51,0,51,0,0.0,33
Uttar_Pradesh,2022,18,AAAP,NORTH-EAST,39,0,39,0,0.0,34
Uttar_Pradesh,2022,18,AAAP,ROHILKHAND,45,0,45,0,0.0,35
Uttar_Pradesh,2022,18,AAAP,WEST,41,0,41,0,0.0,36
Uttar_Pradesh,2022,18,ADS,AVADH,3,2,0,10,66.67,11
Uttar_Pradesh,2022,18,ADS,BUNDELKHAND,2,2,0,10.82,100.0,1
Uttar_Pradesh,2022,18,ADS,DOAB,7,4,0,3.31,57.14,13
Uttar_Pradesh,2022,18,ADS,EAST,3,3,0,12.34,100.0,2
Uttar_Pradesh,2022,18,ADS,NORTH-EAST,1,1,0,12.89,100.0,3
Uttar_Pradesh,2022,18,ADS,ROHILKHAND,1,0,0,0,0.0,37
Uttar_Pradesh,2022,18,AIFB,EAST,2,0,2,0,0.0,38
Uttar_Pradesh,2022,18,AIFB,WEST,1,0,1,0,0.0,39
Uttar_Pradesh,2022,18,AIMIM,AVADH,22,0,22,0,0.0,40
Uttar_Pradesh,2022,18,AIMIM,BUNDELKHAND,1,0,1,0,0.0,41
Uttar_Pradesh,2022,18,AIMIM,DOAB,11,0,11,0,0.0,42
Uttar_Pradesh,2022,18,AIMIM,EAST,18,0,18,0,0.0,43
Uttar_Pradesh,2022,18,AIMIM,NORTH-EAST,9,0,9,0,0.0,44
Uttar_Pradesh,2022,18,AIMIM,ROHILKHAND,16,0,16,0,0.0,45
Uttar_Pradesh,2022,18,AIMIM,WEST,18,0,18,0,0.0,46
Uttar_Pradesh,2022,18,ASPKR,AVADH,24,0,24,0,0.0,47
Uttar_Pradesh,2022,18,ASPKR,BUNDELKHAND,5,0,5,0,0.0,48
Uttar_Pradesh,2022,18,ASPKR,DOAB,18,0,18,0,0.0,49
Uttar_Pradesh,2022,18,ASPKR,EAST,13,0,13,0,0.0,50
Uttar_Pradesh,2022,18,ASPKR,NORTH-EAST,6,0,6,0,0.0,51
Uttar_Pradesh,2022,18,ASPKR,ROHILKHAND,23,0,23,0,0.0,52
Uttar_Pradesh,2022,18,ASPKR,WEST,22,0,22,0,0.0,53
Uttar_Pradesh,2022,18,Aam Aadmi Parivartan Party,AVADH,1,0,1,0,0.0,54
Uttar_Pradesh,2022,18,Aam Janata Party,NORTH-EAST,1,0,1,0,0.0,55
Uttar_Pradesh,2022,18,Aam Janta Party (India),AVADH,4,0,4,0,0.0,56
Uttar_Pradesh,2022,18,Aam Janta Party (India),BUNDELKHAND,1,0,1,0,0.0,57
Uttar_Pradesh,2022,18,Aam Janta Party (India),EAST,5,0,5,0,0.0,58
Uttar_Pradesh,2022,18,Aam Janta Party (India),NORTH-EAST,10,0,10,0,0.0,59
Uttar_Pradesh,2022,18,Aamjan Ekta Party,WEST,2,0,2,0,0.0,60
Uttar_Pradesh,2022,18,Aapki Apni Party (Peoples),EAST,1,0,1,0,0.0,61
Uttar_Pradesh,2022,18,Abhay Samaj Party,NORTH-EAST,2,0,2,0,0.0,62
Uttar_Pradesh,2022,18,Action Party,AVADH,1,0,1,0,0.0,63
Uttar_Pradesh,2022,18,Adarsh Janta Party,AVADH,1,0,1,0,0.0,64
Uttar_Pradesh,2022,18,Adarsh Janta Party,DOAB,1,0,1,0,0.0,65
Uttar_Pradesh,2022,18,Adarsh Samaj Party,DOAB,2,0,2,0,0.0,66
Uttar_Pradesh,2022,18,Adarshwaadi Congress Party,AVADH,1,0,1,0,0.0,67
Uttar_Pradesh,2022,18,Adim Bhartiya Dal,NORTH-EAST,1,0,1,0,0.0,68
Uttar_Pradesh,2022,18,Akhand Bharat Vikas Party,WEST,1,0,1,0,0.0,69
Uttar_Pradesh,2022,18,Akhil Bharatiya Socialist Party,BUNDELKHAND,1,0,1,0,0.0,70
Uttar_Pradesh,2022,18,Akhil Bharatiya Socialist Party,DOAB,7,0,7,0,0.0,71
Uttar_Pradesh,2022,18,Akhil Bharatiya Socialist Party,EAST,1,0,1,0,0.0,72
Uttar_Pradesh,2022,18,Akhil Bharatiya Socialist Party,NORTH-EAST,2,0,2,0,0.0,73
Uttar_Pradesh,2022,18,Akhil Bhartiya Apna Dal,AVADH,3,0,3,0,0.0,74
Uttar_Pradesh,2022,18,Akhil Bhartiya Jansatta Party,AVADH,1,0,1,0,0.0,75
Uttar_Pradesh,2022,18,Akhil Bhartiya Lok Dal,WEST,1,0,1,0,0.0,76
Uttar_Pradesh,2022,18,Akhil Bhartiya Naitik Party,AVADH,1,0,1,0,0.0,77
Uttar_Pradesh,2022,18,Al-Hind Party,AVADH,1,0,1,0,0.0,78
Uttar_Pradesh,2022,18,All India Hindustan Congress Party,WEST,1,0,1,0,0.0,79
Uttar_Pradesh,2022,18,All India Minorities Front,EAST,1,0,1,0,0.0,80
Uttar_Pradesh,2022,18,All India Minorities Front,WEST,1,0,1,0,0.0,81
Uttar_Pradesh,2022,18,All India Peoples' Front (Radical),AVADH,1,0,1,0,0.0,82
Uttar_Pradesh,2022,18,All India Peoples' Front (Radical),EAST,1,0,1,0,0.0,83
Uttar_Pradesh,2022,18,Ambedkar Samaj Party,AVADH,1,0,1,0,0.0,84
Uttar_Pradesh,2022,18,Ambedkar Samaj Party,BUNDELKHAND,4,0,4,0,0.0,85
Uttar_Pradesh,2022,18,Ambedkar Samaj Party,ROHILKHAND,3,0,3,0,0.0,86
Uttar_Pradesh,2022,18,Ambedkar Yug Party,DOAB,1,0,1,0,0.0,87
Uttar_Pradesh,2022,18,Ambedkarite Party of India,DOAB,1,0,1,0,0.0,88
Uttar_Pradesh,2022,18,Anarakshit Samaj Party,DOAB,1,0,1,0,0.0,89
Uttar_Pradesh,2022,18,Anarakshit Samaj Party,NORTH-EAST,1,0,1,0,0.0,90
Uttar_Pradesh,2022,18,Anjaan Aadmi Party,EAST,1,0,1,0,0.0,91
Uttar_Pradesh,2022,18,Apana Dal Balihari Party,AVADH,4,0,4,0,0.0,92
Uttar_Pradesh,2022,18,Apna Bharatiya Sanatan Party,AVADH,1,0,1,0,0.0,93
Uttar_Pradesh,2022,18,Apna Bharatiya Sanatan Party,EAST,1,0,1,0,0.0,94
Uttar_Pradesh,2022,18,Apna Dal (Kamerawadi),AVADH,1,0,0,0,0.0,95
Uttar_Pradesh,2022,18,Apna Dal (Kamerawadi),EAST,5,0,3,0,0.0,96
Uttar_Pradesh,2022,18,Apna Dal United Party,NORTH-EAST,2,0,2,0,0.0,97
Uttar_Pradesh,2022,18,Apna Desh Party,AVADH,1,0,1,0,0.0,98
Uttar_Pradesh,2022,18,Apni Janta Party,DOAB,1,0,1,0,0.0,99
Uttar_Pradesh,2022,18,Apni Janta Party,WEST,1,0,1,0,0.0,100
Uttar_Pradesh,2022,18,Apni Zindgi Apna Dal,DOAB,1,0,1,0,0.0,101
Uttar_Pradesh,2022,18,Arjak Adhikar Dal,DOAB,2,0,2,0,0.0,102
Uttar_Pradesh,2022,18,Asankhya Samaj Party,AVADH,1,0,1,0,0.0,103
Uttar_Pradesh,2022,18,Atal Janshakti Party,AVADH,1,0,1,0,0.0,104
Uttar_Pradesh,2022,18,Atal Janshakti Party,NORTH-EAST,3,0,3,0,0.0,105
Uttar_Pradesh,2022,18,Awami Samta Party,AVADH,1,0,1,0,0.0,106
Uttar_Pradesh,2022,18,BJP,AVADH,95,67,1,7.18,70.53,9
Uttar_Pradesh,2022,18,BJP,BUNDELKHAND,16,14,0,15.92,87.5,5
Uttar_Pradesh,2022,18,BJP,DOAB,80,61,0,11.54,76.25,7
Uttar_Pradesh,2022,18,BJP,EAST,54,23,2,4.45,42.59,17
Uttar_Pradesh,2022,18,BJP,NORTH-EAST,36,30,0,14.88,83.33,6
Uttar_Pradesh,2022,18,BJP,ROHILKHAND,51,30,0,4.34,58.82,12
Uttar_Pradesh,2022,18,BJP,WEST,44,30,0,12.34,68.18,10
Uttar_Pradesh,2022,18,BSP,AVADH,99,0,85,0,0.0,107
Uttar_Pradesh,2022,18,BSP,BUNDELKHAND,19,0,7,0,0.0,108
Uttar_Pradesh,2022,18,BSP,DOAB,88,0,67,0,0.0,109
Uttar_Pradesh,2022,18,BSP,EAST,61,1,29,0.05,1.64,28
Uttar_Pradesh,2022,18,BSP,NORTH-EAST,40,0,27,0,0.0,110
Uttar_Pradesh,2022,18,BSP,ROHILKHAND,52,0,42,0,0.0,111
Uttar_Pradesh,2022,18,BSP,WEST,44,0,33,0,0.0,112
Uttar_Pradesh,2022,18,Bahujan Andolan Party,WEST,1,0,1,0,0.0,113
Uttar_Pradesh,2022,18,Bahujan Awam Party,AVADH,1,0,1,0,0.0,114
Uttar_Pradesh,2022,18,Bahujan Awam Party,EAST,1,0,1,0,0.0,115
Uttar_Pradesh,2022,18,Bahujan Kranti Party (Marxwad-Ambedkarwad),EAST,1,0,1,0,0.0,116
Uttar_Pradesh,2022,18,Bahujan Maha Party,AVADH,2,0,2,0,0.0,117
Uttar_Pradesh,2022,18,Bahujan Maha Party,NORTH-EAST,3,0,3,0,0.0,118
Uttar_Pradesh,2022,18,Bahujan Mukti Party,AVADH,23,0,23,0,0.0,119
Uttar_Pradesh,2022,18,Bahujan Mukti Party,BUNDELKHAND,6,0,6,0,0.0,120
Uttar_Pradesh,2022,18,Bahujan Mukti Party,DOAB,15,0,15,0,0.0,121
Uttar_Pradesh,2022,18,Bahujan Mukti Party,EAST,19,0,19,0,0.0,122
Uttar_Pradesh,2022,18,Bahujan Mukti Party,NORTH-EAST,15,0,15,0,0.0,123
Uttar_Pradesh,2022,18,Bahujan Mukti Party,ROHILKHAND,7,0,7,0,0.0,124
Uttar_Pradesh,2022,18,Bahujan Mukti Party,WEST,8,0,8,0,0.0,125
Uttar_Pradesh,2022,18,Bahujan Party,AVADH,1,0,1,0,0.0,126
Uttar_Pradesh,2022,18,Bahujan Party,DOAB,1,0,1,0,0.0,127
Uttar_Pradesh,2022,18,Bharat Lok Sewak Party,WEST,1,0,1,0,0.0,128
Uttar_Pradesh,2022,18,Bharat Mahaparivar Party,NORTH-EAST,1,0,1,0,0.0,129
Uttar_Pradesh,2022,18,Bharat Swabhiman Party,AVADH,1,0,1,0,0.0,130
Uttar_Pradesh,2022,18,Bharat Swabhiman Party,BUNDELKHAND,1,0,1,0,0.0,131
Uttar_Pradesh,2022,18,Bharat Swabhiman Party,EAST,3,0,3,0,0.0,132
Uttar_Pradesh,2022,18,Bharat Vaibhav Party,DOAB,3,0,3,0,0.0,133
Uttar_Pradesh,2022,18,Bharatiya Apna Samaj Party,NORTH-EAST,5,0,5,0,0.0,134
Uttar_Pradesh,2022,18,Bharatiya Eklavya Party,NORTH-EAST,2,0,2,0,0.0,135
Uttar_Pradesh,2022,18,Bharatiya Jan Jagriti Party,NORTH-EAST,2,0,2,0,0.0,136
Uttar_Pradesh,2022,18,Bharatiya Jan Jagriti Party,ROHILKHAND,1,0,1,0,0.0,137
Uttar_Pradesh,2022,18,Bharatiya Jan Jagriti Party,WEST,1,0,1,0,0.0,138
Uttar_Pradesh,2022,18,Bharatiya Jan Kranti Dal (Democratic),AVADH,1,0,1,0,0.0,139
Uttar_Pradesh,2022,18,Bharatiya Jan Morcha Party,AVADH,1,0,1,0,0.0,140
Uttar_Pradesh,2022,18,Bharatiya Kisan Parivartan Party,DOAB,3,0,3,0,0.0,141
Uttar_Pradesh,2022,18,Bharatiya Majdoor Janta Party,DOAB,4,0,4,0,0.0,142
Uttar_Pradesh,2022,18,Bharatiya Nagrik Party,DOAB,1,0,1,0,0.0,143
Uttar_Pradesh,2022,18,Bharatiya Nav Kranti Party,EAST,2,0,2,0,0.0,144
Uttar_Pradesh,2022,18,Bharatiya Samta Samaj Party,DOAB,1,0,1,0,0.0,145
Uttar_Pradesh,2022,18,Bharatiya Samta Samaj Party,EAST,3,0,3,0,0.0,146
Uttar_Pradesh,2022,18,Bharatiya Sarvjan Vikas Party,AVADH,1,0,1,0,0.0,147
Uttar_Pradesh,2022,18,Bharatiya Sarvodaya Kranti Party,WEST,1,0,1,0,0.0,148
Uttar_Pradesh,2022,18,Bharatiya Subhash Sena,AVADH,9,0,9,0,0.0,149
Uttar_Pradesh,2022,18,Bharatiya Subhash Sena,DOAB,8,0,8,0,0.0,150
Uttar_Pradesh,2022,18,Bharatiya Subhash Sena,ROHILKHAND,13,0,13,0,0.0,151
Uttar_Pradesh,2022,18,Bharatiya Suheldev Janata Party,EAST,1,0,1,0,0.0,152
Uttar_Pradesh,2022,18,Bharatiya Swajivi Nagrik Party,NORTH-EAST,1,0,1,0,0.0,153
Uttar_Pradesh,2022,18,Bharatrashtra Democratic Party,AVADH,1,0,1,0,0.0,154
Uttar_Pradesh,2022,18,Bharatrashtra Democratic Party,EAST,7,0,7,0,0.0,155
Uttar_Pradesh,2022,18,Bharatrashtra Democratic Party,WEST,1,0,1,0,0.0,156
Uttar_Pradesh,2022,18,Bhartiya  Sarvjan Party,NORTH-EAST,3,0,3,0,0.0,157
Uttar_Pradesh,2022,18,Bhartiya Damitjan Party,ROHILKHAND,2,0,2,0,0.0,158
Uttar_Pradesh,2022,18,Bhartiya Dharmanirpeksha Party,AVADH,1,0,1,0,0.0,159
Uttar_Pradesh,2022,18,Bhartiya Dharmanirpeksha Party,EAST,3,0,3,0,0.0,160
Uttar_Pradesh,2022,18,Bhartiya Drishtigochar Party,AVADH,1,0,1,0,0.0,161
Uttar_Pradesh,2022,18,Bhartiya Gadar Party (S),EAST,1,0,1,0,0.0,162
Uttar_Pradesh,2022,18,Bhartiya Jan Nayak Party,DOAB,1,0,1,0,0.0,163
Uttar_Pradesh,2022,18,Bhartiya Jan Nayak Party,EAST,1,0,1,0,0.0,164
Uttar_Pradesh,2022,18,Bhartiya Jan Samman Party,ROHILKHAND,2,0,2,0,0.0,165
Uttar_Pradesh,2022,18,Bhartiya Janta Dal,WEST,3,0,3,0,0.0,166
Uttar_Pradesh,2022,18,Bhartiya Kamgar Party,DOAB,2,0,2,0,0.0,167
Uttar_Pradesh,2022,18,Bhartiya Kisan Union Samaj Party,NORTH-EAST,1,0,1,0,0.0,168
Uttar_Pradesh,2022,18,Bhartiya Krishak Dal,AVADH,2,0,2,0,0.0,169
Uttar_Pradesh,2022,18,Bhartiya Krishak Dal,ROHILKHAND,2,0,2,0,0.0,170
Uttar_Pradesh,2022,18,Bhartiya Lok Satta Party,BUNDELKHAND,1,0,1,0,0.0,171
Uttar_Pradesh,2022,18,Bhartiya Manav Samaj Party,EAST,1,0,1,0,0.0,172
Uttar_Pradesh,2022,18,Bhartiya Panchsheel Party,AVADH,1,0,1,0,0.0,173
Uttar_Pradesh,2022,18,Bhartiya Panchsheel Party,EAST,1,0,1,0,0.0,174
Uttar_Pradesh,2022,18,Bhartiya Rashtrawadi Party,AVADH,1,0,1,0,0.0,175
Uttar_Pradesh,2022,18,Bhartiya Republican Party (Insan),EAST,1,0,1,0,0.0,176
Uttar_Pradesh,2022,18,Bhartiya Sabka Dal,EAST,2,0,2,0,0.0,177
Uttar_Pradesh,2022,18,Bhartiya Samta Party,AVADH,1,0,1,0,0.0,178
Uttar_Pradesh,2022,18,Bhartiya Samta Party,DOAB,1,0,1,0,0.0,179
Uttar_Pradesh,2022,18,Bhartiya Sarvdharm Party,AVADH,1,0,1,0,0.0,180
Uttar_Pradesh,2022,18,Bhartiya Shakti Chetna Party,AVADH,6,0,6,0,0.0,181
Uttar_Pradesh,2022,18,Bhartiya Shakti Chetna Party,BUNDELKHAND,7,0,7,0,0.0,182
Uttar_Pradesh,2022,18,Bhartiya Shakti Chetna Party,DOAB,15,0,15,0,0.0,183
Uttar_Pradesh,2022,18,Bhartiya Shakti Chetna Party,EAST,1,0,1,0,0.0,184
Uttar_Pradesh,2022,18,Bhartiya Shakti Chetna Party,NORTH-EAST,2,0,2,0,0.0,185
Uttar_Pradesh,2022,18,Bhartiya Tarak Samaj Party,WEST,1,0,1,0,0.0,186
Uttar_Pradesh,2022,18,Bhartiya Vanchitsamaj Party,DOAB,2,0,2,0,0.0,187
Uttar_Pradesh,2022,18,Bhartiya Veer Dal,DOAB,1,0,1,0,0.0,188
Uttar_Pradesh,2022,18,Bhartiya Veer Dal,WEST,1,0,1,0,0.0,189
Uttar_Pradesh,2022,18,Bundelkhand Kranti Dal,BUNDELKHAND,2,0,2,0,0.0,190
Uttar_Pradesh,2022,18,Bundelkhand Vikas  Dal,BUNDELKHAND,1,0,1,0,0.0,191
Uttar_Pradesh,2022,18,CPI,AVADH,6,0,6,0,0.0,192
Uttar_Pradesh,2022,18,CPI,BUNDELKHAND,7,0,7,0,0.0,193
Uttar_Pradesh,2022,18,CPI,DOAB,5,0,5,0,0.0,194
Uttar_Pradesh,2022,18,CPI,EAST,8,0,8,0,0.0,195
Uttar_Pradesh,2022,18,CPI,NORTH-EAST,6,0,6,0,0.0,196
Uttar_Pradesh,2022,18,CPI,ROHILKHAND,3,0,3,0,0.0,197
Uttar_Pradesh,2022,18,CPI(ML)(L),AVADH,3,0,3,0,0.0,198
Uttar_Pradesh,2022,18,CPI(ML)(L),BUNDELKHAND,1,0,1,0,0.0,199
Uttar_Pradesh,2022,18,CPI(ML)(L),EAST,6,0,6,0,0.0,200
Uttar_Pradesh,2022,18,CPI(ML)(L),NORTH-EAST,1,0,1,0,0.0,201
Uttar_Pradesh,2022,18,CPM,DOAB,1,0,1,0,0.0,202
Uttar_Pradesh,2022,18,CPM,EAST,1,0,1,0,0.0,203
Uttar_Pradesh,2022,18,CPM,NORTH-EAST,1,0,1,0,0.0,204
Uttar_Pradesh,2022,18,Desh Bachao Party,DOAB,1,0,1,0,0.0,205
Uttar_Pradesh,2022,18,Desh Shakti Party,BUNDELKHAND,3,0,3,0,0.0,206
Uttar_Pradesh,2022,18,Gandhiyan Peoples Party,AVADH,3,0,3,0,0.0,207
Uttar_Pradesh,2022,18,Gandhiyan Peoples Party,EAST,1,0,1,0,0.0,208
Uttar_Pradesh,2022,18,Gareeb Kranti Party,ROHILKHAND,1,0,1,0,0.0,209
Uttar_Pradesh,2022,18,Gareeb Samana Party,EAST,1,0,1,0,0.0,210
Uttar_Pradesh,2022,18,Garib Berozgar Vikas Party,ROHILKHAND,1,0,1,0,0.0,211
Uttar_Pradesh,2022,18,Hamdard Party,EAST,1,0,1,0,0.0,212
Uttar_Pradesh,2022,18,Hindu Samaj Party,NORTH-EAST,1,0,1,0,0.0,213
Uttar_Pradesh,2022,18,Hindustan Janmorcha,NORTH-EAST,1,0,1,0,0.0,214
Uttar_Pradesh,2022,18,Hindustan Samaj Party,AVADH,1,0,1,0,0.0,215
Uttar_Pradesh,2022,18,Hindustan Utthan Party,WEST,1,0,1,0,0.0,216
Uttar_Pradesh,2022,18,Hindusthan Nirman Dal,WEST,1,0,1,0,0.0,217
Uttar_Pradesh,2022,18,Hum Sabki Party,EAST,1,0,1,0,0.0,218
Uttar_Pradesh,2022,18,INC,AVADH,99,1,93,0.09,1.01,29
Uttar_Pradesh,2022,18,INC,BUNDELKHAND,19,0,19,0,0.0,219
Uttar_Pradesh,2022,18,INC,DOAB,85,0,82,0,0.0,220
Uttar_Pradesh,2022,18,INC,EAST,61,0,60,0,0.0,221
Uttar_Pradesh,2022,18,INC,NORTH-EAST,40,1,38,0.01,2.5,27
Uttar_Pradesh,2022,18,INC,ROHILKHAND,51,0,51,0,0.0,222
Uttar_Pradesh,2022,18,INC,WEST,44,0,44,0,0.0,223
Uttar_Pradesh,2022,18,IND,AVADH,248,0,247,0,0.0,224
Uttar_Pradesh,2022,18,IND,BUNDELKHAND,47,0,47,0,0.0,225
Uttar_Pradesh,2022,18,IND,DOAB,248,0,248,0,0.0,226
Uttar_Pradesh,2022,18,IND,EAST,117,0,117,0,0.0,227
Uttar_Pradesh,2022,18,IND,NORTH-EAST,104,0,102,0,0.0,228
Uttar_Pradesh,2022,18,IND,ROHILKHAND,142,0,142,0,0.0,229
Uttar_Pradesh,2022,18,IND,WEST,113,0,113,0,0.0,230
Uttar_Pradesh,2022,18,INL,NORTH-EAST,2,0,2,0,0.0,231
Uttar_Pradesh,2022,18,IUML,DOAB,1,0,1,0,0.0,232
Uttar_Pradesh,2022,18,India Janshakti Party,AVADH,1,0,1,0,0.0,233
Uttar_Pradesh,2022,18,India Janshakti Party,DOAB,2,0,2,0,0.0,234
Uttar_Pradesh,2022,18,India Janshakti Party,WEST,2,0,2,0,0.0,235
Uttar_Pradesh,2022,18,India Praja Bandhu Party,AVADH,2,0,2,0,0.0,236
Uttar_Pradesh,2022,18,Indian Nationalist Alliance Party (India),WEST,2,0,2,0,0.0,237
Uttar_Pradesh,2022,18,Inqalab Vikas Dal,WEST,1,0,1,0,0.0,238
Uttar_Pradesh,2022,18,Insaafwadi Party,EAST,1,0,1,0,0.0,239
Uttar_Pradesh,2022,18,JD(U),AVADH,8,0,8,0,0.0,240
Uttar_Pradesh,2022,18,JD(U),BUNDELKHAND,1,0,1,0,0.0,241
Uttar_Pradesh,2022,18,JD(U),DOAB,1,0,1,0,0.0,242
Uttar_Pradesh,2022,18,JD(U),EAST,11,0,10,0,0.0,243
Uttar_Pradesh,2022,18,JD(U),NORTH-EAST,5,0,5,0,0.0,244
Uttar_Pradesh,2022,18,JD(U),ROHILKHAND,1,0,1,0,0.0,245
Uttar_Pradesh,2022,18,JDL,AVADH,7,2,5,3.55,28.57,20
Uttar_Pradesh,2022,18,JDL,BUNDELKHAND,1,0,1,0,0.0,246
Uttar_Pradesh,2022,18,JDL,DOAB,6,0,6,0,0.0,247
Uttar_Pradesh,2022,18,JDL,EAST,1,0,1,0,0.0,248
Uttar_Pradesh,2022,18,JDL,ROHILKHAND,1,0,1,0,0.0,249
Uttar_Pradesh,2022,18,Jagrook Janta Party,ROHILKHAND,1,0,1,0,0.0,250
Uttar_Pradesh,2022,18,Jai Maha Bharath Party,WEST,1,0,1,0,0.0,251
Uttar_Pradesh,2022,18,Jai Samta Party,WEST,2,0,2,0,0.0,252
Uttar_Pradesh,2022,18,Jan Abhiyan Party,AVADH,2,0,2,0,0.0,253
Uttar_Pradesh,2022,18,Jan Abhiyan Party,DOAB,3,0,3,0,0.0,254
Uttar_Pradesh,2022,18,Jan Adhikar Party,AVADH,20,0,20,0,0.0,255
Uttar_Pradesh,2022,18,Jan Adhikar Party,BUNDELKHAND,17,0,17,0,0.0,256
Uttar_Pradesh,2022,18,Jan Adhikar Party,DOAB,35,0,35,0,0.0,257
Uttar_Pradesh,2022,18,Jan Adhikar Party,EAST,36,0,36,0,0.0,258
Uttar_Pradesh,2022,18,Jan Adhikar Party,NORTH-EAST,19,0,19,0,0.0,259
Uttar_Pradesh,2022,18,Jan Adhikar Party,ROHILKHAND,7,0,7,0,0.0,260
Uttar_Pradesh,2022,18,Jan Adhikar Party,WEST,4,0,4,0,0.0,261
Uttar_Pradesh,2022,18,Jan Adhikar Party (Loktantrik),AVADH,1,0,1,0,0.0,262
Uttar_Pradesh,2022,18,Jan Adhikar Party (Loktantrik),NORTH-EAST,1,0,1,0,0.0,263
Uttar_Pradesh,2022,18,Jan Jan (United) Party,DOAB,1,0,1,0,0.0,264
Uttar_Pradesh,2022,18,Jan Kalyan Party,DOAB,1,0,1,0,0.0,265
Uttar_Pradesh,2022,18,Jan Raajya Party,EAST,1,0,1,0,0.0,266
Uttar_Pradesh,2022,18,Jan Sangh Party,DOAB,1,0,1,0,0.0,267
Uttar_Pradesh,2022,18,Jan Seva Sahayak Party,ROHILKHAND,5,0,5,0,0.0,268
Uttar_Pradesh,2022,18,Jan Shakti Ekta Party,ROHILKHAND,2,0,2,0,0.0,269
Uttar_Pradesh,2022,18,Janadhar Shakti Party,DOAB,1,0,1,0,0.0,270
Uttar_Pradesh,2022,18,Janhit Kisan Party,NORTH-EAST,1,0,1,0,0.0,271
Uttar_Pradesh,2022,18,Janlok Vikas Party,EAST,1,0,1,0,0.0,272
Uttar_Pradesh,2022,18,Jansatta Party,WEST,1,0,1,0,0.0,273
Uttar_Pradesh,2022,18,Janta Brigade Party,AVADH,1,0,1,0,0.0,274
Uttar_Pradesh,2022,18,Janta Kranti Party (Rashtravadi),EAST,1,0,1,0,0.0,275
Uttar_Pradesh,2022,18,Janta Raj Party,EAST,1,0,1,0,0.0,276
Uttar_Pradesh,2022,18,Janta Rakshak Party,AVADH,1,0,1,0,0.0,277
Uttar_Pradesh,2022,18,Janta Rakshak Party,NORTH-EAST,1,0,1,0,0.0,278
Uttar_Pradesh,2022,18,Kisan Majdoor Berojgar Sangh,DOAB,2,0,2,0,0.0,279
Uttar_Pradesh,2022,18,Kisan Party (Loktantrik),AVADH,2,0,2,0,0.0,280
Uttar_Pradesh,2022,18,Kisan Raksha Party,BUNDELKHAND,1,0,1,0,0.0,281
Uttar_Pradesh,2022,18,Kishore Raj Party,AVADH,1,0,1,0,0.0,282
Uttar_Pradesh,2022,18,LJD,NORTH-EAST,1,0,1,0,0.0,283
Uttar_Pradesh,2022,18,LJP,DOAB,1,0,1,0,0.0,284
Uttar_Pradesh,2022,18,LJP,NORTH-EAST,1,0,1,0,0.0,285
Uttar_Pradesh,2022,18,LJP,WEST,1,0,1,0,0.0,286
Uttar_Pradesh,2022,18,Liberal Party of India,WEST,1,0,1,0,0.0,287
Uttar_Pradesh,2022,18,Log Party,AVADH,3,0,3,0,0.0,288
Uttar_Pradesh,2022,18,Log Party,DOAB,2,0,2,0,0.0,289
Uttar_Pradesh,2022,18,Log Party,EAST,3,0,3,0,0.0,290
Uttar_Pradesh,2022,18,Log Party,NORTH-EAST,2,0,2,0,0.0,291
Uttar_Pradesh,2022,18,Log Party,ROHILKHAND,1,0,1,0,0.0,292
Uttar_Pradesh,2022,18,Log Party,WEST,1,0,1,0,0.0,293
Uttar_Pradesh,2022,18,Lok Bandhu Party,AVADH,2,0,2,0,0.0,294
Uttar_Pradesh,2022,18,Lok Bandhu Party,EAST,1,0,1,0,0.0,295
Uttar_Pradesh,2022,18,Lok Dal,AVADH,7,0,7,0,0.0,296
Uttar_Pradesh,2022,18,Lok Dal,DOAB,5,0,5,0,0.0,297
Uttar_Pradesh,2022,18,Lok Dal,EAST,1,0,1,0,0.0,298
Uttar_Pradesh,2022,18,Lok Dal,ROHILKHAND,2,0,2,0,0.0,299
Uttar_Pradesh,2022,18,Lok Dal,WEST,4,0,4,0,0.0,300
Uttar_Pradesh,2022,18,Lok Janshakti Party(Ram Vilas),AVADH,4,0,4,0,0.0,301
Uttar_Pradesh,2022,18,Lok Janshakti Party(Ram Vilas),DOAB,3,0,3,0,0.0,302
Uttar_Pradesh,2022,18,Lok Janshakti Party(Ram Vilas),EAST,6,0,6,0,0.0,303
Uttar_Pradesh,2022,18,Lok Janshakti Party(Ram Vilas),NORTH-EAST,2,0,2,0,0.0,304
Uttar_Pradesh,2022,18,Lok Janshakti Party(Ram Vilas),ROHILKHAND,5,0,5,0,0.0,305
Uttar_Pradesh,2022,18,Lok Janshakti Party(Ram Vilas),WEST,1,0,1,0,0.0,306
Uttar_Pradesh,2022,18,Lok Samaj Party,DOAB,1,0,1,0,0.0,307
Uttar_Pradesh,2022,18,Lok Samaj Party,NORTH-EAST,1,0,1,0,0.0,308
Uttar_Pradesh,2022,18,Lok Shakti,NORTH-EAST,1,0,1,0,0.0,309
Uttar_Pradesh,2022,18,Lok Shakti,ROHILKHAND,1,0,1,0,0.0,310
Uttar_Pradesh,2022,18,Lokpriya Rashtrawadi Party,DOAB,1,0,1,0,0.0,311
Uttar_Pradesh,2022,18,Lokpriya Samaj Party,NORTH-EAST,1,0,1,0,0.0,312
Uttar_Pradesh,2022,18,Loktanter Suraksha Party,ROHILKHAND,2,0,2,0,0.0,313
Uttar_Pradesh,2022,18,Loktantrik Janshakti Party,EAST,1,0,1,0,0.0,314
Uttar_Pradesh,2022,18,Loktantrik Janshakti Party,WEST,3,0,3,0,0.0,315
Uttar_Pradesh,2022,18,Loktantrik Janwadi Party,AVADH,2,0,2,0,0.0,316
Uttar_Pradesh,2022,18,Loktantrik Janwadi Party,DOAB,1,0,1,0,0.0,317
Uttar_Pradesh,2022,18,Majdoor Kisan Union Party,WEST,1,0,1,0,0.0,318
Uttar_Pradesh,2022,18,Manavtawadi Kranti Dal,AVADH,1,0,1,0,0.0,319
Uttar_Pradesh,2022,18,Manuvadi Party,AVADH,1,0,1,0,0.0,320
Uttar_Pradesh,2022,18,Manviya Bharat Party,AVADH,1,0,1,0,0.0,321
Uttar_Pradesh,2022,18,Marxist Communist Party of India (United),EAST,2,0,2,0,0.0,322
Uttar_Pradesh,2022,18,Mera Adhikaar Rashtriya Dal,AVADH,2,0,2,0,0.0,323
Uttar_Pradesh,2022,18,Mera Adhikaar Rashtriya Dal,NORTH-EAST,1,0,1,0,0.0,324
Uttar_Pradesh,2022,18,Mera Adhikaar Rashtriya Dal,ROHILKHAND,1,0,1,0,0.0,325
Uttar_Pradesh,2022,18,Meydhaa Party,AVADH,1,0,1,0,0.0,326
Uttar_Pradesh,2022,18,Mihir Sena,WEST,2,0,2,0,0.0,327
Uttar_Pradesh,2022,18,Minorities Democratic Party,ROHILKHAND,1,0,1,0,0.0,328
Uttar_Pradesh,2022,18,Moderate Party,NORTH-EAST,2,0,2,0,0.0,329
Uttar_Pradesh,2022,18,Moolniwasi Samaj Party,EAST,1,0,1,0,0.0,330
Uttar_Pradesh,2022,18,Most Backward Classes Of India,AVADH,1,0,1,0,0.0,331
Uttar_Pradesh,2022,18,Moulik Adhikar Party,AVADH,16,0,16,0,0.0,332
Uttar_Pradesh,2022,18,Moulik Adhikar Party,DOAB,2,0,2,0,0.0,333
Uttar_Pradesh,2022,18,Moulik Adhikar Party,EAST,6,0,6,0,0.0,334
Uttar_Pradesh,2022,18,Moulik Adhikar Party,NORTH-EAST,3,0,3,0,0.0,335
Uttar_Pradesh,2022,18,NCP,WEST,1,0,0,0,0.0,336
Uttar_Pradesh,2022,18,NINSHAD,AVADH,1,0,0,0,0.0,337
Uttar_Pradesh,2022,18,NINSHAD,BUNDELKHAND,1,0,0,0,0.0,338
Uttar_Pradesh,2022,18,NINSHAD,DOAB,1,0,0,0,0.0,339
Uttar_Pradesh,2022,18,NINSHAD,EAST,4,3,0,4.22,75.0,8
Uttar_Pradesh,2022,18,NINSHAD,NORTH-EAST,3,3,0,9.73,100.0,4
Uttar_Pradesh,2022,18,NOTA,AVADH,99,0,0,0,0.0,340
Uttar_Pradesh,2022,18,NOTA,BUNDELKHAND,19,0,0,0,0.0,341
Uttar_Pradesh,2022,18,NOTA,DOAB,88,0,0,0,0.0,342
Uttar_Pradesh,2022,18,NOTA,EAST,61,0,0,0,0.0,343
Uttar_Pradesh,2022,18,NOTA,NORTH-EAST,40,0,0,0,0.0,344
Uttar_Pradesh,2022,18,NOTA,ROHILKHAND,52,0,0,0,0.0,345
Uttar_Pradesh,2022,18,NOTA,WEST,44,0,0,0,0.0,346
Uttar_Pradesh,2022,18,Nagrik Chetna Party,WEST,1,0,1,0,0.0,347
Uttar_Pradesh,2022,18,Nagrik Ekta Party,AVADH,2,0,2,0,0.0,348
Uttar_Pradesh,2022,18,Nagrik Ekta Party,ROHILKHAND,1,0,1,0,0.0,349
Uttar_Pradesh,2022,18,Nai Kranti Party,AVADH,1,0,1,0,0.0,350
Uttar_Pradesh,2022,18,Naitik Party,AVADH,1,0,1,0,0.0,351
Uttar_Pradesh,2022,18,Naitik Party,EAST,2,0,2,0,0.0,352
Uttar_Pradesh,2022,18,Naitik Party,ROHILKHAND,1,0,1,0,0.0,353
Uttar_Pradesh,2022,18,Naki Bharatiya Ekta Party,ROHILKHAND,1,0,1,0,0.0,354
Uttar_Pradesh,2022,18,Naki Bharatiya Ekta Party,WEST,2,0,2,0,0.0,355
Uttar_Pradesh,2022,18,National Democratic Peoples Front,DOAB,1,0,1,0,0.0,356
Uttar_Pradesh,2022,18,National Democratic Peoples Front,EAST,1,0,1,0,0.0,357
Uttar_Pradesh,2022,18,Nationalist Janshakti Party,NORTH-EAST,1,0,1,0,0.0,358
Uttar_Pradesh,2022,18,Nyay Party,WEST,2,0,2,0,0.0,359
Uttar_Pradesh,2022,18,Pachchasi Parivartan Samaj Party,AVADH,1,0,1,0,0.0,360
Uttar_Pradesh,2022,18,Pachchasi Parivartan Samaj Party,ROHILKHAND,1,0,1,0,0.0,361
Uttar_Pradesh,2022,18,Parivartan Samaj Party,AVADH,1,0,1,0,0.0,362
Uttar_Pradesh,2022,18,Parivartan Samaj Party,DOAB,2,0,2,0,0.0,363
Uttar_Pradesh,2022,18,Peace Party,AVADH,6,0,6,0,0.0,364
Uttar_Pradesh,2022,18,Peace Party,DOAB,7,0,7,0,0.0,365
Uttar_Pradesh,2022,18,Peace Party,EAST,4,0,4,0,0.0,366
Uttar_Pradesh,2022,18,Peace Party,NORTH-EAST,5,0,5,0,0.0,367
Uttar_Pradesh,2022,18,Peace Party,ROHILKHAND,4,0,4,0,0.0,368
Uttar_Pradesh,2022,18,Peace Party,WEST,2,0,2,0,0.0,369
Uttar_Pradesh,2022,18,Peoples Party of India (Democratic),AVADH,1,0,1,0,0.0,370
Uttar_Pradesh,2022,18,Peoples Party of India (Democratic),DOAB,9,0,9,0,0.0,371
Uttar_Pradesh,2022,18,Peoples Party of India (Democratic),EAST,6,0,6,0,0.0,372
Uttar_Pradesh,2022,18,Peoples Party of India (Democratic),ROHILKHAND,5,0,5,0,0.0,373
Uttar_Pradesh,2022,18,Peoples Party of India (Democratic),WEST,1,0,1,0,0.0,374
Uttar_Pradesh,2022,18,Pichhra Samaj Party,AVADH,2,0,2,0,0.0,375
Uttar_Pradesh,2022,18,Pichhra Samaj Party,ROHILKHAND,3,0,3,0,0.0,376
Uttar_Pradesh,2022,18,Pichhra Samaj Party,WEST,2,0,2,0,0.0,377
Uttar_Pradesh,2022,18,Pragatisheel Manav Samaj Party,DOAB,3,0,3,0,0.0,378
Uttar_Pradesh,2022,18,Pragatisheel Manav Samaj Party,EAST,2,0,2,0,0.0,379
Uttar_Pradesh,2022,18,Pragatisheel Samaj Party,AVADH,1,0,1,0,0.0,380
Uttar_Pradesh,2022,18,Pragatisheel Samaj Party,DOAB,3,0,3,0,0.0,381
Uttar_Pradesh,2022,18,Prajashakti Party Samdarshi,AVADH,2,0,2,0,0.0,382
Uttar_Pradesh,2022,18,Proutist Bloc India,DOAB,1,0,1,0,0.0,383
Uttar_Pradesh,2022,18,RASHTRIYA VIKLANG PARTY,AVADH,1,0,1,0,0.0,384
Uttar_Pradesh,2022,18,RASHTRIYA VIKLANG PARTY,BUNDELKHAND,3,0,3,0,0.0,385
Uttar_Pradesh,2022,18,RASHTRIYA VIKLANG PARTY,DOAB,2,0,2,0,0.0,386
Uttar_Pradesh,2022,18,RLD,DOAB,10,1,3,0.26,10.0,26
Uttar_Pradesh,2022,18,RLD,ROHILKHAND,2,0,0,0,0.0,387
Uttar_Pradesh,2022,18,RLD,WEST,21,7,0,2.53,33.33,18
Uttar_Pradesh,2022,18,RSPS,AVADH,2,0,2,0,0.0,388
Uttar_Pradesh,2022,18,RSPS,BUNDELKHAND,1,0,1,0,0.0,389
Uttar_Pradesh,2022,18,RSPS,DOAB,10,0,10,0,0.0,390
Uttar_Pradesh,2022,18,RSPS,EAST,7,0,7,0,0.0,391
Uttar_Pradesh,2022,18,RSPS,ROHILKHAND,5,0,5,0,0.0,392
Uttar_Pradesh,2022,18,RSPS,WEST,5,0,5,0,0.0,393
Uttar_Pradesh,2022,18,Rashtra Nirman Party,WEST,1,0,1,0,0.0,394
Uttar_Pradesh,2022,18,Rashtra Uday Party,AVADH,2,0,2,0,0.0,395
Uttar_Pradesh,2022,18,Rashtra Uday Party,DOAB,3,0,3,0,0.0,396
Uttar_Pradesh,2022,18,Rashtra Uday Party,EAST,2,0,2,0,0.0,397
Uttar_Pradesh,2022,18,Rashtra Uday Party,ROHILKHAND,1,0,1,0,0.0,398
Uttar_Pradesh,2022,18,Rashtravadi Vikas Party,DOAB,1,0,1,0,0.0,399
Uttar_Pradesh,2022,18,Rashtravadi Vikas Party,EAST,2,0,2,0,0.0,400
Uttar_Pradesh,2022,18,Rashtravadi Vikas Party,NORTH-EAST,3,0,3,0,0.0,401
Uttar_Pradesh,2022,18,Rashtrawadi Janlok Party (Satya),EAST,2,0,2,0,0.0,402
Uttar_Pradesh,2022,18,Rashtrawadi Janlok Party (Satya),ROHILKHAND,2,0,2,0,0.0,403
Uttar_Pradesh,2022,18,Rashtrawadi Janlok Party (Satya),WEST,2,0,2,0,0.0,404
Uttar_Pradesh,2022,18,Rashtrawadi Janwadi Manch,EAST,1,0,1,0,0.0,405
Uttar_Pradesh,2022,18,Rashtrawadi Kisan Kranti Dal,AVADH,1,0,1,0,0.0,406
Uttar_Pradesh,2022,18,Rashtrawadi Party of India,AVADH,2,0,2,0,0.0,407
Uttar_Pradesh,2022,18,Rashtrawadi Party of India,BUNDELKHAND,1,0,1,0,0.0,408
Uttar_Pradesh,2022,18,Rashtrawadi Party of India,EAST,2,0,2,0,0.0,409
Uttar_Pradesh,2022,18,Rashtrawadi Party of India,NORTH-EAST,2,0,2,0,0.0,410
Uttar_Pradesh,2022,18,Rashtriya Backward Party,DOAB,2,0,2,0,0.0,411
Uttar_Pradesh,2022,18,Rashtriya Bhagidari Party,AVADH,2,0,2,0,0.0,412
Uttar_Pradesh,2022,18,Rashtriya Bhagidari Party,EAST,3,0,3,0,0.0,413
Uttar_Pradesh,2022,18,Rashtriya Bhagidari Party,NORTH-EAST,2,0,2,0,0.0,414
Uttar_Pradesh,2022,18,Rashtriya Democratic Front,AVADH,1,0,1,0,0.0,415
Uttar_Pradesh,2022,18,Rashtriya Jan Gaurav Party,EAST,2,0,2,0,0.0,416
Uttar_Pradesh,2022,18,Rashtriya Jan Manch,BUNDELKHAND,1,0,1,0,0.0,417
Uttar_Pradesh,2022,18,Rashtriya Jan Sahyog Party,AVADH,1,0,1,0,0.0,418
Uttar_Pradesh,2022,18,Rashtriya Janshanti Party,AVADH,1,0,1,0,0.0,419
Uttar_Pradesh,2022,18,Rashtriya Janta Party,WEST,1,0,1,0,0.0,420
Uttar_Pradesh,2022,18,Rashtriya Jantantrik Bharat Vikas Party,AVADH,1,0,1,0,0.0,421
Uttar_Pradesh,2022,18,Rashtriya Jantantrik Bharat Vikas Party,EAST,2,0,2,0,0.0,422
Uttar_Pradesh,2022,18,Rashtriya Jantantrik Bharat Vikas Party,NORTH-EAST,1,0,1,0,0.0,423
Uttar_Pradesh,2022,18,Rashtriya Janutthan Party,DOAB,1,0,1,0,0.0,424
Uttar_Pradesh,2022,18,Rashtriya Jatigat Aarakshan Virodhi Party,AVADH,2,0,2,0,0.0,425
Uttar_Pradesh,2022,18,Rashtriya Krantikari Samajwadi Party,DOAB,1,0,1,0,0.0,426
Uttar_Pradesh,2022,18,Rashtriya Krishak Dal,EAST,1,0,1,0,0.0,427
Uttar_Pradesh,2022,18,Rashtriya Lok Janta Party,EAST,1,0,1,0,0.0,428
Uttar_Pradesh,2022,18,Rashtriya Lokshakti Party,AVADH,1,0,1,0,0.0,429
Uttar_Pradesh,2022,18,Rashtriya Mazdoor Ekta Party,ROHILKHAND,1,0,1,0,0.0,430
Uttar_Pradesh,2022,18,Rashtriya Parivartan Dal,ROHILKHAND,5,0,5,0,0.0,431
Uttar_Pradesh,2022,18,Rashtriya Rashtrawadi Party,AVADH,6,0,6,0,0.0,432
Uttar_Pradesh,2022,18,Rashtriya Samaj Dal (R),DOAB,1,0,1,0,0.0,433
Uttar_Pradesh,2022,18,Rashtriya Samaj Dal (R),EAST,4,0,4,0,0.0,434
Uttar_Pradesh,2022,18,Rashtriya Samaj Dal (R),WEST,1,0,1,0,0.0,435
Uttar_Pradesh,2022,18,Rashtriya Samanta Dal,ROHILKHAND,1,0,1,0,0.0,436
Uttar_Pradesh,2022,18,Rashtriya Samta Vikas Party,DOAB,2,0,2,0,0.0,437
Uttar_Pradesh,2022,18,Rashtriya Sarvajan Party,BUNDELKHAND,1,0,1,0,0.0,438
Uttar_Pradesh,2022,18,Rashtriya Shoshit Samaj Party,BUNDELKHAND,1,0,1,0,0.0,439
Uttar_Pradesh,2022,18,Rashtriya Shoshit Samaj Party,DOAB,9,0,9,0,0.0,440
Uttar_Pradesh,2022,18,Rashtriya Shoshit Samaj Party,EAST,1,0,1,0,0.0,441
Uttar_Pradesh,2022,18,Rashtriya Shoshit Samaj Party,ROHILKHAND,1,0,1,0,0.0,442
Uttar_Pradesh,2022,18,Rashtriya Surya Prakash Party,DOAB,1,0,1,0,0.0,443
Uttar_Pradesh,2022,18,Rashtriya Teesara Vikalp Party,AVADH,2,0,2,0,0.0,444
Uttar_Pradesh,2022,18,Rashtriya Teesara Vikalp Party,EAST,1,0,1,0,0.0,445
Uttar_Pradesh,2022,18,Rashtriya Teesara Vikalp Party,NORTH-EAST,1,0,1,0,0.0,446
Uttar_Pradesh,2022,18,Rashtriya Teesara Vikalp Party,ROHILKHAND,1,0,1,0,0.0,447
Uttar_Pradesh,2022,18,Rashtriya Ulama Council,DOAB,1,0,1,0,0.0,448
Uttar_Pradesh,2022,18,Rashtriya Ulama Council,EAST,1,0,1,0,0.0,449
Uttar_Pradesh,2022,18,Rashtriya Ulama Council,NORTH-EAST,1,0,1,0,0.0,450
Uttar_Pradesh,2022,18,Rashtriya Vikas Manch Party,EAST,1,0,1,0,0.0,451
Uttar_Pradesh,2022,18,Rashtriya Vyapari Party,DOAB,1,0,1,0,0.0,452
Uttar_Pradesh,2022,18,Rashtriya Yuva Morcha Dal,EAST,1,0,1,0,0.0,453
Uttar_Pradesh,2022,18,Rashtriya mahan Gantantra Party,DOAB,1,0,1,0,0.0,454
Uttar_Pradesh,2022,18,Rashtriya mahan Gantantra Party,NORTH-EAST,1,0,1,0,0.0,455
Uttar_Pradesh,2022,18,Rashtriya mahan Gantantra Party,ROHILKHAND,2,0,2,0,0.0,456
Uttar_Pradesh,2022,18,Rastriya Hind Samaj Party,NORTH-EAST,1,0,1,0,0.0,457
Uttar_Pradesh,2022,18,Republican Bahujan Sena,AVADH,1,0,1,0,0.0,458
Uttar_Pradesh,2022,18,Republican Sena,AVADH,3,0,3,0,0.0,459
Uttar_Pradesh,2022,18,Right to Recall Party,AVADH,1,0,1,0,0.0,460
Uttar_Pradesh,2022,18,Right to Recall Party,BUNDELKHAND,2,0,2,0,0.0,461
Uttar_Pradesh,2022,18,Right to Recall Party,DOAB,2,0,2,0,0.0,462
Uttar_Pradesh,2022,18,Right to Recall Party,EAST,1,0,1,0,0.0,463
Uttar_Pradesh,2022,18,Right to Recall Party,NORTH-EAST,3,0,3,0,0.0,464
Uttar_Pradesh,2022,18,Right to Recall Party,WEST,2,0,2,0,0.0,465
Uttar_Pradesh,2022,18,SBSP,AVADH,2,0,1,0,0.0,466
Uttar_Pradesh,2022,18,SBSP,EAST,10,5,2,5.22,50.0,15
Uttar_Pradesh,2022,18,SBSP,NORTH-EAST,7,1,2,0.37,14.29,24
Uttar_Pradesh,2022,18,SDPI,AVADH,1,0,1,0,0.0,467
Uttar_Pradesh,2022,18,SDPI,WEST,1,0,1,0,0.0,468
Uttar_Pradesh,2022,18,SHS,AVADH,10,0,10,0,0.0,469
Uttar_Pradesh,2022,18,SHS,BUNDELKHAND,2,0,2,0,0.0,470
Uttar_Pradesh,2022,18,SHS,DOAB,9,0,9,0,0.0,471
Uttar_Pradesh,2022,18,SHS,EAST,4,0,4,0,0.0,472
Uttar_Pradesh,2022,18,SHS,NORTH-EAST,1,0,1,0,0.0,473
Uttar_Pradesh,2022,18,SHS,ROHILKHAND,5,0,5,0,0.0,474
Uttar_Pradesh,2022,18,SHS,WEST,5,0,5,0,0.0,475
Uttar_Pradesh,2022,18,SP,AVADH,95,27,1,1.35,28.42,21
Uttar_Pradesh,2022,18,SP,BUNDELKHAND,19,3,0,0.71,15.79,23
Uttar_Pradesh,2022,18,SP,DOAB,78,22,4,2.05,28.21,22
Uttar_Pradesh,2022,18,SP,EAST,50,26,0,4.46,52.0,14
Uttar_Pradesh,2022,18,SP,NORTH-EAST,33,4,1,0.59,12.12,25
Uttar_Pradesh,2022,18,SP,ROHILKHAND,50,22,0,4.95,44.0,16
Uttar_Pradesh,2022,18,SP,WEST,22,7,0,2.71,31.82,19
Uttar_Pradesh,2022,18,SUCI,AVADH,2,0,2,0,0.0,476
Uttar_Pradesh,2022,18,SUCI,DOAB,2,0,2,0,0.0,477
Uttar_Pradesh,2022,18,SUCI,EAST,3,0,3,0,0.0,478
Uttar_Pradesh,2022,18,SUCI,ROHILKHAND,2,0,2,0,0.0,479
Uttar_Pradesh,2022,18,Sabhi Jan Party,DOAB,3,0,3,0,0.0,480
Uttar_Pradesh,2022,18,Sabka Dal United,AVADH,8,0,8,0,0.0,481
Uttar_Pradesh,2022,18,Sabka Dal United,DOAB,6,0,6,0,0.0,482
Uttar_Pradesh,2022,18,Sabka Dal United,NORTH-EAST,2,0,2,0,0.0,483
Uttar_Pradesh,2022,18,Sabka Dal United,ROHILKHAND,5,0,5,0,0.0,484
Uttar_Pradesh,2022,18,Sabse Achchhi Party,WEST,2,0,2,0,0.0,485
Uttar_Pradesh,2022,18,Samagra Utthan Party,EAST,1,0,1,0,0.0,486
Uttar_Pradesh,2022,18,Samagra Vikas Party,WEST,1,0,1,0,0.0,487
Uttar_Pradesh,2022,18,Samaj Parivartan Party,EAST,1,0,1,0,0.0,488
Uttar_Pradesh,2022,18,Samaj Sevak Party,AVADH,4,0,4,0,0.0,489
Uttar_Pradesh,2022,18,Samajhdar Party,NORTH-EAST,1,0,1,0,0.0,490
Uttar_Pradesh,2022,18,Samajwadi Andolan Party,ROHILKHAND,1,0,1,0,0.0,491
Uttar_Pradesh,2022,18,Saman Adhikar Party,DOAB,3,0,3,0,0.0,492
Uttar_Pradesh,2022,18,Samarth Kisan Party,DOAB,1,0,1,0,0.0,493
Uttar_Pradesh,2022,18,Samdarshi Samaj Party,AVADH,1,0,1,0,0.0,494
Uttar_Pradesh,2022,18,Samrat Ashok Sena Party,AVADH,1,0,1,0,0.0,495
Uttar_Pradesh,2022,18,Samyak Party,AVADH,3,0,3,0,0.0,496
Uttar_Pradesh,2022,18,Samyak Party,DOAB,5,0,5,0,0.0,497
Uttar_Pradesh,2022,18,Sanatan Sanskriti Raksha Dal,DOAB,2,0,2,0,0.0,498
Uttar_Pradesh,2022,18,Sanatan Sanskriti Raksha Dal,EAST,1,0,1,0,0.0,499
Uttar_Pradesh,2022,18,Sanyukt Samajwadi Dal,ROHILKHAND,1,0,1,0,0.0,500
Uttar_Pradesh,2022,18,Sanyukt Vikas Party,WEST,2,0,2,0,0.0,501
Uttar_Pradesh,2022,18,Sarv Rajya Party,AVADH,1,0,1,0,0.0,502
Uttar_Pradesh,2022,18,Sarv Rajya Party,EAST,2,0,2,0,0.0,503
Uttar_Pradesh,2022,18,Sarv Samaj Party,ROHILKHAND,1,0,1,0,0.0,504
Uttar_Pradesh,2022,18,Sarv Samaj Party,WEST,2,0,2,0,0.0,505
Uttar_Pradesh,2022,18,Sarva Samaj Janata Party,EAST,1,0,1,0,0.0,506
Uttar_Pradesh,2022,18,Sarvajan Hitay Party,AVADH,1,0,1,0,0.0,507
Uttar_Pradesh,2022,18,Sarvjan Awaz Party,NORTH-EAST,2,0,2,0,0.0,508
Uttar_Pradesh,2022,18,Sarvjan Lok Shakti Party,WEST,1,0,1,0,0.0,509
Uttar_Pradesh,2022,18,Sarvjan Sanatan Party,EAST,2,0,2,0,0.0,510
Uttar_Pradesh,2022,18,Sarvodaya Bharat Party,AVADH,1,0,1,0,0.0,511
Uttar_Pradesh,2022,18,Sarvodaya Bharat Party,NORTH-EAST,1,0,1,0,0.0,512
Uttar_Pradesh,2022,18,Satya Bahumat Party,AVADH,1,0,1,0,0.0,513
Uttar_Pradesh,2022,18,Satya Bahumat Party,NORTH-EAST,1,0,1,0,0.0,514
Uttar_Pradesh,2022,18,Satya Kranti Party,NORTH-EAST,1,0,1,0,0.0,515
Uttar_Pradesh,2022,18,Secular Inqlab Party,WEST,1,0,1,0,0.0,516
Uttar_Pradesh,2022,18,Shoshit Samaj Dal,NORTH-EAST,1,0,1,0,0.0,517
Uttar_Pradesh,2022,18,Socialist Party (India),AVADH,3,0,3,0,0.0,518
Uttar_Pradesh,2022,18,Subhashwadi Bhartiya Samajwadi Party (Subhas Party),AVADH,1,0,1,0,0.0,519
Uttar_Pradesh,2022,18,Subhashwadi Bhartiya Samajwadi Party (Subhas Party),DOAB,1,0,1,0,0.0,520
Uttar_Pradesh,2022,18,Subhashwadi Bhartiya Samajwadi Party (Subhas Party),NORTH-EAST,3,0,3,0,0.0,521
Uttar_Pradesh,2022,18,Subhashwadi Bhartiya Samajwadi Party (Subhas Party),WEST,5,0,5,0,0.0,522
Uttar_Pradesh,2022,18,Suraksha Samaj Party,AVADH,1,0,1,0,0.0,523
Uttar_Pradesh,2022,18,Suraksha Samaj Party,EAST,2,0,2,0,0.0,524
Uttar_Pradesh,2022,18,Swadesh Jan Sewak Party,EAST,2,0,2,0,0.0,525
Uttar_Pradesh,2022,18,Swadeshi Hind Party,DOAB,2,0,2,0,0.0,526
Uttar_Pradesh,2022,18,Swarna Bharat Party,EAST,2,0,2,0,0.0,527
Uttar_Pradesh,2022,18,Swatantra Indian Labour Party,DOAB,1,0,1,0,0.0,528
Uttar_Pradesh,2022,18,Swatantra Jantaraj Party,BUNDELKHAND,2,0,2,0,0.0,529
Uttar_Pradesh,2022,18,Swatantra Jantaraj Party,WEST,1,0,1,0,0.0,530
Uttar_Pradesh,2022,18,Uttar Pradesh Republican Party,AVADH,2,0,2,0,0.0,531
Uttar_Pradesh,2022,18,VANCHITSAMAJ INSAAF PARTY,DOAB,1,0,1,0,0.0,532
Uttar_Pradesh,2022,18,VANCHITSAMAJ INSAAF PARTY,EAST,1,0,1,0,0.0,533
Uttar_Pradesh,2022,18,VANCHITSAMAJ INSAAF PARTY,ROHILKHAND,5,0,5,0,0.0,534
Uttar_Pradesh,2022,18,VIP,AVADH,12,0,12,0,0.0,535
Uttar_Pradesh,2022,18,VIP,DOAB,7,0,7,0,0.0,536
Uttar_Pradesh,2022,18,VIP,EAST,20,0,20,0,0.0,537
Uttar_Pradesh,2022,18,VIP,NORTH-EAST,9,0,9,0,0.0,538
Uttar_Pradesh,2022,18,VIP,ROHILKHAND,3,0,3,0,0.0,539
Uttar_Pradesh,2022,18,VIP,WEST,2,0,2,0,0.0,540
Uttar_Pradesh,2022,18,Vijay Bharat Party,WEST,2,0,2,0,0.0,541
Uttar_Pradesh,2022,18,Vikas India Party,ROHILKHAND,1,0,1,0,0.0,542
Uttar_Pradesh,2022,18,Vikas Insaf Party,DOAB,1,0,1,0,0.0,543
Uttar_Pradesh,2022,18,Vikassheel Janta Party,AVADH,1,0,1,0,0.0,544
Uttar_Pradesh,2022,18,Voters Party  International,AVADH,7,0,7,0,0.0,545
Uttar_Pradesh,2022,18,Voters Party  International,DOAB,8,0,8,0,0.0,546
Uttar_Pradesh,2022,18,Voters Party  International,EAST,1,0,1,0,0.0,547
Uttar_Pradesh,2022,18,Voters Party  International,ROHILKHAND,1,0,1,0,0.0,548
Uttar_Pradesh,2022,18,Watan Janta Party,EAST,1,0,1,0,0.0,549
Uttar_Pradesh,2022,18,Yuva Vikas Party,DOAB,2,0,2,0,0.0,550
Uttar_Pradesh,2017,17,AABHAP,AVADH,1,0,1,0,0.0,33
Uttar_Pradesh,2017,17,AACP,AVADH,2,0,2,0,0.0,34
Uttar_Pradesh,2017,17,AACP,EAST,1,0,1,0,0.0,35
Uttar_Pradesh,2017,17,AAMJP,NORTH-EAST,1,0,1,0,0.0,36
Uttar_Pradesh,2017,17,AAPA,DOAB,1,0,1,0,0.0,37
Uttar_Pradesh,2017,17,AAPA,EAST,1,0,1,0,0.0,38
Uttar_Pradesh,2017,17,AASAMP,DOAB,1,0,1,0,0.0,39
Uttar_Pradesh,2017,17,AASAMP,EAST,1,0,1,0,0.0,40
Uttar_Pradesh,2017,17,ABHASP,NORTH-EAST,1,0,1,0,0.0,41
Uttar_Pradesh,2017,17,ABHM,BUNDELKHAND,1,0,1,0,0.0,42
Uttar_Pradesh,2017,17,ABHM,DOAB,3,0,3,0,0.0,43
Uttar_Pradesh,2017,17,ABHM,WEST,2,0,2,0,0.0,44
Uttar_Pradesh,2017,17,ABJS,AVADH,1,0,1,0,0.0,45
Uttar_Pradesh,2017,17,ABSKP,NORTH-EAST,1,0,1,0,0.0,46
Uttar_Pradesh,2017,17,ABVCP,AVADH,1,0,1,0,0.0,47
Uttar_Pradesh,2017,17,ABVCP,WEST,3,0,3,0,0.0,48
Uttar_Pradesh,2017,17,AD,DOAB,1,0,1,0,0.0,49
Uttar_Pradesh,2017,17,AD,EAST,1,0,1,0,0.0,50
Uttar_Pradesh,2017,17,ADAL,AVADH,2,2,0,15.27,100.0,1
Uttar_Pradesh,2017,17,ADAL,DOAB,4,2,0,8.64,50.0,12
Uttar_Pradesh,2017,17,ADAL,EAST,4,4,0,15.02,100.0,2
Uttar_Pradesh,2017,17,ADAL,NORTH-EAST,1,1,0,11.85,100.0,3
Uttar_Pradesh,2017,17,ADHIKAR,AVADH,1,0,1,0,0.0,51
Uttar_Pradesh,2017,17,ADPT,AVADH,1,0,1,0,0.0,52
Uttar_Pradesh,2017,17,ADPT,ROHILKHAND,2,0,2,0,0.0,53
Uttar_Pradesh,2017,17,ADRSP,AVADH,1,0,1,0,0.0,54
Uttar_Pradesh,2017,17,ADRSP,BUNDELKHAND,1,0,1,0,0.0,55
Uttar_Pradesh,2017,17,ADRSP,DOAB,3,0,3,0,0.0,56
Uttar_Pradesh,2017,17,ADUP,NORTH-EAST,4,0,4,0,0.0,57
Uttar_Pradesh,2017,17,ADVP,AVADH,1,0,1,0,0.0,58
Uttar_Pradesh,2017,17,ADVP,NORTH-EAST,1,0,1,0,0.0,59
Uttar_Pradesh,2017,17,AICP,ROHILKHAND,1,0,1,0,0.0,60
Uttar_Pradesh,2017,17,AIFB,AVADH,1,0,1,0,0.0,61
Uttar_Pradesh,2017,17,AIFB,DOAB,1,0,1,0,0.0,62
Uttar_Pradesh,2017,17,AIFB,EAST,2,0,2,0,0.0,63
Uttar_Pradesh,2017,17,AIFB,ROHILKHAND,2,0,2,0,0.0,64
Uttar_Pradesh,2017,17,AIJCP,EAST,1,0,1,0,0.0,65
Uttar_Pradesh,2017,17,AIMF,ROHILKHAND,1,0,1,0,0.0,66
Uttar_Pradesh,2017,17,AIMIM,AVADH,13,0,13,0,0.0,67
Uttar_Pradesh,2017,17,AIMIM,DOAB,5,0,5,0,0.0,68
Uttar_Pradesh,2017,17,AIMIM,NORTH-EAST,7,0,7,0,0.0,69
Uttar_Pradesh,2017,17,AIMIM,ROHILKHAND,11,0,10,0,0.0,70
Uttar_Pradesh,2017,17,AIMIM,WEST,2,0,2,0,0.0,71
Uttar_Pradesh,2017,17,AIPF,EAST,1,0,1,0,0.0,72
Uttar_Pradesh,2017,17,AIPJSP,AVADH,3,0,3,0,0.0,73
Uttar_Pradesh,2017,17,AJPR,WEST,1,0,1,0,0.0,74
Uttar_Pradesh,2017,17,AKBSD,DOAB,2,0,2,0,0.0,75
Uttar_Pradesh,2017,17,AKSP,ROHILKHAND,2,0,2,0,0.0,76
Uttar_Pradesh,2017,17,ALD,DOAB,1,0,1,0,0.0,77
Uttar_Pradesh,2017,17,ALHP,DOAB,3,0,3,0,0.0,78
Uttar_Pradesh,2017,17,AMKP,EAST,1,0,1,0,0.0,79
Uttar_Pradesh,2017,17,ANC,ROHILKHAND,1,0,1,0,0.0,80
Uttar_Pradesh,2017,17,APOI,DOAB,2,0,2,0,0.0,81
Uttar_Pradesh,2017,17,ARK,AVADH,1,0,1,0,0.0,82
Uttar_Pradesh,2017,17,ASAP,AVADH,3,0,3,0,0.0,83
Uttar_Pradesh,2017,17,ASP,BUNDELKHAND,4,0,4,0,0.0,84
Uttar_Pradesh,2017,17,ASP,EAST,5,0,5,0,0.0,85
Uttar_Pradesh,2017,17,ASP,NORTH-EAST,2,0,2,0,0.0,86
Uttar_Pradesh,2017,17,ASP,WEST,2,0,2,0,0.0,87
Uttar_Pradesh,2017,17,ASSP,EAST,5,0,5,0,0.0,88
Uttar_Pradesh,2017,17,AVIRP,AVADH,2,0,2,0,0.0,89
Uttar_Pradesh,2017,17,AVIRP,ROHILKHAND,2,0,2,0,0.0,90
Uttar_Pradesh,2017,17,AWVP,DOAB,1,0,1,0,0.0,91
Uttar_Pradesh,2017,17,AYP,DOAB,2,0,2,0,0.0,92
Uttar_Pradesh,2017,17,AZAD,DOAB,2,0,2,0,0.0,93
Uttar_Pradesh,2017,17,AZAD,WEST,1,0,1,0,0.0,94
Uttar_Pradesh,2017,17,BAHAP,ROHILKHAND,1,0,1,0,0.0,95
Uttar_Pradesh,2017,17,BAHUMP,AVADH,2,0,2,0,0.0,96
Uttar_Pradesh,2017,17,BAHUMP,NORTH-EAST,2,0,2,0,0.0,97
Uttar_Pradesh,2017,17,BAJD,WEST,1,0,1,0,0.0,98
Uttar_Pradesh,2017,17,BASAP,NORTH-EAST,6,0,6,0,0.0,99
Uttar_Pradesh,2017,17,BASAPA,DOAB,2,0,2,0,0.0,100
Uttar_Pradesh,2017,17,BASAPA,EAST,1,0,1,0,0.0,101
Uttar_Pradesh,2017,17,BASAPA,NORTH-EAST,3,0,3,0,0.0,102
Uttar_Pradesh,2017,17,BASAPA,WEST,1,0,1,0,0.0,103
Uttar_Pradesh,2017,17,BAVAP,DOAB,1,0,1,0,0.0,104
Uttar_Pradesh,2017,17,BAVAP,WEST,1,0,1,0,0.0,105
Uttar_Pradesh,2017,17,BAWPA,DOAB,4,0,4,0,0.0,106
Uttar_Pradesh,2017,17,BAWPA,EAST,1,0,1,0,0.0,107
Uttar_Pradesh,2017,17,BBPP,EAST,1,0,1,0,0.0,108
Uttar_Pradesh,2017,17,BBPP,ROHILKHAND,3,0,3,0,0.0,109
Uttar_Pradesh,2017,17,BBPP,WEST,3,0,3,0,0.0,110
Uttar_Pradesh,2017,17,BCB,EAST,1,0,1,0,0.0,111
Uttar_Pradesh,2017,17,BDPTY,AVADH,3,0,3,0,0.0,112
Uttar_Pradesh,2017,17,BDSAP,AVADH,1,0,1,0,0.0,113
Uttar_Pradesh,2017,17,BDSAP,WEST,1,0,1,0,0.0,114
Uttar_Pradesh,2017,17,BEP,EAST,1,0,1,0,0.0,115
Uttar_Pradesh,2017,17,BEP,NORTH-EAST,1,0,1,0,0.0,116
Uttar_Pradesh,2017,17,BHABHAPA,ROHILKHAND,2,0,2,0,0.0,117
Uttar_Pradesh,2017,17,BHABHAPA,WEST,1,0,1,0,0.0,118
Uttar_Pradesh,2017,17,BHAIP,DOAB,2,0,2,0,0.0,119
Uttar_Pradesh,2017,17,BHAJSP,AVADH,1,0,1,0,0.0,120
Uttar_Pradesh,2017,17,BHAKALP,DOAB,3,0,3,0,0.0,121
Uttar_Pradesh,2017,17,BHAKALP,EAST,5,0,5,0,0.0,122
Uttar_Pradesh,2017,17,BHAKALP,NORTH-EAST,1,0,1,0,0.0,123
Uttar_Pradesh,2017,17,BHANVIP,EAST,1,0,1,0,0.0,124
Uttar_Pradesh,2017,17,BHANYD,AVADH,1,0,1,0,0.0,125
Uttar_Pradesh,2017,17,BHANYD,EAST,1,0,1,0,0.0,126
Uttar_Pradesh,2017,17,BHASAP,DOAB,1,0,1,0,0.0,127
Uttar_Pradesh,2017,17,BHASP,EAST,1,0,1,0,0.0,128
Uttar_Pradesh,2017,17,BHASP,WEST,1,0,1,0,0.0,129
Uttar_Pradesh,2017,17,BHASSS,AVADH,1,0,1,0,0.0,130
Uttar_Pradesh,2017,17,BHATARSP,WEST,9,0,9,0,0.0,131
Uttar_Pradesh,2017,17,BHIP,ROHILKHAND,3,0,3,0,0.0,132
Uttar_Pradesh,2017,17,BHKRDL,AVADH,1,0,1,0,0.0,133
Uttar_Pradesh,2017,17,BHSVP,DOAB,1,0,1,0,0.0,134
Uttar_Pradesh,2017,17,BIRK,DOAB,2,0,2,0,0.0,135
Uttar_Pradesh,2017,17,BJBCD,NORTH-EAST,1,0,1,0,0.0,136
Uttar_Pradesh,2017,17,BJD(T),WEST,2,0,2,0,0.0,137
Uttar_Pradesh,2017,17,BJDI,NORTH-EAST,1,0,1,0,0.0,138
Uttar_Pradesh,2017,17,BJKD,EAST,1,0,1,0,0.0,139
Uttar_Pradesh,2017,17,BJP,AVADH,96,78,3,10.32,81.25,9
Uttar_Pradesh,2017,17,BJP,BUNDELKHAND,19,19,0,19.67,100.0,4
Uttar_Pradesh,2017,17,BJP,DOAB,85,72,2,15.11,84.71,7
Uttar_Pradesh,2017,17,BJP,EAST,50,34,0,9.26,68.0,11
Uttar_Pradesh,2017,17,BJP,NORTH-EAST,38,34,0,13.61,89.47,6
Uttar_Pradesh,2017,17,BJP,ROHILKHAND,52,38,1,8.54,73.08,10
Uttar_Pradesh,2017,17,BJP,WEST,44,37,0,14.05,84.09,8
Uttar_Pradesh,2017,17,BJS,NORTH-EAST,1,0,1,0,0.0,140
Uttar_Pradesh,2017,17,BJVP,WEST,1,0,1,0,0.0,141
Uttar_Pradesh,2017,17,BKJP,AVADH,1,0,1,0,0.0,142
Uttar_Pradesh,2017,17,BKPP,DOAB,1,0,1,0,0.0,143
Uttar_Pradesh,2017,17,BKRD,AVADH,9,0,9,0,0.0,144
Uttar_Pradesh,2017,17,BKRD,DOAB,1,0,1,0,0.0,145
Uttar_Pradesh,2017,17,BKRD,ROHILKHAND,1,0,1,0,0.0,146
Uttar_Pradesh,2017,17,BKRP,AVADH,2,0,2,0,0.0,147
Uttar_Pradesh,2017,17,BKRP,DOAB,6,0,6,0,0.0,148
Uttar_Pradesh,2017,17,BKS,AVADH,1,0,1,0,0.0,149
Uttar_Pradesh,2017,17,BKS,DOAB,2,0,2,0,0.0,150
Uttar_Pradesh,2017,17,BKSL,DOAB,1,0,1,0,0.0,151
Uttar_Pradesh,2017,17,BLOKSP,WEST,1,0,1,0,0.0,152
Uttar_Pradesh,2017,17,BLSP,DOAB,5,0,5,0,0.0,153
Uttar_Pradesh,2017,17,BLSP,ROHILKHAND,2,0,2,0,0.0,154
Uttar_Pradesh,2017,17,BLSP,WEST,1,0,1,0,0.0,155
Uttar_Pradesh,2017,17,BMD,AVADH,3,0,3,0,0.0,156
Uttar_Pradesh,2017,17,BMF,ROHILKHAND,5,0,5,0,0.0,157
Uttar_Pradesh,2017,17,BMTP,EAST,1,0,1,0,0.0,158
Uttar_Pradesh,2017,17,BMUP,AVADH,53,0,53,0,0.0,159
Uttar_Pradesh,2017,17,BMUP,BUNDELKHAND,10,0,10,0,0.0,160
Uttar_Pradesh,2017,17,BMUP,DOAB,29,0,29,0,0.0,161
Uttar_Pradesh,2017,17,BMUP,EAST,40,0,40,0,0.0,162
Uttar_Pradesh,2017,17,BMUP,NORTH-EAST,30,0,30,0,0.0,163
Uttar_Pradesh,2017,17,BMUP,ROHILKHAND,3,0,3,0,0.0,164
Uttar_Pradesh,2017,17,BMUP,WEST,17,0,17,0,0.0,165
Uttar_Pradesh,2017,17,BNAVP,DOAB,1,0,1,0,0.0,166
Uttar_Pradesh,2017,17,BNIP,WEST,1,0,1,0,0.0,167
Uttar_Pradesh,2017,17,BPA,DOAB,1,0,1,0,0.0,168
Uttar_Pradesh,2017,17,BRABSVP,AVADH,1,0,1,0,0.0,169
Uttar_Pradesh,2017,17,BRJ,DOAB,1,0,1,0,0.0,170
Uttar_Pradesh,2017,17,BRJ,EAST,2,0,2,0,0.0,171
Uttar_Pradesh,2017,17,BRJ,WEST,1,0,1,0,0.0,172
Uttar_Pradesh,2017,17,BRKD,DOAB,1,0,1,0,0.0,173
Uttar_Pradesh,2017,17,BRPI,EAST,2,0,2,0,0.0,174
Uttar_Pradesh,2017,17,BSCP,AVADH,6,0,6,0,0.0,175
Uttar_Pradesh,2017,17,BSCP,BUNDELKHAND,7,0,7,0,0.0,176
Uttar_Pradesh,2017,17,BSCP,DOAB,19,0,19,0,0.0,177
Uttar_Pradesh,2017,17,BSCP,NORTH-EAST,6,0,6,0,0.0,178
Uttar_Pradesh,2017,17,BSD,EAST,3,0,3,0,0.0,179
Uttar_Pradesh,2017,17,BSKD,EAST,1,0,1,0,0.0,180
Uttar_Pradesh,2017,17,BSNPTY,NORTH-EAST,1,0,1,0,0.0,181
Uttar_Pradesh,2017,17,BSP,AVADH,99,6,20,0.3,6.06,23
Uttar_Pradesh,2017,17,BSP,BUNDELKHAND,19,0,1,0,0.0,182
Uttar_Pradesh,2017,17,BSP,DOAB,88,4,22,0.2,4.55,24
Uttar_Pradesh,2017,17,BSP,EAST,61,7,4,0.49,11.48,17
Uttar_Pradesh,2017,17,BSP,NORTH-EAST,40,1,10,0.04,2.5,28
Uttar_Pradesh,2017,17,BSP,ROHILKHAND,52,0,16,0,0.0,183
Uttar_Pradesh,2017,17,BSP,WEST,44,1,10,0.03,2.27,30
Uttar_Pradesh,2017,17,BSP(K),DOAB,1,0,1,0,0.0,184
Uttar_Pradesh,2017,17,BSRD,AVADH,31,0,31,0,0.0,185
Uttar_Pradesh,2017,17,BSRD,DOAB,27,0,27,0,0.0,186
Uttar_Pradesh,2017,17,BSRD,EAST,3,0,3,0,0.0,187
Uttar_Pradesh,2017,17,BSRD,NORTH-EAST,3,0,3,0,0.0,188
Uttar_Pradesh,2017,17,BSRD,ROHILKHAND,26,0,26,0,0.0,189
Uttar_Pradesh,2017,17,BSRD,WEST,1,0,1,0,0.0,190
Uttar_Pradesh,2017,17,BUNKD,BUNDELKHAND,1,0,1,0,0.0,191
Uttar_Pradesh,2017,17,CPI,AVADH,14,0,14,0,0.0,192
Uttar_Pradesh,2017,17,CPI,BUNDELKHAND,8,0,8,0,0.0,193
Uttar_Pradesh,2017,17,CPI,DOAB,10,0,10,0,0.0,194
Uttar_Pradesh,2017,17,CPI,EAST,23,0,23,0,0.0,195
Uttar_Pradesh,2017,17,CPI,NORTH-EAST,7,0,7,0,0.0,196
Uttar_Pradesh,2017,17,CPI,ROHILKHAND,4,0,4,0,0.0,197
Uttar_Pradesh,2017,17,CPI,WEST,2,0,2,0,0.0,198
Uttar_Pradesh,2017,17,CPI(ML)(L),AVADH,5,0,5,0,0.0,199
Uttar_Pradesh,2017,17,CPI(ML)(L),BUNDELKHAND,2,0,2,0,0.0,200
Uttar_Pradesh,2017,17,CPI(ML)(L),DOAB,1,0,1,0,0.0,201
Uttar_Pradesh,2017,17,CPI(ML)(L),EAST,16,0,16,0,0.0,202
Uttar_Pradesh,2017,17,CPI(ML)(L),NORTH-EAST,4,0,4,0,0.0,203
Uttar_Pradesh,2017,17,CPI(ML)(L),ROHILKHAND,1,0,1,0,0.0,204
Uttar_Pradesh,2017,17,CPM,AVADH,4,0,4,0,0.0,205
Uttar_Pradesh,2017,17,CPM,DOAB,6,0,6,0,0.0,206
Uttar_Pradesh,2017,17,CPM,EAST,8,0,8,0,0.0,207
Uttar_Pradesh,2017,17,CPM,NORTH-EAST,3,0,3,0,0.0,208
Uttar_Pradesh,2017,17,CPM,ROHILKHAND,3,0,3,0,0.0,209
Uttar_Pradesh,2017,17,CPM,WEST,2,0,2,0,0.0,210
Uttar_Pradesh,2017,17,DESP,DOAB,3,0,3,0,0.0,211
Uttar_Pradesh,2017,17,DESP,ROHILKHAND,1,0,1,0,0.0,212
Uttar_Pradesh,2017,17,DNP,EAST,1,0,1,0,0.0,213
Uttar_Pradesh,2017,17,EKSP,AVADH,1,0,1,0,0.0,214
Uttar_Pradesh,2017,17,FDDP,EAST,2,0,2,0,0.0,215
Uttar_Pradesh,2017,17,FJP,AVADH,1,0,1,0,0.0,216
Uttar_Pradesh,2017,17,FJP,BUNDELKHAND,1,0,1,0,0.0,217
Uttar_Pradesh,2017,17,FJP,DOAB,4,0,4,0,0.0,218
Uttar_Pradesh,2017,17,GEKP,EAST,1,0,1,0,0.0,219
Uttar_Pradesh,2017,17,GGP,EAST,9,0,9,0,0.0,220
Uttar_Pradesh,2017,17,GGP,NORTH-EAST,2,0,2,0,0.0,221
Uttar_Pradesh,2017,17,GKP,ROHILKHAND,5,0,5,0,0.0,222
Uttar_Pradesh,2017,17,HAPA,AVADH,3,0,3,0,0.0,223
Uttar_Pradesh,2017,17,HAPA,EAST,1,0,1,0,0.0,224
Uttar_Pradesh,2017,17,HAPA,NORTH-EAST,1,0,1,0,0.0,225
Uttar_Pradesh,2017,17,HCP,WEST,1,0,1,0,0.0,226
Uttar_Pradesh,2017,17,HDVP,DOAB,1,0,1,0,0.0,227
Uttar_Pradesh,2017,17,HINUP,WEST,1,0,1,0,0.0,228
Uttar_Pradesh,2017,17,HJ,NORTH-EAST,1,0,1,0,0.0,229
Uttar_Pradesh,2017,17,HJC,BUNDELKHAND,1,0,1,0,0.0,230
Uttar_Pradesh,2017,17,HKRD,AVADH,1,0,1,0,0.0,231
Uttar_Pradesh,2017,17,HND,WEST,3,0,3,0,0.0,232
Uttar_Pradesh,2017,17,HUSP,EAST,1,0,1,0,0.0,233
Uttar_Pradesh,2017,17,IEMC,EAST,4,0,4,0,0.0,234
Uttar_Pradesh,2017,17,IEMC,ROHILKHAND,5,0,4,0,0.0,235
Uttar_Pradesh,2017,17,IEMC,WEST,4,0,4,0,0.0,236
Uttar_Pradesh,2017,17,INC,AVADH,28,3,6,1.96,10.71,19
Uttar_Pradesh,2017,17,INC,BUNDELKHAND,9,0,1,0,0.0,237
Uttar_Pradesh,2017,17,INC,DOAB,26,1,14,0.2,3.85,26
Uttar_Pradesh,2017,17,INC,EAST,10,0,1,0,0.0,238
Uttar_Pradesh,2017,17,INC,NORTH-EAST,12,1,2,0.7,8.33,22
Uttar_Pradesh,2017,17,INC,ROHILKHAND,11,0,2,0,0.0,239
Uttar_Pradesh,2017,17,INC,WEST,18,2,4,0.85,11.11,18
Uttar_Pradesh,2017,17,IND,AVADH,361,2,358,0.2,0.55,32
Uttar_Pradesh,2017,17,IND,BUNDELKHAND,63,0,63,0,0.0,240
Uttar_Pradesh,2017,17,IND,DOAB,360,0,359,0,0.0,241
Uttar_Pradesh,2017,17,IND,EAST,210,0,209,0,0.0,242
Uttar_Pradesh,2017,17,IND,NORTH-EAST,149,1,147,0.1,0.67,31
Uttar_Pradesh,2017,17,IND,ROHILKHAND,169,0,169,0,0.0,243
Uttar_Pradesh,2017,17,IND,WEST,150,0,150,0,0.0,244
Uttar_Pradesh,2017,17,IPH,EAST,1,0,1,0,0.0,245
Uttar_Pradesh,2017,17,ISSP,AVADH,4,0,4,0,0.0,246
Uttar_Pradesh,2017,17,IUML,AVADH,2,0,2,0,0.0,247
Uttar_Pradesh,2017,17,IUML,DOAB,1,0,1,0,0.0,248
Uttar_Pradesh,2017,17,IVD,ROHILKHAND,1,0,1,0,0.0,249
Uttar_Pradesh,2017,17,IVD,WEST,1,0,1,0,0.0,250
Uttar_Pradesh,2017,17,JAM,AVADH,13,0,13,0,0.0,251
Uttar_Pradesh,2017,17,JAM,BUNDELKHAND,8,0,8,0,0.0,252
Uttar_Pradesh,2017,17,JAM,DOAB,29,0,29,0,0.0,253
Uttar_Pradesh,2017,17,JAM,EAST,2,0,2,0,0.0,254
Uttar_Pradesh,2017,17,JAM,ROHILKHAND,5,0,5,0,0.0,255
Uttar_Pradesh,2017,17,JAM,WEST,1,0,1,0,0.0,256
Uttar_Pradesh,2017,17,JANADIP,AVADH,8,0,8,0,0.0,257
Uttar_Pradesh,2017,17,JANADIP,BUNDELKHAND,9,0,9,0,0.0,258
Uttar_Pradesh,2017,17,JANADIP,DOAB,7,0,7,0,0.0,259
Uttar_Pradesh,2017,17,JANADIP,EAST,20,0,20,0,0.0,260
Uttar_Pradesh,2017,17,JANADIP,NORTH-EAST,14,0,14,0,0.0,261
Uttar_Pradesh,2017,17,JANADIP,WEST,2,0,2,0,0.0,262
Uttar_Pradesh,2017,17,JANJAN,ROHILKHAND,1,0,1,0,0.0,263
Uttar_Pradesh,2017,17,JANKP,DOAB,1,0,1,0,0.0,264
Uttar_Pradesh,2017,17,JAPL,BUNDELKHAND,1,0,1,0,0.0,265
Uttar_Pradesh,2017,17,JAPL,NORTH-EAST,1,0,1,0,0.0,266
Uttar_Pradesh,2017,17,JASD,ROHILKHAND,2,0,2,0,0.0,267
Uttar_Pradesh,2017,17,JASSP,ROHILKHAND,3,0,3,0,0.0,268
Uttar_Pradesh,2017,17,JHJBP,DOAB,4,0,4,0,0.0,269
Uttar_Pradesh,2017,17,JHJBP,NORTH-EAST,1,0,1,0,0.0,270
Uttar_Pradesh,2017,17,JHSPT,AVADH,3,0,3,0,0.0,271
Uttar_Pradesh,2017,17,JHSPT,NORTH-EAST,1,0,1,0,0.0,272
Uttar_Pradesh,2017,17,JPS,AVADH,3,0,3,0,0.0,273
Uttar_Pradesh,2017,17,JPS,EAST,2,0,2,0,0.0,274
Uttar_Pradesh,2017,17,JRPA,EAST,5,0,5,0,0.0,275
Uttar_Pradesh,2017,17,JSEP,EAST,1,0,1,0,0.0,276
Uttar_Pradesh,2017,17,JSEP,ROHILKHAND,5,0,5,0,0.0,277
Uttar_Pradesh,2017,17,JSK,AVADH,2,0,2,0,0.0,278
Uttar_Pradesh,2017,17,JSP,WEST,3,0,3,0,0.0,279
Uttar_Pradesh,2017,17,JSVP,AVADH,1,0,1,0,0.0,280
Uttar_Pradesh,2017,17,JUSTIP,AVADH,1,0,1,0,0.0,281
Uttar_Pradesh,2017,17,KAJP,ROHILKHAND,1,0,1,0,0.0,282
Uttar_Pradesh,2017,17,KISP,AVADH,1,0,1,0,0.0,283
Uttar_Pradesh,2017,17,KMBS,BUNDELKHAND,1,0,1,0,0.0,284
Uttar_Pradesh,2017,17,KMSUP,DOAB,1,0,1,0,0.0,285
Uttar_Pradesh,2017,17,KSJP,ROHILKHAND,1,0,1,0,0.0,286
Uttar_Pradesh,2017,17,KSJP,WEST,1,0,1,0,0.0,287
Uttar_Pradesh,2017,17,KTKD,AVADH,2,0,2,0,0.0,288
Uttar_Pradesh,2017,17,KYP,BUNDELKHAND,1,0,1,0,0.0,289
Uttar_Pradesh,2017,17,LD,AVADH,22,0,22,0,0.0,290
Uttar_Pradesh,2017,17,LD,BUNDELKHAND,3,0,3,0,0.0,291
Uttar_Pradesh,2017,17,LD,DOAB,22,0,22,0,0.0,292
Uttar_Pradesh,2017,17,LD,EAST,14,0,14,0,0.0,293
Uttar_Pradesh,2017,17,LD,NORTH-EAST,7,0,7,0,0.0,294
Uttar_Pradesh,2017,17,LD,ROHILKHAND,8,0,7,0,0.0,295
Uttar_Pradesh,2017,17,LD,WEST,5,0,5,0,0.0,296
Uttar_Pradesh,2017,17,LEP,EAST,1,0,1,0,0.0,297
Uttar_Pradesh,2017,17,LOGAP,AVADH,3,0,3,0,0.0,298
Uttar_Pradesh,2017,17,LOGAP,DOAB,2,0,2,0,0.0,299
Uttar_Pradesh,2017,17,LOGAP,EAST,1,0,1,0,0.0,300
Uttar_Pradesh,2017,17,LOMP,WEST,1,0,1,0,0.0,301
Uttar_Pradesh,2017,17,LPI(V),ROHILKHAND,1,0,1,0,0.0,302
Uttar_Pradesh,2017,17,LPSP,ROHILKHAND,1,0,1,0,0.0,303
Uttar_Pradesh,2017,17,LRAP,DOAB,1,0,1,0,0.0,304
Uttar_Pradesh,2017,17,LSPS,AVADH,2,0,2,0,0.0,305
Uttar_Pradesh,2017,17,LSWP,AVADH,1,0,1,0,0.0,306
Uttar_Pradesh,2017,17,MADP,AVADH,9,0,9,0,0.0,307
Uttar_Pradesh,2017,17,MADP,EAST,7,0,7,0,0.0,308
Uttar_Pradesh,2017,17,MAHAD,AVADH,2,0,2,0,0.0,309
Uttar_Pradesh,2017,17,MAHAD,EAST,16,0,16,0,0.0,310
Uttar_Pradesh,2017,17,MAHAD,NORTH-EAST,3,0,3,0,0.0,311
Uttar_Pradesh,2017,17,MAHISAP,AVADH,1,0,1,0,0.0,312
Uttar_Pradesh,2017,17,MAHISAP,DOAB,1,0,1,0,0.0,313
Uttar_Pradesh,2017,17,MAJP,EAST,3,0,3,0,0.0,314
Uttar_Pradesh,2017,17,MAKDL,AVADH,1,0,1,0,0.0,315
Uttar_Pradesh,2017,17,MAKDL,EAST,1,0,1,0,0.0,316
Uttar_Pradesh,2017,17,MAKM,EAST,1,0,1,0,0.0,317
Uttar_Pradesh,2017,17,MANBP,AVADH,1,0,1,0,0.0,318
Uttar_Pradesh,2017,17,MANBP,EAST,1,0,1,0,0.0,319
Uttar_Pradesh,2017,17,MANKP,AVADH,1,0,1,0,0.0,320
Uttar_Pradesh,2017,17,MANKP,EAST,3,0,3,0,0.0,321
Uttar_Pradesh,2017,17,MANKP,ROHILKHAND,1,0,1,0,0.0,322
Uttar_Pradesh,2017,17,MANPA,AVADH,1,0,1,0,0.0,323
Uttar_Pradesh,2017,17,MASPA,AVADH,1,0,1,0,0.0,324
Uttar_Pradesh,2017,17,MBCOI,AVADH,9,0,9,0,0.0,325
Uttar_Pradesh,2017,17,MBCOI,EAST,1,0,1,0,0.0,326
Uttar_Pradesh,2017,17,MBCOI,NORTH-EAST,4,0,4,0,0.0,327
Uttar_Pradesh,2017,17,MD,AVADH,1,0,1,0,0.0,328
Uttar_Pradesh,2017,17,MD,BUNDELKHAND,1,0,1,0,0.0,329
Uttar_Pradesh,2017,17,MD,DOAB,6,0,6,0,0.0,330
Uttar_Pradesh,2017,17,MD,ROHILKHAND,6,0,6,0,0.0,331
Uttar_Pradesh,2017,17,MHD,EAST,4,0,4,0,0.0,332
Uttar_Pradesh,2017,17,MHP,DOAB,5,0,5,0,0.0,333
Uttar_Pradesh,2017,17,MKUP,WEST,1,0,1,0,0.0,334
Uttar_Pradesh,2017,17,MNDP,ROHILKHAND,1,0,1,0,0.0,335
Uttar_Pradesh,2017,17,MNVP,AVADH,2,0,2,0,0.0,336
Uttar_Pradesh,2017,17,MNVP,DOAB,2,0,2,0,0.0,337
Uttar_Pradesh,2017,17,MNVP,NORTH-EAST,3,0,3,0,0.0,338
Uttar_Pradesh,2017,17,MOP,NORTH-EAST,1,0,1,0,0.0,339
Uttar_Pradesh,2017,17,MWSP,AVADH,10,0,10,0,0.0,340
Uttar_Pradesh,2017,17,NAAP,ROHILKHAND,1,0,1,0,0.0,341
Uttar_Pradesh,2017,17,NADEF,EAST,1,0,1,0,0.0,342
Uttar_Pradesh,2017,17,NALP,ROHILKHAND,1,0,1,0,0.0,343
Uttar_Pradesh,2017,17,NALP,WEST,3,0,3,0,0.0,344
Uttar_Pradesh,2017,17,NAP,AVADH,1,0,1,0,0.0,345
Uttar_Pradesh,2017,17,NAP,EAST,2,0,2,0,0.0,346
Uttar_Pradesh,2017,17,NAP,NORTH-EAST,1,0,1,0,0.0,347
Uttar_Pradesh,2017,17,NAPT,DOAB,1,0,1,0,0.0,348
Uttar_Pradesh,2017,17,NASHMBP,DOAB,1,0,1,0,0.0,349
Uttar_Pradesh,2017,17,NAVSAD,DOAB,1,0,1,0,0.0,350
Uttar_Pradesh,2017,17,NCP,AVADH,5,0,5,0,0.0,351
Uttar_Pradesh,2017,17,NCP,DOAB,4,0,4,0,0.0,352
Uttar_Pradesh,2017,17,NCP,EAST,9,0,9,0,0.0,353
Uttar_Pradesh,2017,17,NCP,NORTH-EAST,11,0,11,0,0.0,354
Uttar_Pradesh,2017,17,NCP,ROHILKHAND,1,0,1,0,0.0,355
Uttar_Pradesh,2017,17,NDPF,EAST,1,0,1,0,0.0,356
Uttar_Pradesh,2017,17,NEP,AVADH,3,0,3,0,0.0,357
Uttar_Pradesh,2017,17,NINSHAD,AVADH,12,0,12,0,0.0,358
Uttar_Pradesh,2017,17,NINSHAD,BUNDELKHAND,3,0,3,0,0.0,359
Uttar_Pradesh,2017,17,NINSHAD,DOAB,13,0,13,0,0.0,360
Uttar_Pradesh,2017,17,NINSHAD,EAST,22,1,20,0.44,4.55,25
Uttar_Pradesh,2017,17,NINSHAD,NORTH-EAST,17,0,17,0,0.0,361
Uttar_Pradesh,2017,17,NINSHAD,ROHILKHAND,1,0,1,0,0.0,362
Uttar_Pradesh,2017,17,NINSHAD,WEST,4,0,4,0,0.0,363
Uttar_Pradesh,2017,17,NJAP,EAST,2,0,2,0,0.0,364
Uttar_Pradesh,2017,17,NLIP,EAST,1,0,1,0,0.0,365
Uttar_Pradesh,2017,17,NOTA,AVADH,99,0,0,0,0.0,366
Uttar_Pradesh,2017,17,NOTA,BUNDELKHAND,19,0,0,0,0.0,367
Uttar_Pradesh,2017,17,NOTA,DOAB,88,0,0,0,0.0,368
Uttar_Pradesh,2017,17,NOTA,EAST,61,0,0,0,0.0,369
Uttar_Pradesh,2017,17,NOTA,NORTH-EAST,40,0,0,0,0.0,370
Uttar_Pradesh,2017,17,NOTA,ROHILKHAND,52,0,0,0,0.0,371
Uttar_Pradesh,2017,17,NOTA,WEST,44,0,0,0,0.0,372
Uttar_Pradesh,2017,17,NPPS,DOAB,1,0,1,0,0.0,373
Uttar_Pradesh,2017,17,NSPI,DOAB,1,0,1,0,0.0,374
Uttar_Pradesh,2017,17,NYP,AVADH,1,0,1,0,0.0,375
Uttar_Pradesh,2017,17,NYP,EAST,1,0,1,0,0.0,376
Uttar_Pradesh,2017,17,NYP,WEST,1,0,1,0,0.0,377
Uttar_Pradesh,2017,17,OP,AVADH,1,0,1,0,0.0,378
Uttar_Pradesh,2017,17,OP,DOAB,1,0,1,0,0.0,379
Uttar_Pradesh,2017,17,OP,EAST,2,0,2,0,0.0,380
Uttar_Pradesh,2017,17,OP,NORTH-EAST,1,0,1,0,0.0,381
Uttar_Pradesh,2017,17,OP,WEST,1,0,1,0,0.0,382
Uttar_Pradesh,2017,17,PAJD,EAST,2,0,2,0,0.0,383
Uttar_Pradesh,2017,17,PBI,DOAB,1,0,1,0,0.0,384
Uttar_Pradesh,2017,17,PBI,NORTH-EAST,1,0,1,0,0.0,385
Uttar_Pradesh,2017,17,PBI,WEST,1,0,1,0,0.0,386
Uttar_Pradesh,2017,17,PDD,AVADH,4,0,4,0,0.0,387
Uttar_Pradesh,2017,17,PECP,AVADH,17,0,17,0,0.0,388
Uttar_Pradesh,2017,17,PECP,DOAB,12,0,12,0,0.0,389
Uttar_Pradesh,2017,17,PECP,EAST,4,0,4,0,0.0,390
Uttar_Pradesh,2017,17,PECP,NORTH-EAST,14,0,13,0,0.0,391
Uttar_Pradesh,2017,17,PECP,ROHILKHAND,18,0,18,0,0.0,392
Uttar_Pradesh,2017,17,PECP,WEST,3,0,3,0,0.0,393
Uttar_Pradesh,2017,17,PGSP,AVADH,1,0,1,0,0.0,394
Uttar_Pradesh,2017,17,PGSP,DOAB,5,0,5,0,0.0,395
Uttar_Pradesh,2017,17,PGSP,EAST,1,0,1,0,0.0,396
Uttar_Pradesh,2017,17,PLM,ROHILKHAND,1,0,1,0,0.0,397
Uttar_Pradesh,2017,17,PMHP,AVADH,1,0,1,0,0.0,398
Uttar_Pradesh,2017,17,PMHP,DOAB,1,0,1,0,0.0,399
Uttar_Pradesh,2017,17,PMHP,EAST,6,0,6,0,0.0,400
Uttar_Pradesh,2017,17,PMSP,AVADH,1,0,1,0,0.0,401
Uttar_Pradesh,2017,17,PMSP,DOAB,3,0,3,0,0.0,402
Uttar_Pradesh,2017,17,PMSP,EAST,8,0,8,0,0.0,403
Uttar_Pradesh,2017,17,POOPEP,EAST,5,0,5,0,0.0,404
Uttar_Pradesh,2017,17,POOPEP,NORTH-EAST,1,0,1,0,0.0,405
Uttar_Pradesh,2017,17,PPI,NORTH-EAST,1,0,1,0,0.0,406
Uttar_Pradesh,2017,17,PPS,ROHILKHAND,3,0,3,0,0.0,407
Uttar_Pradesh,2017,17,PSAVKP,AVADH,1,0,1,0,0.0,408
Uttar_Pradesh,2017,17,PSJP,BUNDELKHAND,1,0,1,0,0.0,409
Uttar_Pradesh,2017,17,PSJP,DOAB,4,0,4,0,0.0,410
Uttar_Pradesh,2017,17,PSJP,EAST,1,0,1,0,0.0,411
Uttar_Pradesh,2017,17,PSWAM,DOAB,3,0,3,0,0.0,412
Uttar_Pradesh,2017,17,PUPP,AVADH,2,0,2,0,0.0,413
Uttar_Pradesh,2017,17,PUPVP,WEST,1,0,1,0,0.0,414
Uttar_Pradesh,2017,17,RABAP,DOAB,1,0,1,0,0.0,415
Uttar_Pradesh,2017,17,RAC,ROHILKHAND,1,0,1,0,0.0,416
Uttar_Pradesh,2017,17,RACP,ROHILKHAND,3,0,3,0,0.0,417
Uttar_Pradesh,2017,17,RAIP,AVADH,1,0,1,0,0.0,418
Uttar_Pradesh,2017,17,RAJADP,AVADH,3,0,3,0,0.0,419
Uttar_Pradesh,2017,17,RAJADP,WEST,1,0,1,0,0.0,420
Uttar_Pradesh,2017,17,RAJAP,AVADH,8,0,8,0,0.0,421
Uttar_Pradesh,2017,17,RAJAP,DOAB,1,0,1,0,0.0,422
Uttar_Pradesh,2017,17,RAJAP,NORTH-EAST,4,0,4,0,0.0,423
Uttar_Pradesh,2017,17,RAJAP,ROHILKHAND,2,0,2,0,0.0,424
Uttar_Pradesh,2017,17,RAJP,WEST,2,0,2,0,0.0,425
Uttar_Pradesh,2017,17,RAJSPTY,BUNDELKHAND,1,0,1,0,0.0,426
Uttar_Pradesh,2017,17,RAJSPTY,NORTH-EAST,1,0,1,0,0.0,427
Uttar_Pradesh,2017,17,RALOPA,AVADH,1,0,1,0,0.0,428
Uttar_Pradesh,2017,17,RASHVIP,AVADH,11,0,11,0,0.0,429
Uttar_Pradesh,2017,17,RASHVIP,EAST,2,0,2,0,0.0,430
Uttar_Pradesh,2017,17,RASJM,EAST,1,0,1,0,0.0,431
Uttar_Pradesh,2017,17,RBCP,AVADH,2,0,2,0,0.0,432
Uttar_Pradesh,2017,17,RBCP,DOAB,1,0,1,0,0.0,433
Uttar_Pradesh,2017,17,RBCP,EAST,1,0,1,0,0.0,434
Uttar_Pradesh,2017,17,RGD,WEST,1,0,1,0,0.0,435
Uttar_Pradesh,2017,17,RJAP,AVADH,1,0,1,0,0.0,436
Uttar_Pradesh,2017,17,RJAP,DOAB,1,0,1,0,0.0,437
Uttar_Pradesh,2017,17,RJBVP,EAST,1,0,1,0,0.0,438
Uttar_Pradesh,2017,17,RJSNP,ROHILKHAND,1,0,1,0,0.0,439
Uttar_Pradesh,2017,17,RJSNP,WEST,3,0,3,0,0.0,440
Uttar_Pradesh,2017,17,RKIVP,WEST,1,0,1,0,0.0,441
Uttar_Pradesh,2017,17,RKMP,AVADH,3,0,3,0,0.0,442
Uttar_Pradesh,2017,17,RKMP,BUNDELKHAND,1,0,1,0,0.0,443
Uttar_Pradesh,2017,17,RKMP,DOAB,2,0,2,0,0.0,444
Uttar_Pradesh,2017,17,RKMP,ROHILKHAND,6,0,6,0,0.0,445
Uttar_Pradesh,2017,17,RKMP,WEST,9,0,9,0,0.0,446
Uttar_Pradesh,2017,17,RKSP,AVADH,2,0,2,0,0.0,447
Uttar_Pradesh,2017,17,RKSP,DOAB,1,0,1,0,0.0,448
Uttar_Pradesh,2017,17,RKSP,EAST,3,0,3,0,0.0,449
Uttar_Pradesh,2017,17,RKSP,NORTH-EAST,1,0,1,0,0.0,450
Uttar_Pradesh,2017,17,RLD,AVADH,62,0,61,0,0.0,451
Uttar_Pradesh,2017,17,RLD,BUNDELKHAND,11,0,11,0,0.0,452
Uttar_Pradesh,2017,17,RLD,DOAB,51,0,45,0,0.0,453
Uttar_Pradesh,2017,17,RLD,EAST,37,0,37,0,0.0,454
Uttar_Pradesh,2017,17,RLD,NORTH-EAST,30,0,30,0,0.0,455
Uttar_Pradesh,2017,17,RLD,ROHILKHAND,43,0,43,0,0.0,456
Uttar_Pradesh,2017,17,RLD,WEST,43,1,39,0.04,2.33,29
Uttar_Pradesh,2017,17,RLRP,DOAB,1,0,1,0,0.0,457
Uttar_Pradesh,2017,17,RLRP,ROHILKHAND,1,0,1,0,0.0,458
Uttar_Pradesh,2017,17,RLRP,WEST,1,0,1,0,0.0,459
Uttar_Pradesh,2017,17,RMEP,ROHILKHAND,2,0,2,0,0.0,460
Uttar_Pradesh,2017,17,RMGP,AVADH,2,0,2,0,0.0,461
Uttar_Pradesh,2017,17,RMGP,DOAB,1,0,1,0,0.0,462
Uttar_Pradesh,2017,17,RMGP,EAST,1,0,1,0,0.0,463
Uttar_Pradesh,2017,17,RMGP,NORTH-EAST,2,0,2,0,0.0,464
Uttar_Pradesh,2017,17,RMGP,ROHILKHAND,1,0,1,0,0.0,465
Uttar_Pradesh,2017,17,RMJP,ROHILKHAND,1,0,1,0,0.0,466
Uttar_Pradesh,2017,17,RPD,DOAB,1,0,1,0,0.0,467
Uttar_Pradesh,2017,17,RPD,EAST,1,0,1,0,0.0,468
Uttar_Pradesh,2017,17,RPD,ROHILKHAND,1,0,0,0,0.0,469
Uttar_Pradesh,2017,17,RPDL,WEST,1,0,1,0,0.0,470
Uttar_Pradesh,2017,17,RPI,DOAB,3,0,3,0,0.0,471
Uttar_Pradesh,2017,17,RPI,EAST,1,0,1,0,0.0,472
Uttar_Pradesh,2017,17,RPI,NORTH-EAST,1,0,1,0,0.0,473
Uttar_Pradesh,2017,17,RPI(A),AVADH,6,0,6,0,0.0,474
Uttar_Pradesh,2017,17,RPI(A),DOAB,4,0,4,0,0.0,475
Uttar_Pradesh,2017,17,RPI(A),EAST,4,0,4,0,0.0,476
Uttar_Pradesh,2017,17,RPI(A),NORTH-EAST,1,0,1,0,0.0,477
Uttar_Pradesh,2017,17,RPI(A),ROHILKHAND,4,0,4,0,0.0,478
Uttar_Pradesh,2017,17,RPIE,DOAB,1,0,1,0,0.0,479
Uttar_Pradesh,2017,17,RPSN,WEST,2,0,2,0,0.0,480
Uttar_Pradesh,2017,17,RRSP,BUNDELKHAND,2,0,2,0,0.0,481
Uttar_Pradesh,2017,17,RSAD,DOAB,1,0,1,0,0.0,482
Uttar_Pradesh,2017,17,RSAD,EAST,1,0,1,0,0.0,483
Uttar_Pradesh,2017,17,RSD,DOAB,3,0,3,0,0.0,484
Uttar_Pradesh,2017,17,RSHJP,AVADH,1,0,1,0,0.0,485
Uttar_Pradesh,2017,17,RSHJP,BUNDELKHAND,1,0,1,0,0.0,486
Uttar_Pradesh,2017,17,RSHJP,EAST,2,0,2,0,0.0,487
Uttar_Pradesh,2017,17,RSHP,DOAB,4,0,4,0,0.0,488
Uttar_Pradesh,2017,17,RSHP,EAST,1,0,1,0,0.0,489
Uttar_Pradesh,2017,17,RSHP,NORTH-EAST,1,0,1,0,0.0,490
Uttar_Pradesh,2017,17,RSHP,ROHILKHAND,1,0,1,0,0.0,491
Uttar_Pradesh,2017,17,RSHP,WEST,4,0,4,0,0.0,492
Uttar_Pradesh,2017,17,RSJNP,AVADH,4,0,4,0,0.0,493
Uttar_Pradesh,2017,17,RSJNP,DOAB,2,0,2,0,0.0,494
Uttar_Pradesh,2017,17,RSJNP,EAST,3,0,3,0,0.0,495
Uttar_Pradesh,2017,17,RSMD,DOAB,2,0,2,0,0.0,496
Uttar_Pradesh,2017,17,RSOSP,AVADH,1,0,1,0,0.0,497
Uttar_Pradesh,2017,17,RSOSP,BUNDELKHAND,1,0,1,0,0.0,498
Uttar_Pradesh,2017,17,RSOSP,DOAB,4,0,4,0,0.0,499
Uttar_Pradesh,2017,17,RSP(S),DOAB,1,0,1,0,0.0,500
Uttar_Pradesh,2017,17,RSPS,AVADH,3,0,3,0,0.0,501
Uttar_Pradesh,2017,17,RSPS,DOAB,2,0,2,0,0.0,502
Uttar_Pradesh,2017,17,RSPS,EAST,7,0,7,0,0.0,503
Uttar_Pradesh,2017,17,RTJP,AVADH,1,0,1,0,0.0,504
Uttar_Pradesh,2017,17,RTJP,WEST,1,0,1,0,0.0,505
Uttar_Pradesh,2017,17,RTKP,AVADH,2,0,2,0,0.0,506
Uttar_Pradesh,2017,17,RTKP,DOAB,4,0,4,0,0.0,507
Uttar_Pradesh,2017,17,RTKP,WEST,2,0,2,0,0.0,508
Uttar_Pradesh,2017,17,RTRJP,AVADH,1,0,1,0,0.0,509
Uttar_Pradesh,2017,17,RTSJP,EAST,1,0,1,0,0.0,510
Uttar_Pradesh,2017,17,RUC,DOAB,3,0,3,0,0.0,511
Uttar_Pradesh,2017,17,RVIP,AVADH,4,0,4,0,0.0,512
Uttar_Pradesh,2017,17,RVLP,AVADH,2,0,2,0,0.0,513
Uttar_Pradesh,2017,17,RVLP,BUNDELKHAND,1,0,1,0,0.0,514
Uttar_Pradesh,2017,17,RVLP,DOAB,1,0,1,0,0.0,515
Uttar_Pradesh,2017,17,RVLP,EAST,1,0,1,0,0.0,516
Uttar_Pradesh,2017,17,RVMP,EAST,2,0,2,0,0.0,517
Uttar_Pradesh,2017,17,RVNP,ROHILKHAND,1,0,1,0,0.0,518
Uttar_Pradesh,2017,17,SABHP,AVADH,2,0,2,0,0.0,519
Uttar_Pradesh,2017,17,SABHP,DOAB,1,0,1,0,0.0,520
Uttar_Pradesh,2017,17,SABHP,NORTH-EAST,2,0,2,0,0.0,521
Uttar_Pradesh,2017,17,SABHP,WEST,4,0,4,0,0.0,522
Uttar_Pradesh,2017,17,SADA,DOAB,1,0,1,0,0.0,523
Uttar_Pradesh,2017,17,SAJPCS,DOAB,4,0,4,0,0.0,524
Uttar_Pradesh,2017,17,SAJPCS,EAST,7,0,7,0,0.0,525
Uttar_Pradesh,2017,17,SAMAP,DOAB,1,0,1,0,0.0,526
Uttar_Pradesh,2017,17,SAMSAMPA,EAST,2,0,2,0,0.0,527
Uttar_Pradesh,2017,17,SAMSAMPA,ROHILKHAND,1,0,1,0,0.0,528
Uttar_Pradesh,2017,17,SANVP,DOAB,1,0,1,0,0.0,529
Uttar_Pradesh,2017,17,SAPP,EAST,1,0,1,0,0.0,530
Uttar_Pradesh,2017,17,SARP,AVADH,1,0,1,0,0.0,531
Uttar_Pradesh,2017,17,SARP,DOAB,2,0,2,0,0.0,532
Uttar_Pradesh,2017,17,SARSAMP,AVADH,7,0,7,0,0.0,533
Uttar_Pradesh,2017,17,SARSAMP,BUNDELKHAND,4,0,4,0,0.0,534
Uttar_Pradesh,2017,17,SARSAMP,DOAB,3,0,3,0,0.0,535
Uttar_Pradesh,2017,17,SARSAMP,EAST,3,0,3,0,0.0,536
Uttar_Pradesh,2017,17,SARSAMP,NORTH-EAST,2,0,2,0,0.0,537
Uttar_Pradesh,2017,17,SARSAMP,ROHILKHAND,6,0,6,0,0.0,538
Uttar_Pradesh,2017,17,SARSAMP,WEST,5,0,5,0,0.0,539
Uttar_Pradesh,2017,17,SASAP,NORTH-EAST,1,0,1,0,0.0,540
Uttar_Pradesh,2017,17,SASEP,NORTH-EAST,1,0,1,0,0.0,541
Uttar_Pradesh,2017,17,SASEPA,AVADH,1,0,1,0,0.0,542
Uttar_Pradesh,2017,17,SASPA,DOAB,1,0,1,0,0.0,543
Uttar_Pradesh,2017,17,SASPA,WEST,3,0,3,0,0.0,544
Uttar_Pradesh,2017,17,SATKP,NORTH-EAST,2,0,2,0,0.0,545
Uttar_Pradesh,2017,17,SATSHIP,AVADH,2,0,2,0,0.0,546
Uttar_Pradesh,2017,17,SBSP,EAST,7,3,0,2.81,42.86,13
Uttar_Pradesh,2017,17,SBSP,NORTH-EAST,1,1,0,28.25,100.0,5
Uttar_Pradesh,2017,17,SDU,AVADH,6,0,6,0,0.0,547
Uttar_Pradesh,2017,17,SDU,DOAB,1,0,1,0,0.0,548
Uttar_Pradesh,2017,17,SDU,NORTH-EAST,1,0,1,0,0.0,549
Uttar_Pradesh,2017,17,SDU,WEST,1,0,1,0,0.0,550
Uttar_Pradesh,2017,17,SHS,AVADH,12,0,11,0,0.0,551
Uttar_Pradesh,2017,17,SHS,BUNDELKHAND,5,0,5,0,0.0,552
Uttar_Pradesh,2017,17,SHS,DOAB,8,0,8,0,0.0,553
Uttar_Pradesh,2017,17,SHS,EAST,10,0,10,0,0.0,554
Uttar_Pradesh,2017,17,SHS,NORTH-EAST,5,0,5,0,0.0,555
Uttar_Pradesh,2017,17,SHS,ROHILKHAND,6,0,6,0,0.0,556
Uttar_Pradesh,2017,17,SHS,WEST,11,0,11,0,0.0,557
Uttar_Pradesh,2017,17,SHSAP,EAST,2,0,2,0,0.0,558
Uttar_Pradesh,2017,17,SHSP,NORTH-EAST,1,0,1,0,0.0,559
Uttar_Pradesh,2017,17,SKLP,DOAB,1,0,1,0,0.0,560
Uttar_Pradesh,2017,17,SKLP,ROHILKHAND,2,0,2,0,0.0,561
Uttar_Pradesh,2017,17,SP,AVADH,78,8,5,0.42,10.26,21
Uttar_Pradesh,2017,17,SP,BUNDELKHAND,11,0,1,0,0.0,562
Uttar_Pradesh,2017,17,SP,DOAB,71,9,10,1.07,12.68,16
Uttar_Pradesh,2017,17,SP,EAST,51,12,0,1.28,23.53,15
Uttar_Pradesh,2017,17,SP,NORTH-EAST,30,1,2,0.2,3.33,27
Uttar_Pradesh,2017,17,SP,ROHILKHAND,42,14,0,3.06,33.33,14
Uttar_Pradesh,2017,17,SP,WEST,28,3,7,0.95,10.71,20
Uttar_Pradesh,2017,17,SP(I),AVADH,3,0,3,0,0.0,563
Uttar_Pradesh,2017,17,SSAD,DOAB,1,0,1,0,0.0,564
Uttar_Pradesh,2017,17,SSAD,ROHILKHAND,2,0,2,0,0.0,565
Uttar_Pradesh,2017,17,SSCP,EAST,1,0,1,0,0.0,566
Uttar_Pradesh,2017,17,SSD,DOAB,1,0,1,0,0.0,567
Uttar_Pradesh,2017,17,SSD,EAST,2,0,2,0,0.0,568
Uttar_Pradesh,2017,17,SSD,NORTH-EAST,3,0,3,0,0.0,569
Uttar_Pradesh,2017,17,SSKP,DOAB,3,0,3,0,0.0,570
Uttar_Pradesh,2017,17,SSKP,ROHILKHAND,1,0,1,0,0.0,571
Uttar_Pradesh,2017,17,SSSP,AVADH,1,0,1,0,0.0,572
Uttar_Pradesh,2017,17,SUCI,AVADH,3,0,3,0,0.0,573
Uttar_Pradesh,2017,17,SUCI,DOAB,1,0,1,0,0.0,574
Uttar_Pradesh,2017,17,SUCI,EAST,3,0,3,0,0.0,575
Uttar_Pradesh,2017,17,SUCI,ROHILKHAND,1,0,1,0,0.0,576
Uttar_Pradesh,2017,17,SURSAP,EAST,1,0,1,0,0.0,577
Uttar_Pradesh,2017,17,SWAJANPA,AVADH,1,0,1,0,0.0,578
Uttar_Pradesh,2017,17,SWAJANPA,BUNDELKHAND,9,0,9,0,0.0,579
Uttar_Pradesh,2017,17,SWAJANPA,DOAB,8,0,8,0,0.0,580
Uttar_Pradesh,2017,17,SWAJANPA,WEST,7,0,7,0,0.0,581
Uttar_Pradesh,2017,17,SWAP,BUNDELKHAND,1,0,1,0,0.0,582
Uttar_Pradesh,2017,17,SWJP,NORTH-EAST,1,0,1,0,0.0,583
Uttar_Pradesh,2017,17,SWPI,AVADH,7,0,7,0,0.0,584
Uttar_Pradesh,2017,17,SWPI,WEST,1,0,1,0,0.0,585
Uttar_Pradesh,2017,17,UDFS,WEST,3,0,3,0,0.0,586
Uttar_Pradesh,2017,17,UKKD,AVADH,1,0,1,0,0.0,587
Uttar_Pradesh,2017,17,UNP,DOAB,1,0,1,0,0.0,588
Uttar_Pradesh,2017,17,UPRP,AVADH,6,0,6,0,0.0,589
Uttar_Pradesh,2017,17,UPRP,DOAB,2,0,2,0,0.0,590
Uttar_Pradesh,2017,17,UPRP,EAST,3,0,3,0,0.0,591
Uttar_Pradesh,2017,17,UPRP,NORTH-EAST,1,0,1,0,0.0,592
Uttar_Pradesh,2017,17,UPRP,ROHILKHAND,1,0,1,0,0.0,593
Uttar_Pradesh,2017,17,VIP,AVADH,2,0,2,0,0.0,594
Uttar_Pradesh,2017,17,VIP,BUNDELKHAND,1,0,1,0,0.0,595
Uttar_Pradesh,2017,17,VIP,DOAB,3,0,3,0,0.0,596
Uttar_Pradesh,2017,17,VIP,EAST,2,0,2,0,0.0,597
Uttar_Pradesh,2017,17,VIP,ROHILKHAND,1,0,1,0,0.0,598
Uttar_Pradesh,2017,17,VKP,BUNDELKHAND,1,0,1,0,0.0,599
Uttar_Pradesh,2017,17,VP,AVADH,2,0,2,0,0.0,600
Uttar_Pradesh,2017,17,VP,DOAB,4,0,4,0,0.0,601
Uttar_Pradesh,2017,17,VP,EAST,1,0,1,0,0.0,602
Uttar_Pradesh,2017,17,VP,NORTH-EAST,1,0,1,0,0.0,603
Uttar_Pradesh,2017,17,VP,WEST,1,0,1,0,0.0,604
Uttar_Pradesh,2017,17,VPI,DOAB,10,0,10,0,0.0,605
Uttar_Pradesh,2017,17,YVP,AVADH,1,0,1,0,0.0,606
Uttar_Pradesh,2017,17,YVP,DOAB,2,0,2,0,0.0,607
Uttar_Pradesh,2012,16,A S P,DOAB,1,0,1,0,0.0,41
Uttar_Pradesh,2012,16,ABAS,AVADH,1,0,1,0,0.0,42
Uttar_Pradesh,2012,16,ABDBM,EAST,1,0,1,0,0.0,43
Uttar_Pradesh,2012,16,ABDBM,ROHILKHAND,1,0,1,0,0.0,44
Uttar_Pradesh,2012,16,ABHM,AVADH,2,0,2,0,0.0,45
Uttar_Pradesh,2012,16,ABHM,DOAB,3,0,3,0,0.0,46
Uttar_Pradesh,2012,16,ABHM,EAST,2,0,2,0,0.0,47
Uttar_Pradesh,2012,16,ABHM,NORTH-EAST,1,0,1,0,0.0,48
Uttar_Pradesh,2012,16,ABHM,ROHILKHAND,1,0,1,0,0.0,49
Uttar_Pradesh,2012,16,ABHM,WEST,3,0,3,0,0.0,50
Uttar_Pradesh,2012,16,ABLTC,NORTH-EAST,1,0,0,0,0.0,51
Uttar_Pradesh,2012,16,ABLTP,WEST,1,0,1,0,0.0,52
Uttar_Pradesh,2012,16,ABML(S),DOAB,1,0,1,0,0.0,53
Uttar_Pradesh,2012,16,ABML(S),ROHILKHAND,2,0,2,0,0.0,54
Uttar_Pradesh,2012,16,ABRS,DOAB,1,0,1,0,0.0,55
Uttar_Pradesh,2012,16,AD,AVADH,27,0,26,0,0.0,56
Uttar_Pradesh,2012,16,AD,BUNDELKHAND,3,0,3,0,0.0,57
Uttar_Pradesh,2012,16,AD,DOAB,21,0,20,0,0.0,58
Uttar_Pradesh,2012,16,AD,EAST,20,1,15,0.46,5.0,31
Uttar_Pradesh,2012,16,AD,NORTH-EAST,2,0,2,0,0.0,59
Uttar_Pradesh,2012,16,AD,ROHILKHAND,3,0,3,0,0.0,60
Uttar_Pradesh,2012,16,AHNP,NORTH-EAST,1,0,1,0,0.0,61
Uttar_Pradesh,2012,16,AIFB,AVADH,2,0,2,0,0.0,62
Uttar_Pradesh,2012,16,AIFB,DOAB,3,0,3,0,0.0,63
Uttar_Pradesh,2012,16,AIFB,EAST,1,0,1,0,0.0,64
Uttar_Pradesh,2012,16,AIFB,ROHILKHAND,1,0,1,0,0.0,65
Uttar_Pradesh,2012,16,AIMF,AVADH,3,0,3,0,0.0,66
Uttar_Pradesh,2012,16,AIMF,DOAB,4,0,4,0,0.0,67
Uttar_Pradesh,2012,16,AIMF,NORTH-EAST,7,0,7,0,0.0,68
Uttar_Pradesh,2012,16,AIMF,ROHILKHAND,5,0,5,0,0.0,69
Uttar_Pradesh,2012,16,AIRSP,WEST,5,0,5,0,0.0,70
Uttar_Pradesh,2012,16,AITC,AVADH,39,0,39,0,0.0,71
Uttar_Pradesh,2012,16,AITC,BUNDELKHAND,5,0,5,0,0.0,72
Uttar_Pradesh,2012,16,AITC,DOAB,26,0,25,0,0.0,73
Uttar_Pradesh,2012,16,AITC,EAST,19,0,19,0,0.0,74
Uttar_Pradesh,2012,16,AITC,NORTH-EAST,15,0,15,0,0.0,75
Uttar_Pradesh,2012,16,AITC,ROHILKHAND,24,0,24,0,0.0,76
Uttar_Pradesh,2012,16,AITC,WEST,16,0,16,0,0.0,77
Uttar_Pradesh,2012,16,AMKP,DOAB,1,0,1,0,0.0,78
Uttar_Pradesh,2012,16,AMP,AVADH,1,0,1,0,0.0,79
Uttar_Pradesh,2012,16,ANC,AVADH,1,0,1,0,0.0,80
Uttar_Pradesh,2012,16,ANC,EAST,1,0,1,0,0.0,81
Uttar_Pradesh,2012,16,ANC,ROHILKHAND,1,0,1,0,0.0,82
Uttar_Pradesh,2012,16,AP,DOAB,1,0,1,0,0.0,83
Uttar_Pradesh,2012,16,APVM,NORTH-EAST,1,0,1,0,0.0,84
Uttar_Pradesh,2012,16,ARVP,AVADH,12,0,12,0,0.0,85
Uttar_Pradesh,2012,16,ARVP,BUNDELKHAND,3,0,3,0,0.0,86
Uttar_Pradesh,2012,16,ARVP,DOAB,8,0,8,0,0.0,87
Uttar_Pradesh,2012,16,ARVP,EAST,18,0,18,0,0.0,88
Uttar_Pradesh,2012,16,ARVP,NORTH-EAST,18,0,18,0,0.0,89
Uttar_Pradesh,2012,16,ARVP,ROHILKHAND,9,0,9,0,0.0,90
Uttar_Pradesh,2012,16,ASP,AVADH,6,0,6,0,0.0,91
Uttar_Pradesh,2012,16,ASP,BUNDELKHAND,5,0,5,0,0.0,92
Uttar_Pradesh,2012,16,ASP,DOAB,11,0,11,0,0.0,93
Uttar_Pradesh,2012,16,ASP,EAST,6,0,6,0,0.0,94
Uttar_Pradesh,2012,16,ASP,NORTH-EAST,7,0,7,0,0.0,95
Uttar_Pradesh,2012,16,ASP,ROHILKHAND,6,0,6,0,0.0,96
Uttar_Pradesh,2012,16,ASP,WEST,4,0,4,0,0.0,97
Uttar_Pradesh,2012,16,AWD,WEST,1,0,1,0,0.0,98
Uttar_Pradesh,2012,16,Aa S P,AVADH,1,0,1,0,0.0,99
Uttar_Pradesh,2012,16,Aa S P,ROHILKHAND,1,0,1,0,0.0,100
Uttar_Pradesh,2012,16,AlHP,AVADH,2,0,2,0,0.0,101
Uttar_Pradesh,2012,16,AlHP,BUNDELKHAND,1,0,1,0,0.0,102
Uttar_Pradesh,2012,16,AlHP,DOAB,1,0,1,0,0.0,103
Uttar_Pradesh,2012,16,AlHP,NORTH-EAST,1,0,1,0,0.0,104
Uttar_Pradesh,2012,16,BC,AVADH,3,0,3,0,0.0,105
Uttar_Pradesh,2012,16,BC,BUNDELKHAND,12,0,12,0,0.0,106
Uttar_Pradesh,2012,16,BC,DOAB,9,0,9,0,0.0,107
Uttar_Pradesh,2012,16,BC,EAST,1,0,1,0,0.0,108
Uttar_Pradesh,2012,16,BC,ROHILKHAND,5,0,5,0,0.0,109
Uttar_Pradesh,2012,16,BC,WEST,3,0,3,0,0.0,110
Uttar_Pradesh,2012,16,BCB,EAST,1,0,1,0,0.0,111
Uttar_Pradesh,2012,16,BCP,AVADH,3,0,3,0,0.0,112
Uttar_Pradesh,2012,16,BEP,NORTH-EAST,8,0,8,0,0.0,113
Uttar_Pradesh,2012,16,BHAPP,BUNDELKHAND,2,0,2,0,0.0,114
Uttar_Pradesh,2012,16,BHNKP,EAST,1,0,1,0,0.0,115
Uttar_Pradesh,2012,16,BHSVP,WEST,1,0,1,0,0.0,116
Uttar_Pradesh,2012,16,BJBCD,NORTH-EAST,1,0,1,0,0.0,117
Uttar_Pradesh,2012,16,BJKD,AVADH,3,0,3,0,0.0,118
Uttar_Pradesh,2012,16,BJKD,DOAB,2,0,2,0,0.0,119
Uttar_Pradesh,2012,16,BJP,AVADH,99,6,68,0.46,6.06,28
Uttar_Pradesh,2012,16,BJP,BUNDELKHAND,19,3,6,1.07,15.79,18
Uttar_Pradesh,2012,16,BJP,DOAB,88,9,49,0.91,10.23,23
Uttar_Pradesh,2012,16,BJP,EAST,56,5,40,0.45,8.93,25
Uttar_Pradesh,2012,16,BJP,NORTH-EAST,40,7,19,1.74,17.5,17
Uttar_Pradesh,2012,16,BJP,ROHILKHAND,52,8,23,1.78,15.38,20
Uttar_Pradesh,2012,16,BJP,WEST,44,9,24,1.04,20.45,15
Uttar_Pradesh,2012,16,BJS,NORTH-EAST,1,0,1,0,0.0,120
Uttar_Pradesh,2012,16,BJVP,WEST,1,0,1,0,0.0,121
Uttar_Pradesh,2012,16,BKD,AVADH,1,0,1,0,0.0,122
Uttar_Pradesh,2012,16,BKD,DOAB,1,0,1,0,0.0,123
Uttar_Pradesh,2012,16,BKD,NORTH-EAST,3,0,3,0,0.0,124
Uttar_Pradesh,2012,16,BKPP,DOAB,5,0,5,0,0.0,125
Uttar_Pradesh,2012,16,BKRP,AVADH,2,0,2,0,0.0,126
Uttar_Pradesh,2012,16,BKRP,DOAB,1,0,1,0,0.0,127
Uttar_Pradesh,2012,16,BKrD,AVADH,7,0,7,0,0.0,128
Uttar_Pradesh,2012,16,BKrD,EAST,2,0,2,0,0.0,129
Uttar_Pradesh,2012,16,BKrD,ROHILKHAND,9,0,9,0,0.0,130
Uttar_Pradesh,2012,16,BMKCP,WEST,1,0,1,0,0.0,131
Uttar_Pradesh,2012,16,BMM,BUNDELKHAND,2,0,2,0,0.0,132
Uttar_Pradesh,2012,16,BMSKM,DOAB,1,0,1,0,0.0,133
Uttar_Pradesh,2012,16,BPD,DOAB,2,0,2,0,0.0,134
Uttar_Pradesh,2012,16,BPNP,AVADH,2,0,2,0,0.0,135
Uttar_Pradesh,2012,16,BPNP,DOAB,1,0,1,0,0.0,136
Uttar_Pradesh,2012,16,BRABSVP,AVADH,2,0,2,0,0.0,137
Uttar_Pradesh,2012,16,BRABSVP,DOAB,1,0,1,0,0.0,138
Uttar_Pradesh,2012,16,BRABSVP,EAST,1,0,1,0,0.0,139
Uttar_Pradesh,2012,16,BRAVP,DOAB,1,0,1,0,0.0,140
Uttar_Pradesh,2012,16,BRAVP,WEST,1,0,1,0,0.0,141
Uttar_Pradesh,2012,16,BRKD,DOAB,1,0,1,0,0.0,142
Uttar_Pradesh,2012,16,BRM,DOAB,1,0,1,0,0.0,143
Uttar_Pradesh,2012,16,BRPP,AVADH,7,0,7,0,0.0,144
Uttar_Pradesh,2012,16,BRPP,BUNDELKHAND,2,0,2,0,0.0,145
Uttar_Pradesh,2012,16,BRPP,EAST,3,0,3,0,0.0,146
Uttar_Pradesh,2012,16,BRPP,NORTH-EAST,1,0,1,0,0.0,147
Uttar_Pradesh,2012,16,BRVP,ROHILKHAND,3,0,3,0,0.0,148
Uttar_Pradesh,2012,16,BRVP,WEST,1,0,1,0,0.0,149
Uttar_Pradesh,2012,16,BSA,DOAB,1,0,1,0,0.0,150
Uttar_Pradesh,2012,16,BSA,EAST,1,0,1,0,0.0,151
Uttar_Pradesh,2012,16,BSD,EAST,3,0,3,0,0.0,152
Uttar_Pradesh,2012,16,BSKD,EAST,1,0,1,0,0.0,153
Uttar_Pradesh,2012,16,BSKD,ROHILKHAND,1,0,1,0,0.0,154
Uttar_Pradesh,2012,16,BSKP,AVADH,3,0,3,0,0.0,155
Uttar_Pradesh,2012,16,BSKP,DOAB,6,0,6,0,0.0,156
Uttar_Pradesh,2012,16,BSKP,ROHILKHAND,4,0,4,0,0.0,157
Uttar_Pradesh,2012,16,BSKP,WEST,5,0,5,0,0.0,158
Uttar_Pradesh,2012,16,BSP,AVADH,99,9,14,0.37,9.09,24
Uttar_Pradesh,2012,16,BSP,BUNDELKHAND,19,7,0,1.15,36.84,8
Uttar_Pradesh,2012,16,BSP,DOAB,88,20,9,0.83,22.73,10
Uttar_Pradesh,2012,16,BSP,EAST,61,8,4,1,13.11,21
Uttar_Pradesh,2012,16,BSP,NORTH-EAST,40,8,7,1.32,20.0,16
Uttar_Pradesh,2012,16,BSP,ROHILKHAND,52,11,14,1.14,21.15,12
Uttar_Pradesh,2012,16,BSP,WEST,44,17,3,2.49,38.64,7
Uttar_Pradesh,2012,16,BSP(A),ROHILKHAND,1,0,1,0,0.0,159
Uttar_Pradesh,2012,16,BSP(A),WEST,8,0,8,0,0.0,160
Uttar_Pradesh,2012,16,BSP(K),DOAB,2,0,2,0,0.0,161
Uttar_Pradesh,2012,16,BSP(K),EAST,3,0,3,0,0.0,162
Uttar_Pradesh,2012,16,BSP(K),NORTH-EAST,11,0,11,0,0.0,163
Uttar_Pradesh,2012,16,BSRD,AVADH,12,0,12,0,0.0,164
Uttar_Pradesh,2012,16,BSRD,ROHILKHAND,5,0,5,0,0.0,165
Uttar_Pradesh,2012,16,BUM,NORTH-EAST,2,0,2,0,0.0,166
Uttar_Pradesh,2012,16,BeCP,EAST,2,0,2,0,0.0,167
Uttar_Pradesh,2012,16,BhJD,WEST,1,0,1,0,0.0,168
Uttar_Pradesh,2012,16,BhJaSaP,AVADH,1,0,1,0,0.0,169
Uttar_Pradesh,2012,16,BhRapa,EAST,1,0,1,0,0.0,170
Uttar_Pradesh,2012,16,BhSaPa,NORTH-EAST,1,0,1,0,0.0,171
Uttar_Pradesh,2012,16,BhVSP,DOAB,2,0,2,0,0.0,172
Uttar_Pradesh,2012,16,BhVSP,WEST,6,0,6,0,0.0,173
Uttar_Pradesh,2012,16,CPI,AVADH,9,0,9,0,0.0,174
Uttar_Pradesh,2012,16,CPI,BUNDELKHAND,5,0,5,0,0.0,175
Uttar_Pradesh,2012,16,CPI,DOAB,10,0,10,0,0.0,176
Uttar_Pradesh,2012,16,CPI,EAST,15,0,15,0,0.0,177
Uttar_Pradesh,2012,16,CPI,NORTH-EAST,4,0,4,0,0.0,178
Uttar_Pradesh,2012,16,CPI,ROHILKHAND,4,0,4,0,0.0,179
Uttar_Pradesh,2012,16,CPI,WEST,4,0,4,0,0.0,180
Uttar_Pradesh,2012,16,CPI(ML)(L),AVADH,7,0,7,0,0.0,181
Uttar_Pradesh,2012,16,CPI(ML)(L),BUNDELKHAND,2,0,2,0,0.0,182
Uttar_Pradesh,2012,16,CPI(ML)(L),DOAB,1,0,1,0,0.0,183
Uttar_Pradesh,2012,16,CPI(ML)(L),EAST,20,0,20,0,0.0,184
Uttar_Pradesh,2012,16,CPI(ML)(L),NORTH-EAST,8,0,8,0,0.0,185
Uttar_Pradesh,2012,16,CPI(ML)(L),ROHILKHAND,2,0,2,0,0.0,186
Uttar_Pradesh,2012,16,CPI(ML)(L),WEST,1,0,1,0,0.0,187
Uttar_Pradesh,2012,16,CPM,AVADH,1,0,1,0,0.0,188
Uttar_Pradesh,2012,16,CPM,DOAB,6,0,5,0,0.0,189
Uttar_Pradesh,2012,16,CPM,EAST,6,0,6,0,0.0,190
Uttar_Pradesh,2012,16,CPM,NORTH-EAST,2,0,2,0,0.0,191
Uttar_Pradesh,2012,16,CPM,ROHILKHAND,1,0,1,0,0.0,192
Uttar_Pradesh,2012,16,CPM,WEST,1,0,1,0,0.0,193
Uttar_Pradesh,2012,16,DBJ,BUNDELKHAND,1,0,1,0,0.0,194
Uttar_Pradesh,2012,16,DSP,EAST,1,0,1,0,0.0,195
Uttar_Pradesh,2012,16,EKSP,EAST,1,0,1,0,0.0,196
Uttar_Pradesh,2012,16,EKSP,NORTH-EAST,1,0,1,0,0.0,197
Uttar_Pradesh,2012,16,GASP,EAST,2,0,2,0,0.0,198
Uttar_Pradesh,2012,16,GGP,EAST,4,0,4,0,0.0,199
Uttar_Pradesh,2012,16,GMM,ROHILKHAND,1,0,1,0,0.0,200
Uttar_Pradesh,2012,16,GSPS,AVADH,1,0,1,0,0.0,201
Uttar_Pradesh,2012,16,HD,AVADH,3,0,3,0,0.0,202
Uttar_Pradesh,2012,16,HND,WEST,2,0,2,0,0.0,203
Uttar_Pradesh,2012,16,IEMC,AVADH,1,0,1,0,0.0,204
Uttar_Pradesh,2012,16,IEMC,ROHILKHAND,17,1,15,0.52,5.88,29
Uttar_Pradesh,2012,16,IJP,AVADH,10,0,10,0,0.0,205
Uttar_Pradesh,2012,16,IJP,BUNDELKHAND,2,0,2,0,0.0,206
Uttar_Pradesh,2012,16,IJP,DOAB,33,0,33,0,0.0,207
Uttar_Pradesh,2012,16,IJP,EAST,18,0,18,0,0.0,208
Uttar_Pradesh,2012,16,IJP,NORTH-EAST,10,0,10,0,0.0,209
Uttar_Pradesh,2012,16,IJP,ROHILKHAND,12,0,12,0,0.0,210
Uttar_Pradesh,2012,16,IJP,WEST,7,0,7,0,0.0,211
Uttar_Pradesh,2012,16,INC,AVADH,98,6,64,0.57,6.12,27
Uttar_Pradesh,2012,16,INC,BUNDELKHAND,19,4,10,1.75,21.05,13
Uttar_Pradesh,2012,16,INC,DOAB,74,3,57,0.17,4.05,34
Uttar_Pradesh,2012,16,INC,EAST,57,3,48,0.17,5.26,30
Uttar_Pradesh,2012,16,INC,NORTH-EAST,40,5,29,0.4,12.5,22
Uttar_Pradesh,2012,16,INC,ROHILKHAND,43,2,28,0.31,4.65,33
Uttar_Pradesh,2012,16,INC,WEST,24,5,4,1.44,20.83,14
Uttar_Pradesh,2012,16,IND,AVADH,410,2,408,0.2,0.49,39
Uttar_Pradesh,2012,16,IND,BUNDELKHAND,86,0,86,0,0.0,212
Uttar_Pradesh,2012,16,IND,DOAB,431,1,428,0,0.23,40
Uttar_Pradesh,2012,16,IND,EAST,224,3,220,0.04,1.34,38
Uttar_Pradesh,2012,16,IND,NORTH-EAST,226,0,225,0,0.0,213
Uttar_Pradesh,2012,16,IND,ROHILKHAND,138,0,138,0,0.0,214
Uttar_Pradesh,2012,16,IND,WEST,176,0,176,0,0.0,215
Uttar_Pradesh,2012,16,INL,AVADH,1,0,1,0,0.0,216
Uttar_Pradesh,2012,16,INL,DOAB,1,0,1,0,0.0,217
Uttar_Pradesh,2012,16,IOP,DOAB,8,0,8,0,0.0,218
Uttar_Pradesh,2012,16,IOP,EAST,1,0,1,0,0.0,219
Uttar_Pradesh,2012,16,IOP,NORTH-EAST,1,0,1,0,0.0,220
Uttar_Pradesh,2012,16,IOP,ROHILKHAND,5,0,5,0,0.0,221
Uttar_Pradesh,2012,16,IPP,BUNDELKHAND,2,0,2,0,0.0,222
Uttar_Pradesh,2012,16,IPP,DOAB,1,0,1,0,0.0,223
Uttar_Pradesh,2012,16,IUML,AVADH,1,0,1,0,0.0,224
Uttar_Pradesh,2012,16,IUML,DOAB,1,0,1,0,0.0,225
Uttar_Pradesh,2012,16,IUML,ROHILKHAND,1,0,1,0,0.0,226
Uttar_Pradesh,2012,16,IVD,ROHILKHAND,2,0,2,0,0.0,227
Uttar_Pradesh,2012,16,JASP,DOAB,2,0,2,0,0.0,228
Uttar_Pradesh,2012,16,JASP,WEST,1,0,1,0,0.0,229
Uttar_Pradesh,2012,16,JBSP,DOAB,2,0,2,0,0.0,230
Uttar_Pradesh,2012,16,JBSP,EAST,2,0,2,0,0.0,231
Uttar_Pradesh,2012,16,JD,NORTH-EAST,3,0,3,0,0.0,232
Uttar_Pradesh,2012,16,JD(S),AVADH,4,0,4,0,0.0,233
Uttar_Pradesh,2012,16,JD(S),DOAB,4,0,4,0,0.0,234
Uttar_Pradesh,2012,16,JD(S),NORTH-EAST,2,0,2,0,0.0,235
Uttar_Pradesh,2012,16,JD(U),AVADH,44,0,44,0,0.0,236
Uttar_Pradesh,2012,16,JD(U),BUNDELKHAND,9,0,9,0,0.0,237
Uttar_Pradesh,2012,16,JD(U),DOAB,43,0,43,0,0.0,238
Uttar_Pradesh,2012,16,JD(U),EAST,42,0,42,0,0.0,239
Uttar_Pradesh,2012,16,JD(U),NORTH-EAST,32,0,32,0,0.0,240
Uttar_Pradesh,2012,16,JD(U),ROHILKHAND,23,0,23,0,0.0,241
Uttar_Pradesh,2012,16,JD(U),WEST,26,0,26,0,0.0,242
Uttar_Pradesh,2012,16,JKM,DOAB,2,0,2,0,0.0,243
Uttar_Pradesh,2012,16,JKM,ROHILKHAND,3,0,3,0,0.0,244
Uttar_Pradesh,2012,16,JKNPP,WEST,4,0,4,0,0.0,245
Uttar_Pradesh,2012,16,JKiP,NORTH-EAST,1,0,1,0,0.0,246
Uttar_Pradesh,2012,16,JLKP,WEST,1,0,1,0,0.0,247
Uttar_Pradesh,2012,16,JMBP,NORTH-EAST,3,0,3,0,0.0,248
Uttar_Pradesh,2012,16,JMBP,WEST,1,0,1,0,0.0,249
Uttar_Pradesh,2012,16,JMM,AVADH,1,0,1,0,0.0,250
Uttar_Pradesh,2012,16,JMM,EAST,4,0,4,0,0.0,251
Uttar_Pradesh,2012,16,JND,AVADH,1,0,1,0,0.0,252
Uttar_Pradesh,2012,16,JPS,AVADH,14,0,14,0,0.0,253
Uttar_Pradesh,2012,16,JPS,DOAB,8,0,8,0,0.0,254
Uttar_Pradesh,2012,16,JPS,EAST,10,0,10,0,0.0,255
Uttar_Pradesh,2012,16,JPS,NORTH-EAST,2,0,2,0,0.0,256
Uttar_Pradesh,2012,16,JPS,ROHILKHAND,1,0,1,0,0.0,257
Uttar_Pradesh,2012,16,JSMP,ROHILKHAND,1,0,1,0,0.0,258
Uttar_Pradesh,2012,16,JSP,ROHILKHAND,1,0,1,0,0.0,259
Uttar_Pradesh,2012,16,JSP,WEST,1,0,1,0,0.0,260
Uttar_Pradesh,2012,16,JaBhP,AVADH,3,0,3,0,0.0,261
Uttar_Pradesh,2012,16,JaBhP,EAST,2,0,2,0,0.0,262
Uttar_Pradesh,2012,16,JaKP,AVADH,61,0,60,0,0.0,263
Uttar_Pradesh,2012,16,JaKP,BUNDELKHAND,8,0,8,0,0.0,264
Uttar_Pradesh,2012,16,JaKP,DOAB,57,0,51,0,0.0,265
Uttar_Pradesh,2012,16,JaKP,EAST,16,0,16,0,0.0,266
Uttar_Pradesh,2012,16,JaKP,NORTH-EAST,13,0,13,0,0.0,267
Uttar_Pradesh,2012,16,JaKP,ROHILKHAND,35,0,35,0,0.0,268
Uttar_Pradesh,2012,16,JaKP,WEST,18,0,15,0,0.0,269
Uttar_Pradesh,2012,16,JaRaP,DOAB,4,0,4,0,0.0,270
Uttar_Pradesh,2012,16,JaSD,ROHILKHAND,2,0,2,0,0.0,271
Uttar_Pradesh,2012,16,JaVM,AVADH,1,0,1,0,0.0,272
Uttar_Pradesh,2012,16,KMBS,DOAB,2,0,2,0,0.0,273
Uttar_Pradesh,2012,16,KSJP,ROHILKHAND,3,0,3,0,0.0,274
Uttar_Pradesh,2012,16,KiRP,AVADH,1,0,1,0,0.0,275
Uttar_Pradesh,2012,16,KiS,DOAB,5,0,5,0,0.0,276
Uttar_Pradesh,2012,16,KiS,EAST,2,0,2,0,0.0,277
Uttar_Pradesh,2012,16,KiS,NORTH-EAST,6,0,6,0,0.0,278
Uttar_Pradesh,2012,16,KiS,ROHILKHAND,2,0,2,0,0.0,279
Uttar_Pradesh,2012,16,KrSaP,AVADH,3,0,3,0,0.0,280
Uttar_Pradesh,2012,16,KrSaP,DOAB,1,0,1,0,0.0,281
Uttar_Pradesh,2012,16,KrSaP,EAST,4,0,4,0,0.0,282
Uttar_Pradesh,2012,16,KrSaP,NORTH-EAST,1,0,1,0,0.0,283
Uttar_Pradesh,2012,16,KrSaP,ROHILKHAND,1,0,1,0,0.0,284
Uttar_Pradesh,2012,16,LD,AVADH,14,0,14,0,0.0,285
Uttar_Pradesh,2012,16,LD,BUNDELKHAND,1,0,1,0,0.0,286
Uttar_Pradesh,2012,16,LD,DOAB,28,0,28,0,0.0,287
Uttar_Pradesh,2012,16,LD,EAST,9,0,9,0,0.0,288
Uttar_Pradesh,2012,16,LD,NORTH-EAST,18,0,18,0,0.0,289
Uttar_Pradesh,2012,16,LD,ROHILKHAND,7,0,7,0,0.0,290
Uttar_Pradesh,2012,16,LD,WEST,13,0,13,0,0.0,291
Uttar_Pradesh,2012,16,LJP,AVADH,52,0,52,0,0.0,292
Uttar_Pradesh,2012,16,LJP,BUNDELKHAND,11,0,11,0,0.0,293
Uttar_Pradesh,2012,16,LJP,DOAB,51,0,51,0,0.0,294
Uttar_Pradesh,2012,16,LJP,EAST,42,0,42,0,0.0,295
Uttar_Pradesh,2012,16,LJP,NORTH-EAST,23,0,23,0,0.0,296
Uttar_Pradesh,2012,16,LJP,ROHILKHAND,17,0,17,0,0.0,297
Uttar_Pradesh,2012,16,LJP,WEST,16,0,16,0,0.0,298
Uttar_Pradesh,2012,16,LP(S),DOAB,2,0,2,0,0.0,299
Uttar_Pradesh,2012,16,LPI(V),ROHILKHAND,2,0,2,0,0.0,300
Uttar_Pradesh,2012,16,LPSP,AVADH,1,0,1,0,0.0,301
Uttar_Pradesh,2012,16,LPSP,DOAB,1,0,1,0,0.0,302
Uttar_Pradesh,2012,16,LPSP,EAST,6,0,6,0,0.0,303
Uttar_Pradesh,2012,16,LPSP,NORTH-EAST,4,0,4,0,0.0,304
Uttar_Pradesh,2012,16,LPSP,ROHILKHAND,2,0,2,0,0.0,305
Uttar_Pradesh,2012,16,LSP,WEST,1,0,1,0,0.0,306
Uttar_Pradesh,2012,16,LSWP,DOAB,1,0,1,0,0.0,307
Uttar_Pradesh,2012,16,MADP,AVADH,12,0,12,0,0.0,308
Uttar_Pradesh,2012,16,MADP,DOAB,2,0,2,0,0.0,309
Uttar_Pradesh,2012,16,MADP,NORTH-EAST,1,0,1,0,0.0,310
Uttar_Pradesh,2012,16,MADP,ROHILKHAND,2,0,2,0,0.0,311
Uttar_Pradesh,2012,16,MBCOI,AVADH,5,0,5,0,0.0,312
Uttar_Pradesh,2012,16,MC,AVADH,2,0,2,0,0.0,313
Uttar_Pradesh,2012,16,MD,AVADH,6,0,6,0,0.0,314
Uttar_Pradesh,2012,16,MD,BUNDELKHAND,5,0,5,0,0.0,315
Uttar_Pradesh,2012,16,MD,DOAB,24,0,24,0,0.0,316
Uttar_Pradesh,2012,16,MD,EAST,5,0,5,0,0.0,317
Uttar_Pradesh,2012,16,MD,ROHILKHAND,26,0,23,0,0.0,318
Uttar_Pradesh,2012,16,MD,WEST,8,0,8,0,0.0,319
Uttar_Pradesh,2012,16,MKUP,ROHILKHAND,3,0,3,0,0.0,320
Uttar_Pradesh,2012,16,MKUP,WEST,7,0,7,0,0.0,321
Uttar_Pradesh,2012,16,MMUP,NORTH-EAST,2,0,2,0,0.0,322
Uttar_Pradesh,2012,16,MNDP,ROHILKHAND,1,0,1,0,0.0,323
Uttar_Pradesh,2012,16,MOP,NORTH-EAST,2,0,2,0,0.0,324
Uttar_Pradesh,2012,16,MOSP,EAST,1,0,1,0,0.0,325
Uttar_Pradesh,2012,16,MSP,EAST,1,0,1,0,0.0,326
Uttar_Pradesh,2012,16,MUL,DOAB,4,0,4,0,0.0,327
Uttar_Pradesh,2012,16,MUL,ROHILKHAND,4,0,4,0,0.0,328
Uttar_Pradesh,2012,16,MUL,WEST,1,0,1,0,0.0,329
Uttar_Pradesh,2012,16,MaJP,EAST,1,0,1,0,0.0,330
Uttar_Pradesh,2012,16,MeyP,AVADH,2,0,2,0,0.0,331
Uttar_Pradesh,2012,16,MeyP,NORTH-EAST,3,0,3,0,0.0,332
Uttar_Pradesh,2012,16,MwSP,AVADH,29,0,29,0,0.0,333
Uttar_Pradesh,2012,16,MwSP,EAST,2,0,2,0,0.0,334
Uttar_Pradesh,2012,16,NAP,AVADH,14,0,14,0,0.0,335
Uttar_Pradesh,2012,16,NAP,DOAB,3,0,3,0,0.0,336
Uttar_Pradesh,2012,16,NAP,EAST,1,0,1,0,0.0,337
Uttar_Pradesh,2012,16,NAP,NORTH-EAST,1,0,1,0,0.0,338
Uttar_Pradesh,2012,16,NBEP,EAST,3,0,3,0,0.0,339
Uttar_Pradesh,2012,16,NBEP,ROHILKHAND,1,0,1,0,0.0,340
Uttar_Pradesh,2012,16,NBEP,WEST,2,0,2,0,0.0,341
Uttar_Pradesh,2012,16,NCP,AVADH,37,0,37,0,0.0,342
Uttar_Pradesh,2012,16,NCP,BUNDELKHAND,4,0,4,0,0.0,343
Uttar_Pradesh,2012,16,NCP,DOAB,25,0,25,0,0.0,344
Uttar_Pradesh,2012,16,NCP,EAST,19,0,19,0,0.0,345
Uttar_Pradesh,2012,16,NCP,NORTH-EAST,21,1,20,0.22,4.76,32
Uttar_Pradesh,2012,16,NCP,ROHILKHAND,9,0,9,0,0.0,346
Uttar_Pradesh,2012,16,NCP,WEST,12,0,12,0,0.0,347
Uttar_Pradesh,2012,16,NDPF,AVADH,1,0,1,0,0.0,348
Uttar_Pradesh,2012,16,NJC,AVADH,1,0,1,0,0.0,349
Uttar_Pradesh,2012,16,NLP,AVADH,7,0,7,0,0.0,350
Uttar_Pradesh,2012,16,NLP,BUNDELKHAND,6,0,6,0,0.0,351
Uttar_Pradesh,2012,16,NLP,DOAB,11,0,11,0,0.0,352
Uttar_Pradesh,2012,16,NLP,EAST,3,0,3,0,0.0,353
Uttar_Pradesh,2012,16,NLP,NORTH-EAST,5,0,5,0,0.0,354
Uttar_Pradesh,2012,16,NLP,ROHILKHAND,5,0,5,0,0.0,355
Uttar_Pradesh,2012,16,NLP,WEST,9,0,9,0,0.0,356
Uttar_Pradesh,2012,16,NNP,AVADH,2,0,2,0,0.0,357
Uttar_Pradesh,2012,16,NNP,ROHILKHAND,3,0,3,0,0.0,358
Uttar_Pradesh,2012,16,NNP,WEST,4,0,4,0,0.0,359
Uttar_Pradesh,2012,16,NP,ROHILKHAND,2,0,2,0,0.0,360
Uttar_Pradesh,2012,16,NRSN,AVADH,1,0,1,0,0.0,361
Uttar_Pradesh,2012,16,NSCBRP,AVADH,1,0,1,0,0.0,362
Uttar_Pradesh,2012,16,NSCBRP,ROHILKHAND,1,0,1,0,0.0,363
Uttar_Pradesh,2012,16,NYP,AVADH,4,0,4,0,0.0,364
Uttar_Pradesh,2012,16,NYP,EAST,2,0,2,0,0.0,365
Uttar_Pradesh,2012,16,NYP,WEST,2,0,2,0,0.0,366
Uttar_Pradesh,2012,16,PAP,AVADH,1,0,1,0,0.0,367
Uttar_Pradesh,2012,16,PBSD,AVADH,3,0,3,0,0.0,368
Uttar_Pradesh,2012,16,PBSD,DOAB,2,0,2,0,0.0,369
Uttar_Pradesh,2012,16,PBSD,ROHILKHAND,3,0,3,0,0.0,370
Uttar_Pradesh,2012,16,PECP,AVADH,65,2,57,0.25,3.08,35
Uttar_Pradesh,2012,16,PECP,BUNDELKHAND,2,0,2,0,0.0,371
Uttar_Pradesh,2012,16,PECP,DOAB,21,0,21,0,0.0,372
Uttar_Pradesh,2012,16,PECP,EAST,9,0,9,0,0.0,373
Uttar_Pradesh,2012,16,PECP,NORTH-EAST,36,1,32,0.07,2.78,36
Uttar_Pradesh,2012,16,PECP,ROHILKHAND,38,1,36,0.02,2.63,37
Uttar_Pradesh,2012,16,PECP,WEST,37,0,36,0,0.0,374
Uttar_Pradesh,2012,16,PHSP,ROHILKHAND,2,0,2,0,0.0,375
Uttar_Pradesh,2012,16,PMSP,AVADH,5,0,5,0,0.0,376
Uttar_Pradesh,2012,16,PMSP,BUNDELKHAND,1,0,1,0,0.0,377
Uttar_Pradesh,2012,16,PMSP,DOAB,6,0,5,0,0.0,378
Uttar_Pradesh,2012,16,PMSP,EAST,25,0,24,0,0.0,379
Uttar_Pradesh,2012,16,PRBD,NORTH-EAST,1,0,1,0,0.0,380
Uttar_Pradesh,2012,16,PSJP,BUNDELKHAND,1,0,1,0,0.0,381
Uttar_Pradesh,2012,16,PSJP,DOAB,3,0,3,0,0.0,382
Uttar_Pradesh,2012,16,PSS,EAST,1,0,1,0,0.0,383
Uttar_Pradesh,2012,16,PaPOI,AVADH,2,0,2,0,0.0,384
Uttar_Pradesh,2012,16,PrDP,WEST,1,0,1,0,0.0,385
Uttar_Pradesh,2012,16,QED,AVADH,8,0,8,0,0.0,386
Uttar_Pradesh,2012,16,QED,DOAB,5,0,5,0,0.0,387
Uttar_Pradesh,2012,16,QED,EAST,28,2,22,0.22,7.14,26
Uttar_Pradesh,2012,16,QED,NORTH-EAST,1,0,1,0,0.0,388
Uttar_Pradesh,2012,16,QED,ROHILKHAND,1,0,1,0,0.0,389
Uttar_Pradesh,2012,16,RAJP,WEST,4,0,4,0,0.0,390
Uttar_Pradesh,2012,16,RAJUP,DOAB,3,0,3,0,0.0,391
Uttar_Pradesh,2012,16,RALP,AVADH,1,0,1,0,0.0,392
Uttar_Pradesh,2012,16,RALP,BUNDELKHAND,1,0,1,0,0.0,393
Uttar_Pradesh,2012,16,RALP,DOAB,4,0,4,0,0.0,394
Uttar_Pradesh,2012,16,RBHP,AVADH,1,0,1,0,0.0,395
Uttar_Pradesh,2012,16,RBP,DOAB,3,0,3,0,0.0,396
Uttar_Pradesh,2012,16,RCP,AVADH,9,0,8,0,0.0,397
Uttar_Pradesh,2012,16,RDHP,DOAB,1,0,1,0,0.0,398
Uttar_Pradesh,2012,16,RGOP,EAST,4,0,4,0,0.0,399
Uttar_Pradesh,2012,16,RJAP,WEST,1,0,1,0,0.0,400
Uttar_Pradesh,2012,16,RJD,AVADH,1,0,1,0,0.0,401
Uttar_Pradesh,2012,16,RJD,BUNDELKHAND,1,0,1,0,0.0,402
Uttar_Pradesh,2012,16,RJD,DOAB,1,0,1,0,0.0,403
Uttar_Pradesh,2012,16,RJD,NORTH-EAST,1,0,1,0,0.0,404
Uttar_Pradesh,2012,16,RJPK,AVADH,2,0,2,0,0.0,405
Uttar_Pradesh,2012,16,RJPK,DOAB,7,0,7,0,0.0,406
Uttar_Pradesh,2012,16,RJPK,EAST,5,0,5,0,0.0,407
Uttar_Pradesh,2012,16,RJPK,NORTH-EAST,5,0,5,0,0.0,408
Uttar_Pradesh,2012,16,RJSWP,WEST,12,0,12,0,0.0,409
Uttar_Pradesh,2012,16,RJTP,AVADH,3,0,3,0,0.0,410
Uttar_Pradesh,2012,16,RJTP,NORTH-EAST,1,0,1,0,0.0,411
Uttar_Pradesh,2012,16,RJTP,ROHILKHAND,1,0,1,0,0.0,412
Uttar_Pradesh,2012,16,RJTP,WEST,1,0,1,0,0.0,413
Uttar_Pradesh,2012,16,RKSP,AVADH,1,0,1,0,0.0,414
Uttar_Pradesh,2012,16,RKSP,BUNDELKHAND,1,0,1,0,0.0,415
Uttar_Pradesh,2012,16,RKSP,DOAB,5,0,5,0,0.0,416
Uttar_Pradesh,2012,16,RKSP,EAST,5,0,5,0,0.0,417
Uttar_Pradesh,2012,16,RKSP,NORTH-EAST,2,0,2,0,0.0,418
Uttar_Pradesh,2012,16,RKSP,ROHILKHAND,1,0,1,0,0.0,419
Uttar_Pradesh,2012,16,RKSP,WEST,1,0,1,0,0.0,420
Uttar_Pradesh,2012,16,RLD,AVADH,1,0,0,0,0.0,421
Uttar_Pradesh,2012,16,RLD,DOAB,14,6,5,4.44,42.86,6
Uttar_Pradesh,2012,16,RLD,EAST,2,0,2,0,0.0,422
Uttar_Pradesh,2012,16,RLD,ROHILKHAND,10,0,7,0,0.0,423
Uttar_Pradesh,2012,16,RLD,WEST,19,3,5,1.38,15.79,19
Uttar_Pradesh,2012,16,RLM,AVADH,88,0,88,0,0.0,424
Uttar_Pradesh,2012,16,RLM,BUNDELKHAND,16,0,16,0,0.0,425
Uttar_Pradesh,2012,16,RLM,DOAB,80,0,80,0,0.0,426
Uttar_Pradesh,2012,16,RLM,EAST,60,0,60,0,0.0,427
Uttar_Pradesh,2012,16,RLM,NORTH-EAST,33,0,33,0,0.0,428
Uttar_Pradesh,2012,16,RLM,ROHILKHAND,51,0,51,0,0.0,429
Uttar_Pradesh,2012,16,RLM,WEST,34,0,34,0,0.0,430
Uttar_Pradesh,2012,16,RLNP,AVADH,1,0,1,0,0.0,431
Uttar_Pradesh,2012,16,RLNP,ROHILKHAND,26,0,26,0,0.0,432
Uttar_Pradesh,2012,16,RLNP,WEST,5,0,5,0,0.0,433
Uttar_Pradesh,2012,16,RMD,DOAB,3,0,3,0,0.0,434
Uttar_Pradesh,2012,16,RMD,ROHILKHAND,10,0,10,0,0.0,435
Uttar_Pradesh,2012,16,RMD,WEST,4,0,4,0,0.0,436
Uttar_Pradesh,2012,16,RMGP,DOAB,8,0,8,0,0.0,437
Uttar_Pradesh,2012,16,RMGP,NORTH-EAST,3,0,3,0,0.0,438
Uttar_Pradesh,2012,16,RMGP,WEST,2,0,2,0,0.0,439
Uttar_Pradesh,2012,16,RPD,AVADH,1,0,1,0,0.0,440
Uttar_Pradesh,2012,16,RPD,DOAB,6,0,6,0,0.0,441
Uttar_Pradesh,2012,16,RPD,NORTH-EAST,6,0,6,0,0.0,442
Uttar_Pradesh,2012,16,RPD,ROHILKHAND,15,0,14,0,0.0,443
Uttar_Pradesh,2012,16,RPD,WEST,5,0,5,0,0.0,444
Uttar_Pradesh,2012,16,RPI,AVADH,4,0,4,0,0.0,445
Uttar_Pradesh,2012,16,RPI,DOAB,1,0,1,0,0.0,446
Uttar_Pradesh,2012,16,RPI,EAST,2,0,2,0,0.0,447
Uttar_Pradesh,2012,16,RPI,NORTH-EAST,3,0,3,0,0.0,448
Uttar_Pradesh,2012,16,RPI(A),AVADH,20,0,20,0,0.0,449
Uttar_Pradesh,2012,16,RPI(A),BUNDELKHAND,3,0,3,0,0.0,450
Uttar_Pradesh,2012,16,RPI(A),DOAB,6,0,6,0,0.0,451
Uttar_Pradesh,2012,16,RPI(A),EAST,8,0,8,0,0.0,452
Uttar_Pradesh,2012,16,RPI(A),NORTH-EAST,6,0,6,0,0.0,453
Uttar_Pradesh,2012,16,RPI(A),ROHILKHAND,6,0,6,0,0.0,454
Uttar_Pradesh,2012,16,RPI(A),WEST,4,0,4,0,0.0,455
Uttar_Pradesh,2012,16,RPI(D),DOAB,2,0,2,0,0.0,456
Uttar_Pradesh,2012,16,RSBP,AVADH,31,0,28,0,0.0,457
Uttar_Pradesh,2012,16,RSBP,DOAB,14,0,14,0,0.0,458
Uttar_Pradesh,2012,16,RSBP,EAST,4,0,4,0,0.0,459
Uttar_Pradesh,2012,16,RSBP,NORTH-EAST,2,0,2,0,0.0,460
Uttar_Pradesh,2012,16,RSBP,ROHILKHAND,6,0,6,0,0.0,461
Uttar_Pradesh,2012,16,RSBP,WEST,5,0,5,0,0.0,462
Uttar_Pradesh,2012,16,RSD,DOAB,4,0,4,0,0.0,463
Uttar_Pradesh,2012,16,RSMD,AVADH,1,0,1,0,0.0,464
Uttar_Pradesh,2012,16,RSMD,BUNDELKHAND,6,0,6,0,0.0,465
Uttar_Pradesh,2012,16,RSMD,DOAB,21,0,21,0,0.0,466
Uttar_Pradesh,2012,16,RSMD,EAST,8,0,8,0,0.0,467
Uttar_Pradesh,2012,16,RSMD,NORTH-EAST,5,0,5,0,0.0,468
Uttar_Pradesh,2012,16,RSMD,ROHILKHAND,3,0,3,0,0.0,469
Uttar_Pradesh,2012,16,RSPS,DOAB,2,0,2,0,0.0,470
Uttar_Pradesh,2012,16,RSUPRP,DOAB,1,0,1,0,0.0,471
Uttar_Pradesh,2012,16,RSVC,EAST,1,0,1,0,0.0,472
Uttar_Pradesh,2012,16,RUC,AVADH,17,0,17,0,0.0,473
Uttar_Pradesh,2012,16,RUC,BUNDELKHAND,3,0,3,0,0.0,474
Uttar_Pradesh,2012,16,RUC,DOAB,9,0,9,0,0.0,475
Uttar_Pradesh,2012,16,RUC,EAST,26,0,25,0,0.0,476
Uttar_Pradesh,2012,16,RUC,NORTH-EAST,3,0,3,0,0.0,477
Uttar_Pradesh,2012,16,RUC,ROHILKHAND,2,0,2,0,0.0,478
Uttar_Pradesh,2012,16,RUC,WEST,4,0,4,0,0.0,479
Uttar_Pradesh,2012,16,RVLP,AVADH,1,0,1,0,0.0,480
Uttar_Pradesh,2012,16,RVLP,BUNDELKHAND,9,0,9,0,0.0,481
Uttar_Pradesh,2012,16,RVLP,DOAB,5,0,5,0,0.0,482
Uttar_Pradesh,2012,16,RVLP,EAST,2,0,2,0,0.0,483
Uttar_Pradesh,2012,16,RVLP,ROHILKHAND,2,0,2,0,0.0,484
Uttar_Pradesh,2012,16,RVLP,WEST,1,0,1,0,0.0,485
Uttar_Pradesh,2012,16,RVNP,AVADH,1,0,1,0,0.0,486
Uttar_Pradesh,2012,16,RVNP,NORTH-EAST,1,0,1,0,0.0,487
Uttar_Pradesh,2012,16,RWSP,DOAB,2,0,2,0,0.0,488
Uttar_Pradesh,2012,16,RaAD,EAST,1,0,1,0,0.0,489
Uttar_Pradesh,2012,16,RaIP,AVADH,4,0,4,0,0.0,490
Uttar_Pradesh,2012,16,RaMSP,AVADH,2,0,2,0,0.0,491
Uttar_Pradesh,2012,16,RaMSP,DOAB,2,0,2,0,0.0,492
Uttar_Pradesh,2012,16,RaNP,AVADH,3,0,3,0,0.0,493
Uttar_Pradesh,2012,16,RaNP,DOAB,2,0,2,0,0.0,494
Uttar_Pradesh,2012,16,RaNP,ROHILKHAND,6,0,6,0,0.0,495
Uttar_Pradesh,2012,16,RaNP,WEST,2,0,2,0,0.0,496
Uttar_Pradesh,2012,16,RsAD,AVADH,2,0,2,0,0.0,497
Uttar_Pradesh,2012,16,RsAD,BUNDELKHAND,1,0,1,0,0.0,498
Uttar_Pradesh,2012,16,RsAD,DOAB,5,0,5,0,0.0,499
Uttar_Pradesh,2012,16,RsAD,NORTH-EAST,1,0,1,0,0.0,500
Uttar_Pradesh,2012,16,RtJP,AVADH,2,0,2,0,0.0,501
Uttar_Pradesh,2012,16,RtJP,WEST,1,0,1,0,0.0,502
Uttar_Pradesh,2012,16,RtrJP,DOAB,1,0,1,0,0.0,503
Uttar_Pradesh,2012,16,RtrJP,WEST,3,0,3,0,0.0,504
Uttar_Pradesh,2012,16,SBSP,AVADH,5,0,5,0,0.0,505
Uttar_Pradesh,2012,16,SBSP,EAST,22,0,18,0,0.0,506
Uttar_Pradesh,2012,16,SBSP,NORTH-EAST,25,0,25,0,0.0,507
Uttar_Pradesh,2012,16,SDPI,BUNDELKHAND,1,0,1,0,0.0,508
Uttar_Pradesh,2012,16,SDPI,DOAB,1,0,1,0,0.0,509
Uttar_Pradesh,2012,16,SDPI,NORTH-EAST,1,0,1,0,0.0,510
Uttar_Pradesh,2012,16,SDPI,ROHILKHAND,2,0,2,0,0.0,511
Uttar_Pradesh,2012,16,SDPI,WEST,1,0,1,0,0.0,512
Uttar_Pradesh,2012,16,SHS,AVADH,6,0,6,0,0.0,513
Uttar_Pradesh,2012,16,SHS,DOAB,9,0,9,0,0.0,514
Uttar_Pradesh,2012,16,SHS,EAST,1,0,1,0,0.0,515
Uttar_Pradesh,2012,16,SHS,NORTH-EAST,2,0,2,0,0.0,516
Uttar_Pradesh,2012,16,SHS,ROHILKHAND,5,0,5,0,0.0,517
Uttar_Pradesh,2012,16,SHS,WEST,8,0,8,0,0.0,518
Uttar_Pradesh,2012,16,SHSP,AVADH,1,0,1,0,0.0,519
Uttar_Pradesh,2012,16,SHSP,NORTH-EAST,1,0,1,0,0.0,520
Uttar_Pradesh,2012,16,SJP(R),AVADH,6,0,6,0,0.0,521
Uttar_Pradesh,2012,16,SJP(R),BUNDELKHAND,1,0,1,0,0.0,522
Uttar_Pradesh,2012,16,SJP(R),DOAB,2,0,2,0,0.0,523
Uttar_Pradesh,2012,16,SJP(R),EAST,1,0,1,0,0.0,524
Uttar_Pradesh,2012,16,SJP(R),WEST,4,0,4,0,0.0,525
Uttar_Pradesh,2012,16,SM,EAST,2,0,2,0,0.0,526
Uttar_Pradesh,2012,16,SMBHP,AVADH,2,0,2,0,0.0,527
Uttar_Pradesh,2012,16,SMBHP,EAST,2,0,2,0,0.0,528
Uttar_Pradesh,2012,16,SNP,DOAB,1,0,1,0,0.0,529
Uttar_Pradesh,2012,16,SP,AVADH,97,74,4,6.57,76.29,1
Uttar_Pradesh,2012,16,SP,BUNDELKHAND,19,5,1,1.21,26.32,9
Uttar_Pradesh,2012,16,SP,DOAB,88,49,17,5.53,55.68,4
Uttar_Pradesh,2012,16,SP,EAST,61,39,5,5.97,63.93,2
Uttar_Pradesh,2012,16,SP,NORTH-EAST,40,18,5,4.63,45.0,5
Uttar_Pradesh,2012,16,SP,ROHILKHAND,52,29,6,5.25,55.77,3
Uttar_Pradesh,2012,16,SP,WEST,44,10,15,1.08,22.73,11
Uttar_Pradesh,2012,16,SP(I),AVADH,9,0,9,0,0.0,530
Uttar_Pradesh,2012,16,SP(I),NORTH-EAST,1,0,1,0,0.0,531
Uttar_Pradesh,2012,16,SP(I),ROHILKHAND,2,0,2,0,0.0,532
Uttar_Pradesh,2012,16,SPYSCB,NORTH-EAST,1,0,1,0,0.0,533
Uttar_Pradesh,2012,16,SSAD,ROHILKHAND,2,0,2,0,0.0,534
Uttar_Pradesh,2012,16,SSCP,EAST,1,0,1,0,0.0,535
Uttar_Pradesh,2012,16,SSCP,NORTH-EAST,1,0,1,0,0.0,536
Uttar_Pradesh,2012,16,SSD,AVADH,11,0,11,0,0.0,537
Uttar_Pradesh,2012,16,SSD,DOAB,5,0,5,0,0.0,538
Uttar_Pradesh,2012,16,SSD,EAST,8,0,8,0,0.0,539
Uttar_Pradesh,2012,16,SSD,NORTH-EAST,14,0,14,0,0.0,540
Uttar_Pradesh,2012,16,SSD,ROHILKHAND,10,0,10,0,0.0,541
Uttar_Pradesh,2012,16,SUCI,AVADH,1,0,1,0,0.0,542
Uttar_Pradesh,2012,16,SUCI,DOAB,1,0,1,0,0.0,543
Uttar_Pradesh,2012,16,SUCI,EAST,3,0,3,0,0.0,544
Uttar_Pradesh,2012,16,SUCI,ROHILKHAND,2,0,2,0,0.0,545
Uttar_Pradesh,2012,16,SWD,NORTH-EAST,1,0,1,0,0.0,546
Uttar_Pradesh,2012,16,SWJP,EAST,1,0,1,0,0.0,547
Uttar_Pradesh,2012,16,SWJP,NORTH-EAST,1,0,1,0,0.0,548
Uttar_Pradesh,2012,16,SWPI,AVADH,1,0,1,0,0.0,549
Uttar_Pradesh,2012,16,SaPP,EAST,1,0,1,0,0.0,550
Uttar_Pradesh,2012,16,SwrJP,EAST,5,0,5,0,0.0,551
Uttar_Pradesh,2012,16,UKDP,ROHILKHAND,2,0,2,0,0.0,552
Uttar_Pradesh,2012,16,UKDP,WEST,1,0,1,0,0.0,553
Uttar_Pradesh,2012,16,UPRP,BUNDELKHAND,1,0,1,0,0.0,554
Uttar_Pradesh,2012,16,UPRP,DOAB,2,0,2,0,0.0,555
Uttar_Pradesh,2012,16,VAJP,AVADH,1,0,1,0,0.0,556
Uttar_Pradesh,2012,16,VAJP,BUNDELKHAND,2,0,2,0,0.0,557
Uttar_Pradesh,2012,16,VAJP,DOAB,2,0,2,0,0.0,558
Uttar_Pradesh,2012,16,VAJP,EAST,2,0,2,0,0.0,559
Uttar_Pradesh,2012,16,VAJP,ROHILKHAND,9,0,9,0,0.0,560
Uttar_Pradesh,2012,16,VAJP,WEST,12,0,12,0,0.0,561
Uttar_Pradesh,2012,16,VIP,AVADH,2,0,2,0,0.0,562
Uttar_Pradesh,2012,16,VIP,DOAB,12,0,12,0,0.0,563
Uttar_Pradesh,2012,16,VIP,NORTH-EAST,1,0,1,0,0.0,564
Uttar_Pradesh,2012,16,VIP,ROHILKHAND,5,0,5,0,0.0,565
Uttar_Pradesh,2012,16,VIP,WEST,4,0,4,0,0.0,566
Uttar_Pradesh,2012,16,VP,AVADH,1,0,1,0,0.0,567
Uttar_Pradesh,2012,16,VP,ROHILKHAND,1,0,1,0,0.0,568
Uttar_Pradesh,2012,16,VoP,BUNDELKHAND,1,0,1,0,0.0,569
Uttar_Pradesh,2012,16,VoP,DOAB,1,0,1,0,0.0,570
Uttar_Pradesh,2012,16,WPOI,DOAB,1,0,1,0,0.0,571
Uttar_Pradesh,2012,16,WPOI,ROHILKHAND,3,0,3,0,0.0,572
Uttar_Pradesh,2012,16,YVP,AVADH,1,0,1,0,0.0,573
Uttar_Pradesh,2012,16,YVP,DOAB,2,0,2,0,0.0,574
