State_Name,Assembly_No,Year,month,Constituency_No,Constituency_Name,Turnout_Percentage,Vote_Share_Percentage,Constituency_Type,Electors,N_Cand,Position,Sex,Party,Votes,Elected,Margin_Percentage,Runner,Runner_Party,Runner_Sex,Nota_Percentage,Last_Party,Last_Elected,Vote_Share_Change_pct,Turnout_Change_pct,Margin_Change_pct,Party_Change
Telangana,2,2018,12,1,SIRPUR,86.04,50.57,General,190934,12,1,Male,TRS,83088,KONERU KONAPPA,14.63,DR. PALVAI HARISH BABU,INC,M,0.96,BSP,KONERU KONAPPA,18.16,6.82,8.79,TRS
Telangana,2,2018,12,2,CHENNUR,82.62,53.06,SC,164194,14,1,Male,TRS,71980,BALKA SUMAN,20.74,VENKATESH NETHA BORLAKUNTA,INC,M,1.57,TRS,NALLALA ODELU,2.27,9.53,0.25,
Telangana,2,2018,12,3,BELLAMPALLE,83.39,43.16,SC,152903,13,1,Male,TRS,55026,DURGAM CHINNAIAH,8.84,GADDAM VINOD,BSP,M,2.04,TRS,DURGAM CHINNAIAH,-18.6,9.19,-35.13,
Telangana,2,2018,12,4,MANCHERIAL,73.45,45.2,General,226994,21,1,Male,TRS,75360,NADIPELLI DIWAKAR RAO,2.91,KOKKIRALA PREMSAGAR RAO,INC,M,0.84,TRS,DIWAKAR RAO NADIPELLI,-16.42,8.69,-35.45,
Telangana,2,2018,12,5,ASIFABAD,86.3,40.92,ST,186311,10,1,Male,INC,65788,ATHRAM SAKKU,0.11,KOVA LAXMI,TRS,F,1.69,TRS,KOVA LAXMI,0.57,9.33,-12.9,INC
Telangana,2,2018,12,6,KHANAPUR,80.98,44.12,ST,187893,12,1,Female,TRS,67138,AJMERA REKHA,13.61,RAMESH RATHOD,INC,M,1.82,TRS,AJMEERA REKHA,-5.21,7.69,-14.56,
Telangana,2,2018,12,7,ADILABAD,82.43,44.66,General,201138,14,1,Male,TRS,74050,JOGU RAMANNA,16.05,PAYAL SHANKER,BJP,M,0.69,TRS,JOGU RAMANNA,3.74,18.17,5.8,
Telangana,2,2018,12,8,BOATH,85.66,38.99,ST,182997,7,1,Male,TRS,61125,BAPU RAO RATHOD,4.14,BAPU RAO SOYAM,INC,M,1.45,TRS,RATHOD BAPURAO,-6.4,7.06,-15.35,
Telangana,2,2018,12,9,NIRMAL,79.84,46.21,General,216779,8,1,Male,TRS,79985,ALLOLA INDRAKARAN REDDY,5.36,ALLETI MAHESHWAR REDDY,INC,M,0.79,BSP,ALLOLLA INDRA KARAN REDDY,8.21,2.99,0.1,TRS
Telangana,2,2018,12,10,MUDHOLE,84.86,45.62,General,216784,12,1,Male,TRS,83933,GADDIGARI VITTAL REDDY,23.55,PADAKANTI RAMADEVI,BJP,F,1.23,INC,GADDIGARI VITTAL REDDY,6.74,6.88,14.44,TRS
Telangana,2,2018,12,11,ARMUR,79.12,51.37,General,177444,8,1,Male,TRS,72125,ASHANNAGARI JEEVAN REDDY,20.51,AKULA LALITHA,INC,F,1.18,TRS,ASHANNAGARI JEEVAN REDDY,1.63,4.82,10.23,
Telangana,2,2018,12,12,BODHAN,81.39,47.14,General,195187,11,1,Male,TRS,74895,SHAKIL AAMIR MOHAMMED,5.1,SUDARSHAN REDDY PODDUTURI,INC,M,1.17,TRS,SHAKIL,3.12,5.44,-5.27,
Telangana,2,2018,12,13,JUKKAL,85.61,51.2,SC,177001,7,1,Male,TRS,77584,HANMANTH SHINDE,23.51,GANGARAM SOUDAGAR,INC,M,1.3,TRS,HANMANTH SHINDE,-0.43,8.75,-1.64,
Telangana,2,2018,12,14,BANSWADA,84.17,53.46,General,173226,6,1,Male,TRS,77943,POCHARAM SRINIVAS REDDY (PARIGE),12.68,KASULA BALARAJU,INC,M,1.07,TRS,SRINIVAS REDDY PARIGE,5.78,7.2,-4.64,
Telangana,2,2018,12,15,YELLAREDDY,86.38,54.31,General,195048,8,1,Male,INC,91510,JAJALA SURENDER,20.86,EANUGU RAVINDER REDDY,TRS,M,1.32,TRS,EANUGU RAVINDER REDDY,9.53,7.06,5.67,INC
Telangana,2,2018,12,16,KAMAREDDY,78.87,42.02,General,205685,9,1,Male,TRS,68167,GAMPA GOVARDHAN,2.81,MOHD. ALI SHABBIR,INC,M,0.91,TRS,GAMPA GOVARDHAN,-3.51,6.82,-2.68,
Telangana,2,2018,12,17,NIZAMABAD (Urban),62.66,47.53,General,241424,21,1,Male,TRS,71896,BIGALA GANESH,17.08,TAHER BIN HAMDAN,INC,M,0.57,TRS,BIGALA GANESH,16.38,9.99,9.46,
Telangana,2,2018,12,18,NIZAMABAD (Rural),79.19,50.86,General,218421,12,1,Male,TRS,87976,BAJI REDDY GOVERDHAN,17.14,REKULAPALLY BHOOPATHI REDDY,INC,M,1.27,TRS,GOVERDHAN BAJI REDDY,4.34,6.68,1.33,
Telangana,2,2018,12,19,BALKONDA,79.72,47.57,General,194242,9,1,Male,TRS,73662,VEMULA PRASHANTH REDDY,20.93,SUNIL KUMAR MUTHYALA,BSP,M,1.22,TRS,VEMULA PRASHANTH REDDY,0.09,6.38,-3.96,
Telangana,2,2018,12,20,KORATLA,75.85,51.63,General,216038,12,1,Male,TRS,84605,KALVAKUNTLA VIDYASAGAR RAO,19.05,JUVVADI NARSINGA RAO,INC,M,1.48,TRS,KALVAKUNTLA VIDYA SAGAR RAO,12.53,6.88,5.38,
Telangana,2,2018,12,21,JAGTIAL,78.84,65.27,General,202590,11,1,Male,TRS,104247,M.SANJAY KUMAR,38.31,THATIPARTHI JEEVAN REDDY,INC,M,1.07,INC,JEEVAN REDDY THATIPARTHI,23.11,6.83,33.04,TRS
Telangana,2,2018,12,22,DHARMAPURI,80.22,42.58,SC,206622,11,1,Male,TRS,70579,ESHWAR KOPPULA,0.27,ADLURI LAXMAN KUMAR,INC,M,1.57,TRS,KOPPULA ESHWAR,-3.6,5.81,-12.45,
Telangana,2,2018,12,23,RAMAGUNDAM,72,45.1,General,189092,16,1,Male,AIFB,61400,KORUKANTI CHANDAR PATEL,19.41,SOMARAPU SATYANARAYANA,TRS,M,0.79,TRS,SOMARAPU SATYANARAYANA,19.1,10.13,17.74,AIFB
Telangana,2,2018,12,24,MANTHANI,85.45,50.41,General,206715,10,1,Male,INC,89045,DUDDILLA SRIDHAR BABU,9.19,PUTTA MADHUKAR,TRS,M,1.18,TRS,PUTTA MADHUKAR,1.03,4.49,-2.19,INC
Telangana,2,2018,12,25,PEDDAPALLE,84.14,44.33,General,221919,17,1,Male,TRS,82765,MANOHAR REDDY DASARI,4.53,CHINTHAKUNTA VIJAYA RAMANA RAO,INC,M,0.99,TRS,MANOHAR REDDY DASARI,-13,8.2,-32.82,
Telangana,2,2018,12,26,KARIMNAGAR,69.31,40.71,General,286993,25,1,Male,TRS,80983,GANGULA KAMALAKAR,7.53,BANDI SANJAY KUMAR,BJP,M,0.49,TRS,GANGULA KAMALAKAR,-0.21,10.82,-5.59,
Telangana,2,2018,12,27,CHOPPADANDI,79.6,53.79,SC,212727,13,1,Male,TRS,91090,RAVI SHANKAR SUNKE,24.88,MEDIPALLY SATHYAM,INC,M,1.31,TRS,BODIGA SHOBHA,-4.34,6.64,-11.92,
Telangana,2,2018,12,28,VEMULAWADA,80.63,54.1,General,192669,15,1,Male,TRS,84050,RAMESH CHENNAMANENI,18.14,SRINIVAS AADI,INC,M,1.11,TRS,RAMESH CHENNAMANENI,11.31,7.42,14.28,
Telangana,2,2018,12,29,SIRCILLA,80.9,70.89,General,218323,13,1,Male,TRS,125213,KALVAKUNTLA TARAKA RAMA RAO,50.39,KONDAM KARUNA MAHENDER REDDY,INC,M,1.31,TRS,K.TARAKARAMA RAO (KTR),12.53,7.28,16.82,
Telangana,2,2018,12,30,MANAKONDUR,85.39,51.47,SC,202497,13,1,Male,TRS,88997,BALAKISHAN RASAMAYI,18.22,AREPALLY MOHAN,INC,M,1.48,TRS,RASAMAI BALAKISHAN,-2.73,5.11,-11.7,
Telangana,2,2018,12,31,HUZURABAD,84.44,59.34,General,209224,10,1,Male,TRS,104840,EATALA RAJENDAR,24.75,KAUSHIK REDDY PADI,INC,M,1.62,TRS,EATALA RAJENDER,0.58,7.12,-10.41,
Telangana,2,2018,12,32,HUSNABAD,83.99,62.67,General,222431,15,1,Male,TRS,117083,SATISH KUMAR VODITELA,37.75,CHADHA VENKAT REDDY,CPI,M,1.89,TRS,VODITHELA SATHISH KUMAR,7.67,3.26,18.22,
Telangana,2,2018,12,33,SIDDIPET,79.8,78.59,General,209335,12,1,Male,TRS,131295,THANNEERU HARISH RAO,71.05,BHAVANI MARIKANTI,TJS,F,1.76,TRS,THANNEERU HARISH RAO,6.63,5.17,9.26,
Telangana,2,2018,12,34,MEDAK,86.31,57.84,General,195642,12,1,Female,TRS,97670,PADMA DEVENDER REDDY. M,28.42,AMMAREDDY GARI UPENDER REDDY,INC,M,1.34,TRS,M.PADMA DEVENDER REDDY,1.2,8.61,3.4,
Telangana,2,2018,12,35,NARAYANKHED,84.32,55,General,206030,10,1,Male,TRS,95550,MAHA REDDY BHUPAL REDDY,33.68,SURESH KUMAR SHETKAR,INC,M,0.89,INC,PATLOLLA KISHTA REDDY,15.51,6.57,24.34,TRS
Telangana,2,2018,12,36,ANDOLE,89.29,52.61,SC,221894,8,1,Male,TRS,104229,KRANTHI KIRAN CHANTI,8.31,C.DAMODAR RAJANARSIMHA,INC,M,0.76,TRS,BABUMOHANPALLY,4.43,9.58,6.49,
Telangana,2,2018,12,37,NARSAPUR,90.75,57.54,General,202349,7,1,Male,TRS,105665,CHILUMULA MADAN REDDY,20.87,VAKITI SUNITHA,INC,F,0.91,TRS,CHILUMULA MADAN REDDY,8.54,4.68,12.76,
Telangana,2,2018,12,38,ZAHIRABAD,81.37,51.14,SC,232134,14,1,Male,TRS,96598,KONINTY MANIK RAO,18.25,DR. JETTY GEETA,INC,F,1,INC,DR. JETTY GEETA,16.46,10.37,17.74,TRS
Telangana,2,2018,12,39,SANGAREDDY,82.84,45.77,General,201962,14,1,Male,INC,76572,TURUPU JAYAPRAKASH REDDY,1.55,CHINTA PRABHAKAR,TRS,M,0.84,TRS,CHINTA PRABHAKAR,-6.86,8.87,-17.2,INC
Telangana,2,2018,12,40,PATANCHERU,75.98,54.41,General,281737,16,1,Male,TRS,116474,GUDEM MAHIPAL REDDY,17.61,KATA SRINIVAS GOUD,INC,M,0.69,TRS,GUDEM MAIPAL REDDY,17.35,7.96,8.15,
Telangana,2,2018,12,41,DUBBAK,86.24,54.36,General,190482,18,1,Male,TRS,89299,SOLIPETA RAMALINGA REDDY,38.04,MADDULA NAGESHWAR REDDY,INC,M,0.54,TRS,SOLIPTETA RAMA LINGA REDDY,0.99,3.6,13.43,
Telangana,2,2018,12,42,GAJWEL,88.99,60.45,General,233205,13,1,Male,TRS,125444,KALVAKUNTLA CHANDRASHEKAR RAO,28.09,VANTERU PRATAP REDDY,INC,M,0.78,TRS,KALVAKUNTLA CHANDRASHEKAR RAO,16.39,4.77,18.23,
Telangana,2,2018,12,43,MEDCHAL,60.73,54.98,General,501180,15,1,Male,TRS,167324,CH. MALLA REDDY,28.91,KICCHANNAGARI LAXMA REDDY,INC,M,1.12,TRS,MALIPEDHI SUDHEER REDDY,11.57,-0.14,12.4,
Telangana,2,2018,12,44,MALKAJGIRI,53.22,54.49,General,393679,42,1,Male,TRS,114149,HANUMANTH RAO MYNAMPALLY,35.18,RAMCHANDER RAO NARAPARAJU,BJP,M,1.62,TRS,C. KANAKA REDDY,21.07,1.57,33.98,
Telangana,2,2018,12,45,QUTHBULLAPUR,56.06,53.39,General,516180,20,1,Male,TRS,154500,K.P VIVEKANAND,14.34,KUNA SRISAILAM GOUD,INC,M,1.03,TDP,K.P. VIVEKANAND,14.01,7.76,0.9,TRS
Telangana,2,2018,12,46,KUKATPALLE,57.82,51.78,General,372819,20,1,Male,TRS,111612,MADHAVARAM KRISHNA RAO,19.04,NANDAMURI VENKATA SUHASINI,TDP,F,0.99,TDP,MADHAVARAM KRISHNA RAO,8.78,8.34,0.44,TRS
Telangana,2,2018,12,47,UPPAL,51.66,51.53,General,441145,35,1,Male,TRS,117442,BETHI SUBHAS REDDY,21.14,TULLA VEERENDER GOUD,TDP,M,1.19,BJP,NVSS PRABHAKAR,15.06,1.97,14.87,TRS
Telangana,2,2018,12,48,IBRAHIMPATNAM,76.39,36.87,General,257681,20,1,Male,TRS,72581,MANCHIREDDY KISHAN REDDY,0.19,MALREDDY RANGA REDDY,BSP,M,0.58,TDP,MANCHIREDDY KISHAN REDDY,10.2,-2.37,-5.9,TRS
Telangana,2,2018,12,49,LAL BAHADUR NAGAR,49.48,46.65,General,493802,35,1,Male,INC,113980,DEVI REDDY SUDHEER REDDY,7.3,MUDDA GOWNI RAM MOHAN GOUD,TRS,M,1.26,TDP,RYAGA KRISHNAIAH,13.04,2.12,2.31,INC
Telangana,2,2018,12,50,MAHESWARAM,55.35,40.76,General,423211,17,1,Female,INC,95481,PATLOLLA SABITHA INDRA REDDY,3.94,TEEGALA KRISHNA REDDY,TRS,M,0.93,TDP,TEEGALA KRISHNA REDDY,-2.1,1.43,-10.2,INC
Telangana,2,2018,12,51,RAJENDRANAGAR,56.92,43.42,General,440867,26,1,Male,TRS,108964,TOLKANTI PRAKASH GOUD,23.26,GANESH RENUKUNTLA,TDP,M,0.69,TDP,T.PRAKASH GOUD,9.51,-2.35,11.99,TRS
Telangana,2,2018,12,52,SERILINGAMPALLY,48.62,51.22,General,575541,29,1,Male,TRS,143307,AREKAPUDI GANDHI,15.83,V.ANANDA PRASAD,TDP,M,1.3,TDP,AREKAPUDI GANDHI,5.35,0.77,-11.12,TRS
Telangana,2,2018,12,53,CHEVELLA,79.05,55.96,SC,224170,9,1,Male,TRS,99168,KALE YADAIAH,18.93,K.S RATNAM,INC,M,0.83,INC,KALE YADAIAH,16.48,0.04,18.45,TRS
Telangana,2,2018,12,54,PARGI,76.48,47.6,General,229283,12,1,Male,TRS,83467,K.MAHESH REDDY,9.03,T. RAM MOHAN REDDY,INC,M,0.79,INC,TAMMANNAGARI RAM MOHAN REDDY,2.26,5.6,5.59,TRS
Telangana,2,2018,12,55,VICARABAD,73.34,39.47,SC,207168,12,1,Male,TRS,59971,DR. ANAND METHUKU,2.04,GADDAM PRASAD KUMAR,INC,M,0.99,TRS,B.SANJEEVA RAO,-7.37,2.96,-5.26,
Telangana,2,2018,12,56,TANDUR,77.49,45.02,General,201888,12,1,Male,INC,70428,ROHITH REDDY,1.84,PATNAM MAHENDER REDDY,TRS,M,0.5,TRS,P. MAHENDER REDDY,-0.95,7.03,-10.22,INC
Telangana,2,2018,12,57,MUSHEERABAD,52.82,50.42,General,274073,26,1,Male,TRS,72997,MUTA GOPAL,25.5,ANIL KUMAR YADAV M,INC,M,1.15,BJP,DR.K LAXMAN,7.2,-2.01,7.35,TRS
Telangana,2,2018,12,58,MALAKPET,42.39,42.86,General,293285,20,1,Male,AIMIM,53281,AHMED BIN ABDULLAH BALALA,18.91,MOHAMMED MUZAFFAR ALI KHAN,TDP,M,0.74,AIMIM,AHMED BIN ABDULLAH BALALA,-4.38,-5.31,0.28,
Telangana,2,2018,12,59,AMBERPET,55.66,45.79,General,241524,31,1,Male,TRS,61558,KALERU VENKATESHAM,0.76,G.KISHAN REDDY,BJP,M,1.09,BJP,G.KISHAN REDDY,-9.91,0.5,-42.06,TRS
Telangana,2,2018,12,60,KHAIRATABAD,53.74,44.56,General,263340,32,1,Male,TRS,63068,DANAM NAGENDER,20.07,CHINTALA RAMA CHANDRA REDDY,BJP,M,0.97,BJP,CHINTALA RAMA CHANDRA REDDY,7.65,0.2,5.58,TRS
Telangana,2,2018,12,61,JUBILEE HILLS,45.59,44.3,General,341522,18,1,Male,TRS,68979,MAGANTI GOPINATH,10.28,P.VISHNUVARDHAN REDDY,INC,M,0.99,TDP,MAGANTI GOPINATH,13.52,-4.59,4.69,TRS
Telangana,2,2018,12,62,SANATHNAGAR,52.29,55.52,General,228941,15,1,Male,TRS,66464,TALASANI SRINIVAS YADAV,25.6,KUNA VENKATESH GOUD,TDP,M,1.22,TDP,TALASANI SRINIVAS YADAV,10.25,-0.58,3.59,TRS
Telangana,2,2018,12,63,NAMPALLY,45.47,41.99,General,303467,19,1,Male,AIMIM,57940,JAFFAR HUSSAIN,7.01,MOHAMMED FEROZ KHAN,INC,M,0.57,AIMIM,JAFFAR HUSSAIN,-5.49,-2.77,-6.11,
Telangana,2,2018,12,64,KARWAN,52.69,52.88,General,314355,18,1,Male,AIMIM,87586,KAUSAR MOHIUDDIN,30.29,AMAR SINGH,BJP,M,0.57,AIMIM,KAUSAR MOINUDDIN,-1.07,-2.91,6.7,
Telangana,2,2018,12,65,GOSHAMAHAL,58.72,45.18,General,233155,25,1,Male,BJP,61854,T. RAJA SINGH,12.95,PREM SINGH RATHORE,TRS,M,0.52,BJP,T. RAJA SINGH,-13.33,3.35,-16.57,
Telangana,2,2018,12,66,CHARMINAR,50.32,53.36,General,200414,16,1,Male,AIMIM,53808,MUMTAZ AHMED KHAN,32.31,T UMA MAHENDRA,BJP,M,0.61,AIMIM,SYED AHMED PASHA QUADRI,-3.75,-5.88,-0.91,
Telangana,2,2018,12,67,CHANDRAYANGUTTA,47.8,67.96,General,293495,15,1,Male,AIMIM,95339,AKBARUDDIN OWAISI,57.21,SHAHEJADI SAYYAD,BJP,F,0.72,AIMIM,AKBARUDDIN OWAISI,8.77,-3.78,13.57,
Telangana,2,2018,12,68,YAKUTPURA,42.55,49.07,General,333338,21,1,Male,AIMIM,69595,SYED AHMED PASHA QUADRI,33.12,SAMA SUNDER REDDY,TRS,M,0.56,AIMIM,MUMTAZ AHMED KHAN,3.23,-8.82,9.51,
Telangana,2,2018,12,69,BAHADURPURA,50.39,74.26,General,259207,9,1,Male,AIMIM,96993,MOHD. MOAZAM KHAN,63.18,MIR INAYATH ALI BAQRI,TRS,M,0.93,AIMIM,MOHD. MOAZAM KHAN,-4.2,-5.46,-6.6,
Telangana,2,2018,12,70,SECUNDERABAD,55.56,60.18,General,237178,29,1,Male,TRS,79309,T.PADMA RAO,34.5,KASANI GNANESHWAR MUDHIRAJ,INC,M,1.2,TRS,T. PADMA RAO,17.78,-1.44,15.48,
Telangana,2,2018,12,71,SECUNDERABAD CANTT.,49.1,55.9,SC,239728,19,1,Male,TRS,65797,G. SAYANNA,31.91,SATYANARAYANA SARVEY,INC,M,1.33,TDP,G .SAYANNA,20.4,-1.48,29.31,TRS
Telangana,2,2018,12,72,KODANGAL,82.03,48.78,General,201836,14,1,Male,TRS,80754,PATNAM NARENDER REDDY,5.63,ANUMULA REVANTH REDDY,INC,M,0.89,TDP,ANUMULA REVANTH REDDY,9.72,12.06,-4.94,TRS
Telangana,2,2018,12,73,NARAYANPET,79.71,42.51,General,202937,10,1,Male,TRS,68767,S.RAJENDER REDDY,9.39,K.SHIVAKUMAR REDDY,BJLP,M,1.2,TDP,S.RAJENDER REDDY,13.14,11.1,7.73,TRS
Telangana,2,2018,12,74,MAHBUBNAGAR,75.01,54.16,General,212851,14,1,Male,TRS,86474,V. SRINIVAS GOUD,36.19,M. CHANDRA SHEKAR,TDP,M,0.89,TRS,SRINIVAS GOUD. V,23.49,7.62,34.07,
Telangana,2,2018,12,75,JADCHERLA,82.4,58.95,General,194768,15,1,Male,TRS,94598,CHARLAKOLA LAXMA REDDY,28.09,DR. MALLU RAVI,INC,M,0.7,TRS,CHARLAKOLA LAXMA REDDY,10.68,5.8,18.02,
Telangana,2,2018,12,76,DEVARKADRA,85.16,55.12,General,204792,13,1,Male,TRS,96130,ALLA VENKATESWAR REDDY,20.21,PAVAN KUMAR,INC,M,1.54,TRS,ALLA VENKATESHWAR REDDY,10.89,13.18,8.93,
Telangana,2,2018,12,77,MAKTHAL,78.04,47.7,General,211358,10,1,Male,TRS,78686,CHITTEM RAMMOHAN REDDY,29.29,JALANDER REDDY,IND,M,1.28,INC,CHITTEM RAM MOHAN REDDY,11.25,10.45,22.21,TRS
Telangana,2,2018,12,78,WANAPARTHY,81.45,60.31,General,227917,11,1,Male,TRS,111956,SINGIREDDY NIRANJAN REDDY,27.84,CHINNA REDDY GILLELA,INC,M,1.08,INC,DR.G.CHINNA REDDY,24.93,10.41,25.29,TRS
Telangana,2,2018,12,79,GADWAL,84.37,52.52,General,226613,14,1,Male,TRS,100415,BANDLA KRISHNA MOHAN REDDY,14.78,ARUNA D.K,INC,F,0.69,INC,ARUNA D. K,3.98,3.67,9.97,TRS
Telangana,2,2018,12,80,ALAMPUR,82.71,56.83,SC,217255,14,1,Male,TRS,102105,ABRAHAM V.M.,24.87,S.A.SAMPATH KUMAR,INC,M,1.94,INC,S.A.SAMPATH KUMAR,20.57,7.35,20.62,TRS
Telangana,2,2018,12,81,NAGARKURNOOL,83.28,60.8,General,202436,15,1,Male,TRS,102493,MARRI JANARDHAN REDDY,32.24,DR. JANARDHAN REDDY NAGAM,INC,M,0.55,TRS,MARRI JANARDHAN REDDY,19.46,9.43,22.69,
Telangana,2,2018,12,82,ACHAMPET,82.34,49.97,SC,214039,10,1,Male,TRS,88073,GUVVALA BALARAJU,5.17,CHIKKUDU VAMSHIKRISHNA,INC,M,1.37,TRS,GUVVALA BALARAJU,7.29,10.75,-2.89,
Telangana,2,2018,12,83,KALWAKURTHY,87.27,35.35,General,203880,15,1,Male,TRS,62892,GURKA JAIPAL YADAV,1.94,ACHARY TALLOJU,BJP,M,0.76,INC,CHALLA VAMSHICHAND REDDY,8.91,6.25,1.89,TRS
Telangana,2,2018,12,84,SHADNAGAR,88.08,43.43,General,189055,12,1,Male,TRS,72315,ANJAIAH YELGANAMONI,12.27,CHOWLAPALLY PRATAP REDDY,INC,M,1.15,TRS,ANJAIAH YELGANAMONI,-1.94,7.82,1.09,
Telangana,2,2018,12,85,KOLLAPUR,83.22,46.36,General,208939,11,1,Male,INC,80611,BEERAM HARSHAVARDHAN REDDY,7.21,JUPALLY KRISHNA RAO,TRS,M,0.68,TRS,JUPALLY KRISHNA RAO,-0.5,8.7,0.45,INC
Telangana,2,2018,12,86,DEVARAKONDA,86.27,51.97,ST,215131,10,1,Male,TRS,96454,RAMAVATH RAVINDRA KUMAR,20.93,BALU NAIK NENAVATH,INC,M,0.91,CPI,RAVINDRA KUMAR RAMAVATH,16.33,9.81,18.33,TRS
Telangana,2,2018,12,87,NAGARJUNA SAGAR,86.72,46.34,General,208154,14,1,Male,TRS,83655,NOMULA NARSIMHAIAH,4.3,JANA REDDY KUNDURU,INC,M,0.73,INC,JANA REDDY KUNDURU,3.62,6.71,-5.8,TRS
Telangana,2,2018,12,88,MIRYALAGUDA,85.37,46.88,General,209723,29,1,Male,TRS,83931,NALLAMOTHU BHASKAR RAO,17.12,R. KRISHNAIAH,INC,M,0.69,INC,BHASKAR RAO NALLAMOTHU,9.31,5.65,13.46,TRS
Telangana,2,2018,12,89,HUZURNAGAR,86.97,47.82,General,223607,16,1,Male,INC,92996,UTTAM KUMAR REDDY NALAMADA,3.84,SANAMPUDI SAIDIREDDY,TRS,M,0.83,INC,UTTAM KUMAR REDDY NALAMADA,8.88,5.46,-9.49,
Telangana,2,2018,12,90,KODAD,89.48,45.96,General,216692,15,1,Male,TRS,89115,BOLLAM MALLAIAH YADAV,0.39,PADMAVATHI REDDY NALAMADA,INC,F,0.64,INC,PADMAVATHI REDDY NALAMADA,0.76,4.46,-6.99,TRS
Telangana,2,2018,12,91,SURYAPET,87.11,37.34,General,211028,25,1,Male,TRS,68650,GUNTAKANDLA JAGADISH REDDY,3.25,DAMODAR REDDY RAM REDDY,INC,M,0.45,TRS,GUNTAKANDLA JAGADISH REDDY,12.12,7.21,1.97,
Telangana,2,2018,12,92,NALGONDA,85.62,53.22,General,216803,17,1,Male,TRS,98792,KANCHARLA BHUPAL REDDY,12.77,KOMATI REDDY VENKAT REDDY,INC,M,0.69,INC,KOMATIREDDY VENKAT REDDY,16.65,10.73,6.42,TRS
Telangana,2,2018,12,93,MUNUGODE,91.31,48.9,General,217760,15,1,Male,INC,97239,KOMATIREDDY RAJGOPAL REDDY,11.34,KOOSUKUNTLA PRABHAKAR REDDY,TRS,M,1.55,TRS,KOOSUKUNTLA PRABHAKAR REDDY,10.77,9.17,-10.81,INC
Telangana,2,2018,12,94,BHONGIR,90.79,49.34,General,190812,15,1,Male,TRS,85476,PAILLA SHEKAR REDDY,13.89,ANIL KUMAR REDDY KUMBAM,INC,M,0.78,TRS,PAILLA SHEKAR REDDY,14.98,5.51,4.2,
Telangana,2,2018,12,95,NAKREKAL,88.98,46.33,SC,227271,15,1,Male,INC,93699,CHIRUMARTHI LINGAIAH,4.08,VEMULA VEERESHAM,TRS,M,0.66,TRS,VEMULA VEERESHAM,11.59,9.26,2.76,INC
Telangana,2,2018,12,96,THUNGATHURTHI,86.37,45.47,SC,231369,17,1,Male,TRS,90857,GADARI KISHORE KUMAR,0.92,ADDANKI DAYAKAR,INC,M,0.7,TRS,GADARI KISHORE KUMAR,8.58,8.32,-0.44,
Telangana,2,2018,12,97,ALAIR,91.5,49.55,General,209266,14,1,Female,TRS,94870,GONGIDI SUNEETHA,17.28,BUDIDA BIKSHAMAIAH,INC,M,0.77,TRS,GONGIDI SUNITHA,-3.15,5.77,-0.8,
Telangana,2,2018,12,98,JANGOAN,86.22,50.47,General,210461,15,1,Male,TRS,91592,MUTHIREDDY YADAGIRI REDDY,16.29,LAKSHMAIAH PONNALA,INC,M,1.44,TRS,MUTHIREDDY YADAGIRI REDDY,1.67,5.69,-2.69,
Telangana,2,2018,12,99,GHANPUR,88.18,49.57,SC,225615,8,1,Male,TRS,98612,DR. THATIKONDA RAJAIAH,17.99,INDIRA SINGAPURAM,INC,F,1.78,TRS,THATIKONDA RAJAIAH,-8.26,7.65,-14.83,
Telangana,2,2018,12,100,PALAKURTHI,89.04,59.19,General,222944,18,1,Male,TRS,117504,ERRABELLI DAYAKAR RAO,26.72,JANGA RAGAVA REDDY,INC,M,0.54,TDP,DAYAKER RAO ERRABELLI,26.2,3.84,24.26,TRS
Telangana,2,2018,12,101,DORNAKAL,89,50.73,ST,195593,11,1,Male,TRS,88307,DHARAM SOTH REDYA NAIK,9.98,JATOTH RAM CHANDRU NAIK,INC,M,1.17,INC,D.S. REDYA NAIK,-0.38,2.94,-4.31,TRS
Telangana,2,2018,12,102,MAHABUBABAD,85.38,46.18,ST,216605,11,1,Male,TRS,85397,BANOTH SHANKAR NAIK,7.32,BALARAM NAIK PORIKA,INC,M,1.77,TRS,BANOTH SHANKAR NAYAK,1.4,4.61,2,
Telangana,2,2018,12,103,NARSAMPET,90.15,49.8,General,209663,11,1,Male,TRS,94135,PEDDI SUDARSHAN REDDY,8.97,DONTHI MADHAVA REDDY,INC,M,1.29,IND,DONTHI MADHAVA REDDY,7.81,1.95,-1.16,TRS
Telangana,2,2018,12,104,PARKAL,89.55,59.64,General,198297,15,1,Male,TRS,105903,CHALLA. DHARMA REDDY,26.2,KONDA SURAKHA,INC,F,1.16,TDP,CHALLA DHARMA REDDY,18.58,4.66,20.65,TRS
Telangana,2,2018,12,105,WARANGAL WEST,59.23,56.78,General,240880,21,1,Male,TRS,81006,DASYAM VINAY BHASKER,25.55,REVURI PRAKASH REDDY,TDP,M,2.16,TRS,DASYAM VINAY BHASKER,-2.53,1.68,-14.45,
Telangana,2,2018,12,106,WARANGAL EAST,73.47,53.94,General,211755,21,1,Male,TRS,83922,NARENDAR NANNAPUNENI,18.5,RAVI CHANDRA VADDIRAJU,INC,M,1.75,TRS,KONDA SUREKHA,-5.88,1.31,-18.67,
Telangana,2,2018,12,107,WARADHANAPET,83.97,69.35,SC,225401,15,1,Male,TRS,131252,AROORI RAMESH,52.43,DEVAIAH PAGIDIPATI,TJS,M,3.1,TRS,AROORI RAMESH,3.2,6.04,3.6,
Telangana,2,2018,12,108,BHUPALPALLE,82.36,33.5,General,253436,14,1,Male,INC,69918,GANDRA VENKATA RAMANA REDDY,7.49,GANDRA SATHYANARAYANA RAO(SATHANNA),AIFB,M,0.67,TRS,MADHUSUDANA CHARY SIRIKONDA,-0.84,2.63,3.69,INC
Telangana,2,2018,12,109,MULUG,82.8,52.71,ST,203838,12,1,Female,INC,88971,ANASUYA DANSARI,13.43,AZMEERA CHANDULAL,TRS,M,1.92,TRS,AZMEERA CHANDULAL,14.55,4.99,2.7,INC
Telangana,2,2018,12,110,PINAPAKA,82.03,50.13,ST,175769,16,1,Male,INC,72283,KANTHA RAO REGA,13.57,PAYAM VENKATESWARLU,TRS,M,0.6,YSRCP,PAYAM VENKATESWARLU,18.6,3.52,3.13,INC
Telangana,2,2018,12,111,YELLANDU,83.57,42.95,ST,196798,16,1,Female,INC,70644,HARIPRIYA BANOTH,1.76,KANAKAIAH KORAM,TRS,M,1.16,INC,KORAM KANAKAIAH,13.13,3.76,-5.87,
Telangana,2,2018,12,112,KHAMMAM,75.35,49.78,General,273966,13,1,Male,TRS,102760,AJAY KUMAR PUVVADA,5.32,NAMA NAGESWARA RAO,TDP,M,1.7,INC,AJAY KUMAR PUVVADA,11.87,4.96,2.26,TRS
Telangana,2,2018,12,113,PALAIR,92.15,46.53,General,208544,14,1,Male,INC,89407,KANDALA UPENDER REDDY,3.99,TUMMALA NAGESWAR RAO,TRS,M,0.66,INC,RAMIREDDY VENKATAREDDY,7.25,1.83,-8.33,
Telangana,2,2018,12,114,MADHIRA,92.03,43.11,SC,203132,11,1,Male,INC,80598,BHATTI VIKRAMARKA MALLU,1.91,KAMAL RAJU LINGALA,TRS,M,0.54,INC,BHATTI VIKRAMARKA MALLU,6.3,2.19,-5.06,
Telangana,2,2018,12,115,WYRA,89.27,33.36,ST,176820,13,1,Male,IND,52650,LAVUDYA RAMULU,1.28,BANOTH MADAN LAL,TRS,M,1.5,YSRCP,BANOTH MADAN LAL,-6.99,1.82,-5.92,IND
Telangana,2,2018,12,116,SATHUPALLE,89.03,50.46,SC,222705,11,1,Male,TDP,100044,SANDRA VENKATA VEERAIAH,9.58,PIDAMARTHI RAVI,TRS,M,0.84,TDP,SANDRA VENKATA VEERAIAH,10.78,3.22,8.27,
Telangana,2,2018,12,117,KOTHAGUDEM,81.79,46.78,General,212040,17,1,Male,INC,81118,VANAMA VENKATESWARA RAO,2.39,JALAGAM VENKAT RAO,TRS,M,0.64,TRS,VENKAT RAO JALAGAM,16.11,8.47,-7.61,INC
Telangana,2,2018,12,118,ASWARAOPETA,88.08,48.21,ST,143960,12,1,Male,TDP,61124,MECHA NAGESWARA RAO,10.34,THATI VENKATESWARLU S/O KATTAPPA THATI,TRS,M,1.62,YSRCP,THATI VENKATESWARLU,13.72,2.32,9.69,TDP
Telangana,2,2018,12,119,BHADRACHALAM,80.43,43.23,ST,137319,10,1,Male,INC,47746,PODEM VEERAIAH,10.67,TELLAM VENKATA RAO,TRS,M,1.91,CPM,SUNNAM RAJAIAH,8.45,3.83,9.58,INC
Telangana,1,2014,5,1,SIRPUR,79.22,32.41,General,190962,11,1,Male,BSP,49033,KONERU KONAPPA,5.84,KAVETI SAMMAIAH,TRS,M,1.16,,,-67.59,-20.78,-94.16,
Telangana,1,2014,5,2,CHENNUR,73.09,50.79,SC,174748,15,1,Male,TRS,64867,NALLALA ODELU,20.49,GADDAM VINOD,INC,M,1.27,,,-49.21,-26.91,-79.51,
Telangana,1,2014,5,3,BELLAMPALLE,74.2,61.76,SC,160990,21,1,Male,TRS,73779,DURGAM CHINNAIAH,43.97,GUNDA MALLESH,CPI,M,0.65,,,-38.24,-25.8,-56.03,
Telangana,1,2014,5,4,MANCHERIAL,64.76,61.62,General,238486,13,1,Male,TRS,95171,DIWAKAR RAO NADIPELLI,38.36,GADDAM ARAVINDA REDDY,INC,M,0.96,,,-38.38,-35.24,-61.64,
Telangana,1,2014,5,5,ASIFABAD,76.97,40.35,ST,190257,8,1,Female,TRS,59094,KOVA LAXMI,13.01,ATRAM SAKKU,INC,M,1.93,,,-59.65,-23.03,-86.99,
Telangana,1,2014,5,6,KHANAPUR,73.29,49.33,ST,186545,6,1,Female,TRS,67442,AJMEERA REKHA,28.17,RATHOD RITESH,TDP,M,1.78,,,-50.67,-26.71,-71.83,
Telangana,1,2014,5,7,ADILABAD,64.26,40.92,General,223262,15,1,Male,TRS,58705,JOGU RAMANNA,10.25,PAYAL SHANKER,BJP,M,0.6,,,-59.08,-35.74,-89.75,
Telangana,1,2014,5,8,BOATH,78.6,45.39,ST,176205,5,1,Male,TRS,62870,RATHOD BAPURAO,19.49,JADHAV ANIL KUMAR,INC,M,1.62,,,-54.61,-21.4,-80.51,
Telangana,1,2014,5,9,NIRMAL,76.85,38,General,210177,7,1,Male,BSP,61368,ALLOLLA INDRA KARAN REDDY,5.26,KUCHADI SRIHARIRAO,TRS,M,0.85,,,-62,-23.15,-94.74,
Telangana,1,2014,5,10,MUDHOLE,77.98,38.88,General,208874,6,1,Male,INC,63322,GADDIGARI VITTAL REDDY,9.11,DR. PADAKANTI RAMADEVI,BJP,F,1.1,,,-61.12,-22.02,-90.89,
Telangana,1,2014,5,11,ARMUR,74.3,49.74,General,182821,8,1,Male,TRS,67555,ASHANNAGARI JEEVAN REDDY,10.28,K.R.SURESH REDDY,INC,M,1.06,,,-50.26,-25.7,-89.72,
Telangana,1,2014,5,12,BODHAN,75.95,44.02,General,201666,11,1,Male,TRS,67427,SHAKIL,10.37,SUDARSHAN REDDY PODDUTURI,INC,M,0.91,,,-55.98,-24.05,-89.63,
Telangana,1,2014,5,13,JUKKAL,76.86,51.63,SC,183699,11,1,Male,TRS,72901,HANMANTH SHINDE,25.15,GANGARAM S,INC,M,1.01,,,-48.37,-23.14,-74.85,
Telangana,1,2014,5,14,BANSWADA,76.97,47.68,General,179477,9,1,Male,TRS,65868,SRINIVAS REDDY PARIGE,17.32,BALARAJU KASULA,INC,M,0.95,,,-52.32,-23.03,-82.68,
Telangana,1,2014,5,15,YELLAREDDY,79.32,44.78,General,199213,7,1,Male,TRS,70760,EANUGU RAVINDER REDDY,15.19,JAJALA SURENDER,INC,M,1.4,,,-55.22,-20.68,-84.81,
Telangana,1,2014,5,16,KAMAREDDY,72.05,45.53,General,219345,10,1,Male,TRS,71961,GAMPA GOVARDHAN,5.49,MOHD ALI SHABBIR,INC,M,0.94,,,-54.47,-27.95,-94.51,
Telangana,1,2014,5,17,NIZAMABAD (Urban),52.67,31.15,General,256951,22,1,Male,TRS,42148,BIGALA GANESH,7.62,MIR MAJAZ ALI SHAIK,AIMIM,M,0.52,,,-68.85,-47.33,-92.38,
Telangana,1,2014,5,18,NIZAMABAD (Rural),72.51,46.52,General,231571,11,1,Male,TRS,78107,GOVERDHAN BAJI REDDY,15.81,DHARMAPURI SRINIVAAS,INC,M,1.19,,,-53.48,-27.49,-84.19,
Telangana,1,2014,5,19,BALKONDA,73.34,47.48,General,198545,12,1,Male,TRS,69145,VEMULA PRASHANTH REDDY,24.89,ANIL KUMAR ERAVATRI,INC,M,1.05,,,-52.52,-26.66,-75.11,
Telangana,1,2014,5,20,KORATLA,68.97,39.1,General,218368,12,1,Male,TRS,58890,KALVAKUNTLA VIDYA SAGAR RAO,13.67,JUVVADI NARSINGA RAO,IND,M,0.84,,,-60.9,-31.03,-86.33,
Telangana,1,2014,5,21,JAGTIAL,72.01,42.16,General,206271,11,1,Male,INC,62616,JEEVAN REDDY THATIPARTHI,5.27,DR. M.SANJAY KUMAR,TRS,M,0.69,,,-57.84,-27.99,-94.73,
Telangana,1,2014,5,22,DHARMAPURI,74.41,46.18,SC,197408,12,1,Male,TRS,67836,KOPPULA ESHWAR,12.72,ADLURI LAXMAN KUMAR,INC,M,1.06,,,-53.82,-25.59,-87.28,
Telangana,1,2014,5,23,RAMAGUNDAM,61.87,26,General,222478,27,1,Male,TRS,35789,SOMARAPU SATYANARAYANA,1.67,KORUKANTI CHANDER,AIFB,M,0.45,,,-74,-38.13,-98.33,
Telangana,1,2014,5,24,MANTHANI,80.96,49.38,General,210232,9,1,Male,TRS,84037,PUTTA MADHUKAR,11.38,DUDDILLA SRIDHAR BABU,INC,M,0.79,,,-50.62,-19.04,-88.62,
Telangana,1,2014,5,25,PEDDAPALLE,75.94,57.33,General,221013,13,1,Male,TRS,96220,MANOHAR REDDY DASARI,37.35,T. BHANU PRASAD RAO,INC,M,0.92,,,-42.67,-24.06,-62.65,
Telangana,1,2014,5,26,KARIMNAGAR,58.49,40.92,General,322595,12,1,Male,TRS,77209,GANGULA KAMALAKAR,13.12,BANDI SANJAY KUMAR,BJP,M,0.4,,,-59.08,-41.51,-86.88,
Telangana,1,2014,5,27,CHOPPADANDI,72.96,58.13,SC,204776,16,1,Female,TRS,86841,BODIGA SHOBHA,36.8,SUDDALA DEVAIAH,INC,M,0.66,,,-41.87,-27.04,-63.2,
Telangana,1,2014,5,28,VEMULAWADA,73.21,42.79,General,186476,10,1,Male,TRS,58414,RAMESH CHENNAMANENI,3.86,AADI SRINIVAS,BJP,M,1.12,,,-57.21,-26.79,-96.14,
Telangana,1,2014,5,29,SIRCILLA,73.62,58.36,General,214433,10,1,Male,TRS,92135,K.TARAKARAMA RAO (KTR),33.57,KONDURU RAVINDER RAO,INC,M,1.05,,,-41.64,-26.38,-66.43,
Telangana,1,2014,5,30,MANAKONDUR,80.28,54.2,SC,195380,14,1,Male,TRS,85010,RASAMAI BALAKISHAN,29.92,AREPALLI MOHAN,INC,M,0.7,,,-45.8,-19.72,-70.08,
Telangana,1,2014,5,31,HUZURABAD,77.32,58.76,General,209783,9,1,Male,TRS,95315,EATALA RAJENDER,35.16,KETHIRI SUDARSHAN REDDY,INC,M,0.89,,,-41.24,-22.68,-64.84,
Telangana,1,2014,5,32,HUSNABAD,80.73,55,General,217367,13,1,Male,TRS,96517,VODITHELA SATHISH KUMAR,19.53,ALIGIREDDY PRAVEEN REDDY,INC,M,0.83,,,-45,-19.27,-80.47,
Telangana,1,2014,5,33,SIDDIPET,74.63,71.96,General,202385,11,1,Male,TRS,108699,THANNEERU HARISH RAO,61.79,TADURI SRINIVAS GOUD,INC,M,1.1,,,-28.04,-25.37,-38.21,
Telangana,1,2014,5,34,MEDAK,77.7,56.64,General,203709,11,1,Female,TRS,89654,M.PADMA DEVENDER REDDY,25.02,VIJAYA SHANTHI. M,INC,F,1.01,,,-43.36,-22.3,-74.98,
Telangana,1,2014,5,35,NARAYANKHED,77.75,39.49,General,203052,8,1,Male,INC,62347,PATLOLLA KISHTA REDDY,9.34,MAHAREDDY BHUPAL REDDY,TRS,M,0.66,,,-60.51,-22.25,-90.66,
Telangana,1,2014,5,36,ANDOLE,79.71,48.18,SC,226779,5,1,Male,TRS,87087,BABUMOHANPALLY,1.82,C.DAMODAR RAJANARSIMHA,INC,M,0.81,,,-51.82,-20.29,-98.18,
Telangana,1,2014,5,37,NARSAPUR,86.07,49,General,203644,8,1,Male,TRS,85890,CHILUMULA MADAN REDDY,8.11,VAKITI SUNITHA,INC,F,0.7,,,-51,-13.93,-91.89,
Telangana,1,2014,5,38,ZAHIRABAD,71,34.68,SC,233789,11,1,Female,INC,57558,DR. JETTY GEETA,0.51,KONINTY MANIK RAO,TRS,M,0.72,,,-65.32,-29,-99.49,
Telangana,1,2014,5,39,SANGAREDDY,73.97,52.63,General,212858,13,1,Male,TRS,82860,CHINTA PRABHAKAR,18.75,JAYAPRAKASH REDDY .T,INC,M,0.63,,,-47.37,-26.03,-81.25,
Telangana,1,2014,5,40,PATANCHERU,68.02,37.06,General,293482,17,1,Male,TRS,73986,GUDEM MAIPAL REDDY,9.46,M SAPANADEV,TDP,M,0.58,,,-62.94,-31.98,-90.54,
Telangana,1,2014,5,41,DUBBAK,82.64,53.37,General,186452,11,1,Male,TRS,82231,SOLIPTETA RAMA LINGA REDDY,24.61,CHERUKU MUTHYAM REDDY,INC,M,0.99,,,-46.63,-17.36,-75.39,
Telangana,1,2014,5,42,GAJWEL,84.22,44.06,General,233636,10,1,Male,TRS,86694,KALVAKUNTLA CHANDRASHEKAR RAO,9.86,PRATAP REDDY VANTERU,TDP,M,0.81,,,-55.94,-15.78,-90.14,
Telangana,1,2014,5,43,MEDCHAL,60.87,43.41,General,432264,19,1,Male,TRS,114235,MALIPEDHI SUDHEER REDDY,16.51,THOTAKURA JANGAIAH YADAV,TDP,M,0.5,,,-56.59,-39.13,-83.49,
Telangana,1,2014,5,44,MALKAJGIRI,51.65,33.42,General,446875,23,1,Male,TRS,77132,C. KANAKA REDDY,1.2,RAM CHANDER RAO. N,BJP,M,0.85,,,-66.58,-48.35,-98.8,
Telangana,1,2014,5,45,QUTHBULLAPUR,48.3,39.38,General,601248,23,1,Male,TDP,114363,K.P. VIVEKANAND,13.44,K HANMANTH REDDY,TRS,M,0.48,,,-60.62,-51.7,-86.56,
Telangana,1,2014,5,46,KUKATPALLE,49.48,43,General,469352,29,1,Male,TDP,99874,MADHAVARAM KRISHNA RAO,18.6,G. PADMA RAO,TRS,M,0.72,,,-57,-50.52,-81.4,
Telangana,1,2014,5,47,UPPAL,49.69,36.47,General,454734,27,1,Male,BJP,82395,NVSS PRABHAKAR,6.27,BETHI SUBHAS REDDY,TRS,M,0.81,,,-63.53,-50.31,-93.73,
Telangana,1,2014,5,48,IBRAHIMPATNAM,78.76,26.67,General,230388,26,1,Male,TDP,48397,MANCHIREDDY KISHAN REDDY,6.09,MALREDDY RAMREDDY,IND,M,0.42,,,-73.33,-21.24,-93.91,
Telangana,1,2014,5,49,LAL BAHADUR NAGAR,47.36,33.61,General,529717,29,1,Male,TDP,84316,RYAGA KRISHNAIAH,4.99,MUDDAGOWNI RAM MOHAN GOUD,TRS,M,0.9,,,-66.39,-52.64,-95.01,
Telangana,1,2014,5,50,MAHESWARAM,53.92,42.86,General,403729,21,1,Male,TDP,93305,TEEGALA KRISHNA REDDY,14.14,MALREDDY RANGA REDDY,INC,M,0.64,,,-57.14,-46.08,-85.86,
Telangana,1,2014,5,51,RAJENDRANAGAR,59.27,33.91,General,387355,23,1,Male,TDP,77843,T.PRAKASH GOUD,11.27,GNANESHWAR,INC,M,0.58,,,-66.09,-40.73,-88.73,
Telangana,1,2014,5,52,SERILINGAMPALLY,47.85,45.87,General,591281,21,1,Male,TDP,129796,AREKAPUDI GANDHI,26.95,KOMARAGONI SHANKER GOUD,TRS,M,0.73,,,-54.13,-52.15,-73.05,
Telangana,1,2014,5,53,CHEVELLA,79.01,39.48,SC,205757,13,1,Male,INC,64182,KALE YADAIAH,0.48,KORANI SAYANNA RATNAM,TRS,M,0.76,,,-60.52,-20.99,-99.52,
Telangana,1,2014,5,54,PARGI,70.88,45.34,General,211875,9,1,Male,INC,68098,TAMMANNAGARI RAM MOHAN REDDY,3.44,KOPPULA HARISHWAR REDDY,TRS,M,0.87,,,-54.66,-29.12,-96.56,
Telangana,1,2014,5,55,VICARABAD,70.38,46.84,SC,195951,12,1,Male,TRS,64592,B.SANJEEVA RAO,7.3,G.PRASAD KUMAR,INC,M,0.76,,,-53.16,-29.62,-92.7,
Telangana,1,2014,5,56,TANDUR,70.46,45.97,General,189216,9,1,Male,TRS,61293,P. MAHENDER REDDY,12.06,MALKUD NARAYAN RAO,INC,M,1,,,-54.03,-29.54,-87.94,
Telangana,1,2014,5,57,MUSHEERABAD,54.83,43.22,General,275194,23,1,Male,BJP,65209,DR.K LAXMAN,18.15,MUTA GOPAL,TRS,M,0.73,,,-56.78,-45.17,-81.85,
Telangana,1,2014,5,58,MALAKPET,47.7,47.24,General,261710,15,1,Male,AIMIM,58976,AHMED BIN ABDULLAH BALALA,18.63,B. VENKAT REDDY,BJP,M,0.69,,,-52.76,-52.3,-81.37,
Telangana,1,2014,5,59,AMBERPET,55.16,55.7,General,265008,32,1,Male,BJP,81430,G.KISHAN REDDY,42.82,AEDLA SUDHAKAR REDDY,TRS,M,0.4,,,-44.3,-44.84,-57.18,
Telangana,1,2014,5,60,KHAIRATABAD,53.54,36.91,General,268683,30,1,Male,BJP,53102,CHINTALA RAMA CHANDRA REDDY,14.49,DANAM NAGENDER,INC,M,1.03,,,-63.09,-46.46,-85.51,
Telangana,1,2014,5,61,JUBILEE HILLS,50.18,30.78,General,329522,21,1,Male,TDP,50898,MAGANTI GOPINATH,5.59,NAVEEN YADAV V,AIMIM,M,0.63,,,-69.22,-49.82,-94.41,
Telangana,1,2014,5,62,SANATHNAGAR,52.87,45.27,General,235953,22,1,Male,TDP,56475,TALASANI SRINIVAS YADAV,22.01,DANDE VITHAL,TRS,M,0.83,,,-54.73,-47.13,-77.99,
Telangana,1,2014,5,63,NAMPALLY,48.24,47.48,General,279720,23,1,Male,AIMIM,64066,JAFFAR HUSSAIN,13.12,MOHAMMED FEROZ KHAN,TDP,M,0.63,,,-52.52,-51.76,-86.88,
Telangana,1,2014,5,64,KARWAN,55.6,53.95,General,287977,17,1,Male,AIMIM,86391,KAUSAR MOINUDDIN,23.59,BADDAM BAL REDDY,BJP,M,0.37,,,-46.05,-44.4,-76.41,
Telangana,1,2014,5,65,GOSHAMAHAL,55.37,58.51,General,286308,16,1,Male,BJP,92757,T. RAJA SINGH,29.52,M. MUKESH GOUD,INC,M,0.68,,,-41.49,-44.63,-70.48,
Telangana,1,2014,5,66,CHARMINAR,56.2,57.11,General,196120,14,1,Male,AIMIM,62941,SYED AHMED PASHA QUADRI,33.22,M A BASITH,TDP,M,0.87,,,-42.89,-43.8,-66.78,
Telangana,1,2014,5,67,CHANDRAYANGUTTA,51.58,59.19,General,263350,19,1,Male,AIMIM,80393,AKBARUDDIN OWAISI,43.64,DR. KHAYAM KHAN,MBT,M,0.37,,,-40.81,-48.42,-56.36,
Telangana,1,2014,5,68,YAKUTPURA,51.37,45.84,General,283860,14,1,Male,AIMIM,66843,MUMTAZ AHMED KHAN,23.61,CH ROOP RAJ,BJP,M,0.62,,,-54.16,-48.63,-76.39,
Telangana,1,2014,5,69,BAHADURPURA,55.85,78.46,General,243892,11,1,Male,AIMIM,106874,MOHD. MOAZAM KHAN,69.78,MD. ABDUL RAHMAN @ MAHMOOD,TDP,M,0.91,,,-21.54,-44.15,-30.22,
Telangana,1,2014,5,70,SECUNDERABAD,57,42.4,General,239661,31,1,Male,TRS,57920,T. PADMA RAO,19.02,KUNA VENKATESH GOUD,TDP,M,0.71,,,-57.6,-43,-80.98,
Telangana,1,2014,5,71,SECUNDERABAD CANTT.,50.58,35.5,SC,248893,10,1,Male,TDP,44693,G .SAYANNA,2.6,GAJJELA NAGESH,TRS,M,1.46,,,-64.5,-49.42,-97.4,
Telangana,1,2014,5,72,KODANGAL,69.97,39.06,General,197649,7,1,Male,TDP,54026,ANUMULA REVANTH REDDY,10.57,GURUNATH REDDY,TRS,M,0.82,,,-60.94,-30.03,-89.43,
Telangana,1,2014,5,73,NARAYANPET,68.61,29.37,General,199018,8,1,Male,TDP,40107,S.RAJENDER REDDY,1.66,K.SHIVAKUMAR REDDY,TRS,M,0.83,,,-70.63,-31.39,-98.34,
Telangana,1,2014,5,74,MAHBUBNAGAR,67.39,30.67,General,219880,13,1,Male,TRS,45447,SRINIVAS GOUD. V,2.12,YENNAM SRINIVAS REDDY,BJP,M,0.42,,,-69.33,-32.61,-97.88,
Telangana,1,2014,5,75,JADCHERLA,76.6,48.27,General,191077,7,1,Male,TRS,70654,CHARLAKOLA LAXMA REDDY,10.07,DR. MALLU RAVI,INC,M,1.05,,,-51.73,-23.4,-89.93,
Telangana,1,2014,5,76,DEVARKADRA,71.98,44.23,General,208413,7,1,Male,TRS,66354,ALLA VENKATESHWAR REDDY,11.28,PAVAN KUMAR,INC,M,0.81,,,-55.77,-28.02,-88.72,
Telangana,1,2014,5,77,MAKTHAL,67.59,36.45,General,209537,14,1,Male,INC,51632,CHITTEM RAM MOHAN REDDY,7.08,YELKOTI YELLA REDDY,TRS,M,0.51,,,-63.55,-32.41,-92.92,
Telangana,1,2014,5,78,WANAPARTHY,71.04,35.38,General,236908,12,1,Male,INC,59543,DR.G.CHINNA REDDY,2.55,SINGIREDDY NIRANJAN REDDY,TRS,M,0.51,,,-64.62,-28.96,-97.45,
Telangana,1,2014,5,79,GADWAL,80.7,48.54,General,212787,13,1,Female,INC,83355,ARUNA D. K,4.81,BANDLA KRISHNA MOHAN REDDY,TRS,M,0.5,,,-51.46,-19.3,-95.19,
Telangana,1,2014,5,80,ALAMPUR,75.36,36.26,SC,210104,11,1,Male,INC,57419,S.A.SAMPATH KUMAR,4.25,V.M.ABRAHAM,TDP,M,0.61,,,-63.74,-24.64,-95.75,
Telangana,1,2014,5,81,NAGARKURNOOL,73.85,41.34,General,204630,14,1,Male,TRS,62470,MARRI JANARDHAN REDDY,9.55,KUCHAKULLA DAMODAR REDDY,INC,M,0.38,,,-58.66,-26.15,-90.45,
Telangana,1,2014,5,82,ACHAMPET,71.59,42.68,SC,204850,7,1,Male,TRS,62584,GUVVALA BALARAJU,8.06,CHIKKUDU VAMSHIKRISHNA,INC,M,0.89,,,-57.32,-28.41,-91.94,
Telangana,1,2014,5,83,KALWAKURTHY,81.02,26.44,General,199714,10,1,Male,INC,42782,CHALLA VAMSHICHAND REDDY,0.05,ACHARY TALLOJU,BJP,M,0.7,,,-73.56,-18.98,-99.95,
Telangana,1,2014,5,84,SHADNAGAR,80.26,45.37,General,193094,14,1,Male,TRS,70315,ANJAIAH YELGANAMONI,11.18,CHOWLAPALLY PRATHAP REDDY,INC,M,0.55,,,-54.63,-19.74,-88.82,
Telangana,1,2014,5,85,KOLLAPUR,74.52,46.86,General,208312,12,1,Male,TRS,72741,JUPALLY KRISHNA RAO,6.76,BEERAM HARSHAVARDHAN REDDY,INC,M,0.49,,,-53.14,-25.48,-93.24,
Telangana,1,2014,5,86,DEVARAKONDA,76.46,35.64,ST,211791,10,1,Male,CPI,57717,RAVINDRA KUMAR RAMAVATH,2.6,BHEELYA NAIK KETHAVATH,TDP,M,0.72,,,-64.36,-23.54,-97.4,
Telangana,1,2014,5,87,NAGARJUNA SAGAR,80.01,42.72,General,203874,13,1,Male,INC,69684,JANA REDDY KUNDURU,10.1,NOMULA NARSIMAIAH,TRS,M,0.48,,,-57.28,-19.99,-89.9,
Telangana,1,2014,5,88,MIRYALAGUDA,79.72,37.57,General,207205,8,1,Male,INC,62059,BHASKAR RAO NALLAMOTHU,3.66,ALUGUBELLI AMARENDER REDDY,TRS,M,0.58,,,-62.43,-20.28,-96.34,
Telangana,1,2014,5,89,HUZURNAGAR,81.51,38.94,General,220141,9,1,Male,INC,69879,UTTAM KUMAR REDDY NALAMADA,13.33,KASOJU SHANKARAMMA,TRS,F,0.47,,,-61.06,-18.49,-86.67,
Telangana,1,2014,5,90,KODAD,85.02,45.2,General,213272,17,1,Female,INC,81966,PADMAVATHI REDDY NALAMADA,7.38,BOLLAM MALLAIAH YADAV,TDP,M,0.34,,,-54.8,-14.98,-92.62,
Telangana,1,2014,5,91,SURYAPET,79.9,25.22,General,216157,15,1,Male,TRS,43554,GUNTAKANDLA JAGADISH REDDY,1.28,SANKINENI VENKATESHWER RAO,IND,M,0.42,,,-74.78,-20.1,-98.72,
Telangana,1,2014,5,92,NALGONDA,74.89,36.57,General,221903,15,1,Male,INC,60774,KOMATIREDDY VENKAT REDDY,6.35,KANCHARLA BHUPAL REDDY,IND,M,0.3,,,-63.43,-25.11,-93.65,
Telangana,1,2014,5,93,MUNUGODE,82.14,38.13,General,209138,23,1,Male,TRS,65496,KOOSUKUNTLA PRABHAKAR REDDY,22.15,PALVAI SRAVANTHI,IND,F,0.32,,,-61.87,-17.86,-77.85,
Telangana,1,2014,5,94,BHONGIR,85.28,34.36,General,186645,10,1,Male,TRS,54686,PAILLA SHEKAR REDDY,9.69,JITTA BALA KRISHNA REDDY,YTP,M,0.6,,,-65.64,-14.72,-90.31,
Telangana,1,2014,5,95,NAKREKAL,79.72,34.74,SC,225475,11,1,Male,TRS,62445,VEMULA VEERESHAM,1.32,CHIRUMARTHY LINGAIAH,INC,M,0.78,,,-65.26,-20.28,-98.68,
Telangana,1,2014,5,96,THUNGATHURTHI,78.05,36.89,SC,223606,15,1,Male,TRS,64382,GADARI KISHORE KUMAR,1.36,ADDANKI DAYAKAR,INC,M,0.48,,,-63.11,-21.95,-98.64,
Telangana,1,2014,5,97,ALAIR,85.73,52.7,General,203038,15,1,Female,TRS,91737,GONGIDI SUNITHA,18.08,BUDIDA BIKSHAMAIAH,INC,M,0.45,,,-47.3,-14.27,-81.92,
Telangana,1,2014,5,98,JANGOAN,80.53,48.8,General,213950,19,1,Male,TRS,84074,MUTHIREDDY YADAGIRI REDDY,18.98,PONNALA LAKSHMAIAH,INC,M,0.5,,,-51.2,-19.47,-81.02,
Telangana,1,2014,5,99,GHANPUR,80.53,57.83,SC,222607,10,1,Male,TRS,103662,THATIKONDA RAJAIAH,32.82,DR.GUNDE VIJAYA RAMA RAO,INC,M,1.8,,,-42.17,-19.47,-67.18,
Telangana,1,2014,5,100,PALAKURTHI,85.2,32.99,General,205637,14,1,Male,TDP,57799,DAYAKER RAO ERRABELLI,2.46,DUGYALA SHRINIVAS RAO,INC,M,0.63,,,-67.01,-14.8,-97.54,
Telangana,1,2014,5,101,DORNAKAL,86.06,51.11,ST,191358,8,1,Male,INC,84170,D.S. REDYA NAIK,14.29,SATHYAVATHI RATHOD,TRS,F,0.66,,,-48.89,-13.94,-85.71,
Telangana,1,2014,5,102,MAHABUBABAD,80.77,44.78,ST,216685,12,1,Male,TRS,78370,BANOTH SHANKAR NAYAK,5.32,KAVITHA MALOTHU,INC,F,0.92,,,-55.22,-19.23,-94.68,
Telangana,1,2014,5,103,NARSAMPET,88.2,41.99,General,205605,12,1,Male,IND,76144,DONTHI MADHAVA REDDY,10.13,PEDDI SUDARSHAN REDDY,TRS,M,0.42,,,-58.01,-11.8,-89.87,
Telangana,1,2014,5,104,PARKAL,84.89,41.06,General,193450,14,1,Male,TDP,67432,CHALLA DHARMA REDDY,5.55,SAHODER REDDY MUDDASANI,TRS,M,0.56,,,-58.94,-15.11,-94.45,
Telangana,1,2014,5,105,WARANGAL WEST,57.55,59.31,General,244613,16,1,Male,TRS,83492,DASYAM VINAY BHASKER,40,SWARNA ERRABELLI,INC,F,1.21,,,-40.69,-42.45,-60,
Telangana,1,2014,5,106,WARANGAL EAST,72.16,59.82,General,205343,13,1,Female,TRS,88641,KONDA SUREKHA,37.17,BASWARAJU SARAIAH,INC,M,1.98,,,-40.18,-27.84,-62.83,
Telangana,1,2014,5,107,WARADHANAPET,77.93,66.15,SC,228325,12,1,Male,TRS,117708,AROORI RAMESH,48.83,KONDETI SHRIDHAR,INC,M,1.26,,,-33.85,-22.07,-51.17,
Telangana,1,2014,5,108,BHUPALPALLE,79.73,34.34,General,237803,12,1,Male,TRS,65113,MADHUSUDANA CHARY SIRIKONDA,3.8,GANDRA VENKATA RAMANA REDDY,INC,M,0.69,,,-65.66,-20.27,-96.2,
Telangana,1,2014,5,109,MULUG,77.81,38.16,ST,196430,11,1,Male,TRS,58325,AZMEERA CHANDULAL,10.73,PODEM VEERAIAH,INC,M,1.23,,,-61.84,-22.19,-89.27,
Telangana,1,2014,5,110,PINAPAKA,78.51,31.53,ST,171561,12,1,Male,YSRCP,42475,PAYAM VENKATESWARLU,10.44,DR.SHANKAR. N,TRS,M,1.1,,,-68.47,-21.49,-89.56,
Telangana,1,2014,5,111,YELLANDU,79.81,29.82,ST,188877,15,1,Male,INC,44945,KORAM KANAKAIAH,7.63,BANOTHU HARIPRIYA,TDP,F,0.78,,,-70.18,-20.19,-92.37,
Telangana,1,2014,5,112,KHAMMAM,70.39,37.91,General,264079,25,1,Male,INC,70465,AJAY KUMAR PUVVADA,3.06,THUMMALA NAGESWAR RAO,TDP,M,0.76,,,-62.09,-29.61,-96.94,
Telangana,1,2014,5,113,PALAIR,90.32,39.28,General,196479,15,1,Male,INC,69707,RAMIREDDY VENKATAREDDY,12.32,BABY SWARNA KUMARI MADDINENI,TDP,F,0.44,,,-60.72,-9.68,-87.68,
Telangana,1,2014,5,114,MADHIRA,89.84,36.81,SC,196961,16,1,Male,INC,65135,BHATTI VIKRAMARKA MALLU,6.97,KAMAL RAJU LINGALA,CPM,M,0.41,,,-63.19,-10.16,-93.03,
Telangana,1,2014,5,115,WYRA,87.45,40.35,ST,168112,10,1,Male,YSRCP,59318,BANOTH MADAN LAL,7.2,BANOTH BALAJI,TDP,M,0.62,,,-59.65,-12.55,-92.8,
Telangana,1,2014,5,116,SATHUPALLE,85.81,39.68,SC,221730,8,1,Male,TDP,75490,SANDRA VENKATA VEERAIAH,1.31,MATTA DAYANAND VIJAY KUMAR,YSRCP,M,0.48,,,-60.32,-14.19,-98.69,
Telangana,1,2014,5,117,KOTHAGUDEM,73.32,30.67,General,225403,12,1,Male,TRS,50688,VENKAT RAO JALAGAM,10,VANAMA VENKATESHWARA RAO,YSRCP,M,0.82,,,-69.33,-26.68,-90,
Telangana,1,2014,5,118,ASWARAOPETA,85.76,34.49,ST,167503,15,1,Male,YSRCP,49546,THATI VENKATESWARLU,0.65,MECHA NAGESWARA RAO,TDP,M,0.8,,,-65.51,-14.24,-99.35,
Telangana,1,2014,5,119,BHADRACHALAM,76.6,34.78,ST,216772,15,1,Male,CPM,57750,SUNNAM RAJAIAH,1.09,K.P.R.K. PHANEESWARAMMA,TDP,F,1.5,,,-65.22,-23.4,-98.91,
